单词,美音,definition,简明释义,精选短语
the,/ ðə; ði /,used to refer to something already mentioned,art. 这；那 adv. 更加（用于比较级，最高级前）,
be,/ biː; bi /,To exist; to be alive; used to give information about someone or something,aux. 被（用于被动语态）；正，正在（用于进行时） v. 是；有，存在 n. （Be）（缅）拜；（日）部（姓）,so be it: 诚心所愿；顺其自然 | let be: 听任；不干涉，不打扰
and,/ ænd; ənd /,used to refer to two or more things,conj. 和，与；就 n. （And）人名；（土、瑞典）安德,and so: 因此；所以 | and then: 于是，然后 | and so on: 等等；诸如此类
of,/ ʌv; əv /,belonging to or connected with something,prep. 属于；……的,of oneself: 自动地，自发地 | of all: 在所有…当中 | of itself: 自行
to,/ tuː; tə /,move towards; in the direction of,prep. 朝；位于…… adv. （门等）关上 n. （To）（汤霍特、丹）多（人名）,to and fro: 来回地
a,/ ə; eɪ /,one (of something),art. 一；任一,
in,/ ɪn /,being inside something,prep. 在……内；进……里 adv. 进入；在里头 adj. 在里面的；时髦的 n. 执政者；门路,in on: 参与，参加 | in between: 在中间 | in a big way: 大规模地，彻底地
have,/ hæv; həv /,"to own, possess, or hold something",v. 拥有；有（想法、主意、观点等） n. <非正式>有钱人（the haves）；<英，非正式>诈骗 其他 【名】 （Have）（德）哈弗，（芬）哈韦（人名）,have some: 有一些；吃一点吧 | have to be: 必定是，无疑是 | have to do: 不得不做某事
it,/ ɪt /,a thing that has been previously mentioned,pron. 它，这，那（指无生命的东西、动物、植物）；指已提到或将提及的事物、活动、经验、抽象观念等 n. （捉迷藏等儿童游戏中的）捉人者，找人者；意大利苦艾酒，味美思酒 abbr. （IT）信息技术（information technology）,as it were: 可以说是，似乎就是；好像
you,/ juː; jʊ /,person someone is speaking or writing to,pron. 你；你们 n. （You）人名；（柬）尤,as you were: ◎【军事】[用作操练口令]原地不动，还原，复原(指恢复原来的姿势)
he,/ hiː; hi /,object form of a male person you are talking about,pron. 他；（泛指的）人 n. 男性，男子；雄性动物 n. （He）（中、美、丹）赫（人名）,
for,/ fɔːr; fər /,"used to show the purpose, or need of something",prep. （表示对象、用途等）给，对；为了，以帮助 conj. 因为，由于 abbr. 外国（foreign）；林业（forestry） adv. 支持地,for all: 尽管；虽然 | as for: 关于，至于 | up for: 打算；在选举中被提名；在法庭受审；被关押
they,/ ðeɪ /,"used to refer to two or more people, animals, or things",pron. 他们；它们,
not,/ nɑːt /,"word indicating the negative of verbs, adjectives, etc.",adv. 表示否定，不 n. “非”（计算机中逻辑运算的一种）,so as not to: vt. 以便不（未到...的程度） | if not for: 要不是；若非 | not a thing: 没东西；什么都没有
that,/ ðæt /,used to show which person or thing we are talking about,det. 那，那个；那种 pron. 那，那个；那，那种 conj. ……可能是；由于 adv. 那样，那么；（非正式）很，非常 n. （That）（越）塔特（人名）,that there: [粗俗语]那…；那个… | that far: 那么远；到那里为止
we,/ wiː; wi /,used to refer to the speaker and other people together,pron. 我们（主格）；笔者，本人（作者或演讲人使用） n. （We）人名；（缅）韦,
on,/ ɑːn /,"located on the surface of something (e.g., a table or wall)",prep. 在……之上；向，朝 adv. 在上面；向前地 adj. 开着的；发生着的，正在进行中 n. （On）（中、菲）温（人名）,and so on: 等等；诸如此类 | just on: 将近，差不多 | on and off: 断断续续地，不时地
with,/ wɪð; wɪθ /,used to express that people or things are together,prep. 和……在一起；具有 n. （With）（美、印、俄）维特（人名）,with the: 与 | up with: 拿起，举起；拥护 | with all: 虽然有，即使
this,/ ðɪs /,"person, thing, or idea near you",pron. 这，这个；这样 adj. 这，这个（离说话人较近的） adv. 这样地，这么 det. 这（指前面曾提及或暗指的人或物）； 这（指当前所处的地方或时间） n. (This) （法、美、印、巴）蒂斯（人名）,
I,/ aɪ /,the person who is speaking or writing,pron. 我 n. 碘元素；字母I abbr. 不及物动词 (intransitive verb),
do,/ duː; də /,to act; to perform actions,v. 做，干，办（某事）；行动，表现 aux. 与动词连用构成否定句和疑问句；用于构成疑问尾句 n. 聚会，社交活动；要求，规定; C 大调音阶中的第一音 n. （Do）多（人名Dorothea和Dorothy的昵称）,do a: [口语]仿效，模仿，学…的样子 | do well: 做得好；进展好 | do so: 如此做
as,/ æz; əz /,a word used to compare two equal things,prep. 作为；以……身份 adv. （程度或数量上）同样，一样；例如，诸如 conj. 像……一样；（说明某事应完成的时间或发生的频率）,as well: 也；同样地；还不如 | as well as: 也；和…一样；不但…而且 | as one: 一致的
at,/ æt; ət /,in the place where something is,prep. 在（表示存在或出现的地点、场所、位置、空间）；在……岁时 n. 阿特（老挝货币基本单位att）；砹（极不稳定放射性元素） abbr. 密封的（airtight）；大气（atmosphere）,at all: （否定句）根本；究竟 | be in at: 在场，参与 | at it again: [口语]争吵；重复负面消极的行为(此语亦可含有与性行为有关的意思)
she,/ ʃiː; ʃi /,female person or animal mentioned before,pron. 她（主格）；它（用来指雌性动物或国家、船舶、地球、月亮等） n. 女人；雌性动物 n. （She）人名；（中）佘（普通话·威妥玛）,
but,/ bʌt; bət /,"used before you say something different, opposite",conj. 而，相反；（用于表示歉意）但是 prep. 除了，除……外 adv. 仅仅，只是 n. 借口，托词 其他 【名】 （But）（俄、罗）布特，（越）笔（人名）,but now: 刚刚 | but for: conj. 要不是；如果没有 | but what: 而不…；但是…
from,/ frʌm; frəm /,"starting at a particular place, time, or level",prep. 从……起；从……开始 n. （From）（美）弗罗姆（人名）,out from: 从…中迸出 | from then on: 从那时起 | go from: 从…处出发
by,/ baɪ /,near; with,prep. 由，被；通过，凭借…… adv. 经过,by oneself: 独自地，单独 | by and large: 大体上，总的来说 | by and by: 不久以后
will,/ wɪl /,used with verbs to express the future,v. 将，将要；请（请求某人做某事） n. 意志，决心，毅力；意愿，心愿,will be: 将；将来时；终归会来 | we will: 歌曲名 | there will be: 将有
or,/ ɔːr /,"used to link alternatives, to introduce another choice",conj. （用以引出另一种可能性）或，或者，还是；（用于否定动词后）也不 n. （电子）（逻辑电路的）或（OR）；（纹章）金色，黄色 abbr. 俄勒冈州（Oregon）；手术室（operating room） 其他 【名】 （Or）（中）柯，（柬）奥，（土、匈、土库、阿塞、瑞典）奥尔（人名）,
say,/ seɪ /,to use words to tell a message,vt. 说，讲；宣称，说明 n. 发言权，决定权 int. <美，非正式> （吃惊或吸引注意力）哎呀，喂 其他 【名】 （Say）（土）萨伊，（法、老、柬）赛，（英）塞伊，（匈、罗）绍伊（人名）,say to oneself: 心里想；自言自语 | that is to say: 就是；即；换言之 | they say: 据说；人们说
go,/ ɡoʊ /,to move or travel to another place,v. 去，走；（尤指与某人）去（某处或出席某项活动） n. （游戏或活动中）轮到的机会；尝试 adj. <非正式>运行正常的,going on: 进行，发生 | go home: 回家 | let go: 放开；释放；发射
so,/ soʊ /,for that reason,adv. 如此，这么；确是如此 conj. 所以；因此 pron. 这样 n. （So）人名；（柬）索,so on: 等等 | so as: 只要 | so much: 这么；非常；达到这种程度
all,/ ɔːl /,completely; totally,det. 全部；每一个 adj. 全部的；每一个的 adv. 完全地；各方，各选手 pron. 所有，全部；唯一 n. 全部，所有 其他 【名】 （All）（英、美、巴、加）奥尔（人名）,all the: ◎惟一的，仅有的 | all of: adv. 不少于；实足 | in all: 总共，合计
if,/ ɪf /,introducing a condition for something to happen,conj. （表条件）如果；（表假设）要是，假如 n. 条件，设想；不确定的情况,as if: 犹如，好似 | if any: 若有的话；即便要 | if so: 如果是这样的话；要是这样
one,/ wʌn /,number 1,num. 一；一个 pron. 一个人；任何人，人们（表泛指） det. 一个（强调某人或某事）；一个（用于比较相似的人或物） adj. 唯一的；一的 n. 一；一美元纸币 n. （One）（印、马、美）温（人名）,one of: 其中之一，之一 | one day: （将来）有一天；总有一天；（过去）某一天 | in one: adv. 成为一体；[口]只试一次
would,/ wʊd /,"modal verb used to indicate possibility, request, etc.",v. 将，将会（will 的过去式，用于转述）；会......（用于提出意见或征求建议时）,would like: 愿意；想要 | would have: （要不…）就会；应该 | would you like: 你想不想；您是否希望
about,/ əˈbaʊt /,of (a subject); concerning,adv. 大约；几乎 prep. 关于，对于；目的是 adj. 现成的，能得到的；即将（做……）的，快要（发生……）的 （be about to do sth.） 其他 【名】 （About）（法）艾保特（姓氏）,how about: 你认为…怎样 | what about: 怎么样；（对于）…怎么样 | all about: 到处，各处；关于…的一切
can,/ kæn; kən /,to be able to; have the skill to; have the time to,v. （表示有能力做或能够发生）能，会；（表示可能性）可以，能 n. 罐，听；（装液体、垃圾等带盖的）金属容器，塑料容器 其他 【名】 （Can）（美）卡恩（人名）,can be: 可能；可以是 | we can: 我们可以 | can do: 能做到；做得到
which,/ wɪtʃ /,question word to ask about a person's choice,pron. 哪一个，哪一些；（指明事物）……的那个，……的那些 det. 哪一个，哪一些；（指明事物）……的那个，……的那些 adj. 哪一个，哪一些；无论哪个,which one: 哪一个 | which is which: 哪一个是哪一个
there,/ ðer; ðər /,"in that place or position, at that location",adv. 在那里；在那边 int. 你瞧 n. 那个地方,out there: 到战场，在那里 | over there: adv. 在那里 | go there: 去那里
know,/ noʊ /,to have knowledge of things in your mind,v. 知道；认识到，懂得,know how: 秘诀；专门技术 | don't know: 我想不明白 | know about: 了解，知道……的情况；知道关于
more,/ mɔːr /,"greater in amount, number, or size",det. （数、量等）更多的，更大的（much、a lot of 和 many 的比较级）；另外的，附加的 pron. （数、量等）更多的，更大的（much、a lot of 和 many 的比较级）；多了的部分 adv. 更；（程度上）更强，更多 adj. 更多的，更大的；额外的 其他 【名】 【名】（More）人名；（英、法）莫尔,more than: 多于；超出；比……多 | more and more: 越来越多 | and more: 更多
get,/ ɡet /,"to obtain, receive, or be given something",v. 收到，接到；获得，得到 n. <英，非正式>（说话人）讨厌（或鄙夷）的人；<旧>（动物的）后代,get one's: ◎[美国口语]得到应有的惩罚 | get something on someone: [口语]抓住某人的把柄 | get there: 到达那里；取得成功，实现目标
who,/ huː /,"what or which person or people, to ask about, talking about",pron. 谁；什么人,as who: [古语]像是…的人 | who's who: 名人（总称）；名人录 | who is who: 谁是谁；名人录
like,/ laɪk /,to find something pleasing; to prefer something,prep. 像，如同；符合……的方式 v. 喜欢，喜爱；希望，想要 conj. 像……一样，如同；好像，似乎 n. 喜好，爱好（常复数）；类似或同类的人或物 adj. 类似的，相似的；（画像，图像）逼真的，像的 adv. （非正式口语，思考说下句话、解释或举例时用）大概，可能；（非正式口语）我说，他说，她说 其他 【名】 （Like）（美、俄、印、英、巴）莉凯（人名）,look like: 看起来像… | feel like: 想要；感到好似 | something like: 有点像；大约；差不多
when,/ wen /,word you use to ask about the time or day,adv. 什么时候；什么情况下 pron. 什么时候；何时 conj. 在……时候；在……之后 n. 时间，时候；日期,
think,/ θɪŋk /,"to have an idea, opinion, or belief about something",v. 认为，以为；明白（用于问句表气愤、吃惊） n. 想，思索，思考 adj. 思想的,"think something of oneself: 自命不凡,自以为了不起[亦作 think oneself something] | think of: 记起，想起；考虑；想像；关心 | do you think: 你认为"
make,/ meɪk /,to create something by putting things together,v. 制造；制定，拟定 n. （机器、设备等的）品牌，型号；结构，构造 其他 【名】 （Make）（塞、南非）马克（人名）,make sure: 确信；证实 | make up: 弥补；组成；化妆；整理 | make full use of: 充分利用
time,/ taɪm /,"something measured in minutes, hours, days, etc.",n. （以分钟、小时、天等计量的）时间；（钟表上的）时刻 v. 为……安排时间；把握（击球、射门等）的时机 conj. 乘以（times） adj. 定时的，定期的，分期的 其他 【名】 （Time）（俄）季梅，（罗）蒂梅，（英）泰姆（人名）,at the same time: 同时；然而 | same time: 同时 | in time: 及时；适时
see,/ siː /,to use your eyes to look at something,v. 看见，看到；有视力，看得见 n. 主教教区 其他 【名】  （See）（英）西伊，（柬）塞，（德）泽（人名）,see something in someone: 看中(或喜欢)某人的某个方面 | see things: 发生幻觉；见神见鬼 | see in: 带领……进去
what,/ wʌt /,asking for information about someone or something,det. 什么；（指数量的全部）所……的 pron. 什么；多么 adj. 什么，什么样的；多么（好或坏）的 adv. 到什么程度，在哪一方面；哦（用于暂停下来思考） int. （表示惊讶、气愤、怀疑、喜欢、厌恶等）什么，真的吗 conj. （用于动词和形容词后引导关系从句）什么；（用于强调句型句首）所……的（是……）,but what: 而不…；但是… | what to do: 做什么；该做什么 | what time: 几点；什么时间
up,/ ʌp /,move higher; raise,adv. 向上，由低向高；到楼上 prep. 往较高处，向较高处；沿着……，顺着…… adj. 在高处；（向上）开 v. 使…更高，提高；举起，抬起 n. （某一阶段的）成功，繁荣；<非正式>走运 int. （用于命令士兵或动物）起来！起立！,up with: 拿起，举起；拥护 | up in: [口]精通 | up and down: 上上下下；到处；前前后后；来来往往
some,/ sʌm; səm /,used to refer to a person or thing that is not known,det. 若干，一些；某个，某种 pron. 有些，一部分 adv. <美>有些，稍微；大约 其他 【名】 （Some）（美、印）索梅（人名）,some of: 一些 | some of them: 他们中的一些 | some one: 有人；某人
other,/ ˈʌðər /,something else; not the first one,adj. （表示与已知的人或事物不同）别的，另外的；（表示在与已知的人或事物同一类中）别的，另外的 pron. （表示与已知的人或事物不同）另外；（表示在与已知的人或事物同一类中）另外 v. 将……看作异类，以异类对待,each other: 彼此，互相 | on the other: 另一方面 | on the other hand: 另一方面
out,/ aʊt /,away from the inside or center,adv. 出现；向外 prep. 从……里面出去，离开 adj. 熄灭的；盛开的 v. 击倒，击晕；揭露（某人）是同性恋 n. 出路，脱身办法；（棒球）使球员出局的办法,out of: 由于；缺乏；自…离开；用…（材料） | out for: 寻求；[口]力图要；决心要获得 | go out: 出去；熄灭；过时
good,/ ɡʊd /,excellent; high quality,adj. 优良的；能干的，擅长的 n. 善，正义；好事 adv. <非正式>好地；<美>彻底地，完全地 其他 【名】 （Good）（英）古德，（瑞典）戈德（人名）,good at: 善于 | good and: 完全，非常 | good for: 有效的；会产生；有支付…能力的
people,/ ˈpiːp(ə)l /,human beings in general; plural of person,n. 人，人类；人们，大家（the people） v. 居住在，定居于；充满，充斥着（某种类型的人）,many people: 许多人；很多人；好多人 | some people: 有些人；有人；一些人 | other people: 其他人
year,/ jɪr /,unit of time equal to 12 months,n. 年，日历年；年，一年时间,last year: 去年 | new year: 新年 | next year: 明年
take,/ teɪk /,to pick up something and go away with it,v. 携带，拿走；带去，引领 n. （一次拍摄的）镜头，场景；收入量,take some: 不大容易 | take care of oneself: 照顾自己；颐养 | take part: 参与， 参加
no,/ noʊ /,being none; not having or being,adv. 不，完全不 n. 否定的回答；（复数 noes）（投票表决中的）反对，否决 int. （用于否定的回答或陈述）不，没有；（感到惊讶）不会吧 adj. 没有；不是 det. 没有，无；不准，禁止 n. （No）（柬、越）诺（人名）,no longer: 不再 | no more: 不再 | no less than: 不少于，多达…；正如
well,/ wel /,in a good way,adv. 顺利地，令人满意地；熟练地，技术好地 adj. 健康的；令人满意的 n. 水井，油井，气井；楼梯井，电梯井道 int. （用于表示想要开口说话）嗯，好；唔，嗯，哦（表示对要说的话不确定） v. （液体）流出，涌出；（感情）涌上，涌起 其他 【名】 （Well）（英、德、荷）韦尔（人名）,as well: 也；同样地；还不如 | as well as: 也；和…一样；不但…而且 | do well: 做得好；进展好
because,"/ bɪˈkəz, bɪˈkɔːz /",for a reason,conj. （说明原因）因为，由于；（作出解释）因为,because of: adv. 因为；由于
very,/ ˈveri /,much; great in amount,adv. （用于强调形容词或副词）很，非常；极其，完全地 adj. 同一的，恰好的，正是的；（加强名词的语气）仅仅的，唯独的，甚至于 其他 【名】  （Very）（法、爱）维里（人名）,thank you very much: 非常感谢 | from the very beginning: adv. 从最初开始（首先） | at the very beginning: 最初；就在刚刚开始；在刚开始的时候；起初；在一开始
just,/ dʒʌst /,only; a short time ago,adv. 正好，恰好；正当……时 adj. 正义的，公平的；应得的，合理的 其他 【名】 （Just）（英）贾斯特，（法）朱斯特，（德、匈、波、捷、挪）尤斯特，（西）胡斯特（人名）,just like: 就像，正如 | just as: 正象 | just because: 正因为
come,/ kʌm /,to move toward someone; go with someone,v. 来；来到，到达 int. （用以鼓励或安慰）好了，得啦 n. <俚>精液，精子 其他 【名】 （Come）（英）科姆，（阿尔巴）乔梅（人名）,come true: 实现，成真；成为现实 | come from: 来自；出生于 | come back: 回来；记起；恢复原状，重新流行
could,/ kʊd; kəd /,"used as the past form of can, to show possibility",v. （礼貌地请求许可）可以，能；（礼貌地请求别人做事）能，能否 v. 能（can的过去式）,could be: 可能是；有可能 | could have: 本能够；本来也可以 | how could i: 我怎么能；我如何能够
work,/ wɜːrk /,activity you do in order to make money,n. 工作，职业；劳动，活计 v. 工作，干活儿；从事体力（或脑力）劳动 adj. 工作的，与工作有关的；适合工作时穿戴的 其他 【名】 （Work）（英、埃塞、丹、冰、美）沃克（人名）,work in: 进入；插进 | at work: 在工作；上班 | work with: 与…共事；对……有效
use,/ juːz /,"to do something with, for a task or purpose",v. 用，使用；使用（词语） n. 使用；用途，用法 其他 【名】 （Use）（德）乌泽（人名）,make use of: 使用，利用 | in use: 在使用中 | of use: 有用
than,/ ðæn; ðən /,used when comparing two things,conj. （用以引出比较的第二部分）比；（比较数量、距离等）多于 prep. （用以引出比较的第二部分）比；（比较数量、距离等）多于 n. （Than）（越）丹（人名）,than ever: 比以前 | no more than: adv. 只是；仅仅 | none other than: 不是别的而正是…
now,/ naʊ /,at the present time or moment,adv. 现在，此刻；马上，立刻 adj. 现在的；<非正式>流行的，时髦的 n. 现在，此刻 conj. 由于，既然,up to now: 到目前为止 | just now: 刚才；眼下 | for now: 目前，暂时
then,/ ðen /,at that time not now,adv. （指过去）当时，（指将来）到那时；接下来，然后 adj. 当时（任职等）的,since then: 从那时以来 | but then: 不过；然而；但另一方面 | by then: 到那时候
also,/ ˈɔːlsoʊ /,in addition; too; in a similar way,adv. 此外，而且；也，同样 conj. 另外，又 其他 【名】 （Also）（罗）阿尔索（人名）,but also: 不仅……而且…… 并且；表强调 | as also: 同样；照样 | see also: 参见；另请参阅
into,/ ˈɪntuː /,going inside something,prep. 到……里面；触及，碰撞 其他 【名】 （Into）（美）因托（人名）,go into: 进入；加入；变得；探究
only,/ ˈoʊnli /,just one; just that amount or thing; not more than,adv. 只，只有；仅在……情况下（或地方等） adj. 仅有的，唯一的；最好的，最适合的 conj. <非正式>不过，但是；<非正式>要不是，若非,only one: 只有一个；唯一 | only for: 要是没有 | only when: 只有当…才能
look,/ lʊk /,to turn your eyes in a particular direction,v. 看；寻找 n. 看；寻找，搜索 其他 【名】 （Look）（瑞典）洛克，（英）卢克（人名）,look at: v. 看；考虑；着眼于 | look for: 寻找 | look forward: 期待；盼望
want,/ wɑːnt /,to desire or wish for something; hope for a thing,v. 想要，希望；需要 n. 缺乏，缺少；贫穷，贫困,want to be: 想成为；想要成为 | do you want to: 你想要 | want to do: 想要做
give,/ ɡɪv /,to hand over or present something to someone,v. 给，交给；赠送，赠与，送给 n. 伸展性，弹性；适应（或顺应）能力，灵活性 其他 【名】 （Give）（意）吉韦（人名）,give oneself: （为...）献身 | give up: 放弃；交出 | give out: 分发，发出；公布，发表；用尽，精疲力竭
first,/ fɜːrst /,coming before all others in time or place,det. 第一位的，最先的；首（次）的 adv. 第一，最初；起初 n. 第一个人（或事物)；前所未有的事情 pron. 第一次 其他 【名】 （First）（美）菲尔斯特（人名）,first time: 第一次；第一时间 | at first: 起先，首先；最初 | quality first: 质量第一
new,/ nuː /,"not old, recently born, built, or made",adj. 新出现的，新兴的；新买的 adv. （用于构成复合词）新的，新近的 n. 新东西，新事物（the new） 其他 【名】 （New）（英）纽（人名）,new type: 新型 | new year: 新年 | new york: 纽约
way,/ weɪ /,how something is done,n. 方法，手段；习俗，习惯，行为方式 adv. 大大地，远远地；<美>非常，很 adj. 途中的 其他 【名】 （Way）韦（人名）,way of: 方式 | in this way: 这样；用这种方法 | best way: 最佳方法
find,/ faɪnd /,to discover something by looking for it,v. 找到，找回；发现，发觉 n. 被发现的人，发现物（尤指有价值的人或物）；发现狐狸 其他 【名】 （Find）（丹）芬（人名）,find oneself: 自我感觉；发现自己处于某种状态；发现自己的能力 | find out: v. 找出，查明；发现，揭发 | try to find: 寻求；寻找
over,/ ˈoʊvər /,above; across; more than; on the other side,adv. 向下，倒下；翻过，翻转 prep. 盖在……上面；悬在……上面 n. （板球）一轮投球 adj. 结束的；剩下的 v. 越过 其他 【名】 （Over）（美、英、德）奥韦尔（人名）,all over: 到处，遍及；浑身；全部结束 | over there: adv. 在那里 | over and over: 反复；再三
any,/ ˈeni /,one (thing) of many; some (thing),det. 任何的，任一的；一点，些许 pron. 任何一个；任何数量，任一数额 adv. 一点，丝毫；<美，非正式>压根儿 adj. 任何的，任一的；一点，一些 其他 【名】 （Any）（美、俄、法、墨、巴）阿尼（人名）,
after,/ ˈæftər /,"later than another time, or behind something",prep. 在……之后；紧接着 conj. 在……以后 adv. 后来，以后 adj. <旧>后来的，以后的；靠近船尾的,after all: 毕竟；终究 | go after: 追求，追逐 | ever after: 从此以后一直
day,/ deɪ /,a period of 24 hours,n. 一天；白昼，白天 adj. 白昼的，日间的；（人）日间工作的，上白班的 其他 【名】 （Day）（英、法、西）戴，（越）岱，（阿拉伯、土）达伊（人名）,every day: 每天；每个白天 | one day: （将来）有一天；总有一天；（过去）某一天 | all day: 整天
where,/ wer /,word you use to ask the location of something,adv. 在哪里 pron. 哪里 conj. 在……的地方 n. 地点,where it is: [口]问题的关键所在；实际情况
thing,/ θɪŋ /,something you cannot remember the name of,n. 东西，物；（无生命的）物体，物件,one thing: 一件事；有件事 | good thing: 好东西，好事情；美好的事 | first thing: 第一件事；一大早；最重要的事情
most,/ moʊst /,nearly all of something,"det. （数量上）最多，最大（ much, a lot of, many 的最高级）；大多数 pron. （数量上）最多，最大（ much, a lot of, many 的最高级）；大多数 adv. 最；（程度上）最大 adj. 大多数的；最大程度的，最大数量的 其他 【名】 【名】（Most）人名；（德、俄、法、芬、捷、英）莫斯特",most important: 最重要的；首要的；最关键的 | most of: 大部分，大多数的；绝大多数 | most people: 多数人
should,/ ʃʊd; ʃəd /,used to indicate what is proper or reasonable,v. （用于纠正别人）应该；（用于建议）该，可以,should be: 应该是 | should have: 应该有；本应该… | what should i do: 我该怎么办；我应该做些什么
need,/ niːd /,to be unable to manage without something; require,v. 需要；（表示应该或不得不做）有必要 n. 需要，必须； 特别需要，迫切要求 aux. 必要（用于劝告或建议）,in need: 在危难中；在穷困中的 | need for: 对……的需要；需要…… | in need of: 需要…时
much,/ mʌtʃ /,a lot; large amount; a high degree of,det. 许多 pron. 许多；优秀的事物 adv. 非常；<非正式>用在否定句末表示相反的意思 其他 【名】 【名】（Much）人名；（德）穆赫,so much: 这么；非常；达到这种程度 | much more: 更加；多得多 | as much: 也；同样多的
right,/ raɪt /,on side where the hand that most people write with,adj. 符合道德的，正当的；正确的，真实的 v. 纠正，矫正；补救，扭转 n. 正当，公正；正当的要求，权利 adv. （地方、位置或时间）正好，就在；直接地，径直地 int. 好的，对（用于表示明白或同意某人的话）；好（用于引起注意） 其他 【名】 （Right）（英）赖特（人名）,right now: 就是现在，马上 | all right: 好；顺利；正确的 | property right: 产权
how,/ haʊ /,in what way something happens or is done,adv. 怎样，如何；（指状况、情况）好否，怎么样 conj. 怎样，如何；以任何方式，无论用什么方法 n. 方式，方法 其他 【名】 （How）（英）豪（人名）,and how: 正确；（美）非常 | how do: 如何做 | how to do: 如何做；怎样做
back,/ bæk /,behind; to the rear; previous ,n. 后面，后部；背部 adj. 后面的，位于后部的；偏远的，偏僻的 adv. 回原处，恢复原状；回报，回复 v. （使）后退，倒退；支持，资助 其他 【名】 （Back）（美）巴克（人名）,go back: 回去；追溯 | back in: [体育]后内刃 | back of: 在…后面；在…背后
mean,/ miːn /,to have a particular meaning or value,v. 意味着；表示……的意思，作……的解释 adj. 吝啬的，小气的；不善良的，刻薄的 n. 中庸，折衷；平均数，中数 其他 【名】 （Mean）（柬）棉（人名）,in the mean: 当其时；同时；在此期间 | mean time: n. 平均时间（平均太阳时） | mean square: 均方；均方差；均方值
even,/ ˈiːv(ə)n /,as well; too,adj. 平坦的，水平的；平静的，平和的 adv. 甚至，即使；更加，愈加 v. 使相等，使平均；变平坦 n. <文>傍晚，晚上 其他 【名】 （Even）（美、挪）埃旺（人名）,and even: 乃至 | even if: 即使；虽然 | even more: 更多地，更多的
may,/ meɪ /,used to talk about what is possible,aux. 可能，也许（表示某情况是可能的）；可以（征求同意或表示允许） n. 山楂花；五月（May）,may be: 也许，可能 | may have: +过去分词 | in may: 在五月
here,/ hɪr /,"in, at, or to this position or place",adv. 在这里；此时 int. 嘿！；喂！ n. 这里 n. （Here）人名；（罗）赫尔施,come here: 来这里 | click here: 点击这里，点击此处；单击此处 | from here: 由此处，从这儿
many,/ ˈmeni /,used to refer to a large number of things,det. 许多；（与单数名词及动词连用）许多，大量 pron. 许多；许多人 adj. 许多的 n. 大多数人（the many） adv. 多 其他 【名】 （Many）（美、法、加、印）马尼（人名）,so many: 那么多的 | many people: 许多人；很多人；好多人 | as many: 一样多
such,/ sʌtʃ /,"so like, or similar",det. 如此的，这等的；如此（……以致） pron. 这种人（或事物），这类的；（上文提到的）那样的情况，那件事 adv. 这么，如此（用于加强叙述语气）；如此程度 其他 【名】 （Such）（英）萨奇，（德）祖赫（人名）,such as: 比如；诸如 | and such: 等等；诸如此类 | as such: 同样地；本身；就其本身而论
last,/ læst /,the one before,adj. 最后的；最近的，上一个的 v. 持续；持久 n. 鞋楦；仅剩下的部分（或事项） pron. 最近发生的事情；最后的人或事物 adv. 最近，上次；最后 其他 【名】 （Last）（美、德）拉斯特（人名）,at last: 最后；终于 | last year: 去年 | last week: 上周，上星期
child,/ tʃaɪld /,"a very young person, between about 2 and 15",n. 儿童，小孩；子女,with child: 怀孕 | child care: 儿童保育 | only child: 独生子女
tell,/ tel /,to say or communicate information to someone,v. 告诉，告知；说，讲述 n. （尤作纸牌用语）（泄露试图作弊的）不经意动作；（中东）台形（土墩）遗址（由远古人村落遗迹堆积而成的） 其他 【名】 （Tell）泰尔（人名）,can tell: 能感觉到；能看出来 | tell me about: 告诉我关于… | tell the truth: 说实话
really,/ ˈriːəli /,very,adv. 真正地，事实上；确实的，的确（用于加强语气） int. 真的（用来表示兴趣、惊奇或疑惑）；真是的！（用于表示生气或不赞成）,really something: 真了不起 | really and truly: 真正地，千真万确地
call,/ kɔːl /,to phone someone,v. 给……命名，称呼；认为……是，把……看作 n. 打电话，通话；喊叫，呼叫 其他 【名】 （Call）（瑞典、罗）卡尔，（英）考尔（人名）,call for: 要求；需要；提倡；邀请；为…叫喊 | phone call: 电话 | call on: 访问，拜访；号召，请求
before,/ bɪˈfɔːr /,at a time earlier than the present; previously,prep. （时间上）在……之前，早于；在（某个钟点）之前 conj. 在……以前；到……为止 adv. 以前，过去；在（某时间或某事）以前,before and after: 前后，之前之后 | than before: 比以前 | as before: 如以前
company,/ ˈkʌmpəni /,a business that sells things or provides services,n. 公司；陪伴，同伴 v. <古>结交，交往；<古>陪伴 其他 【名】 （Company）（美、瑞）孔帕尼（人名）,limited company: 有限公司；（英）股份有限公司（等于limited-liability company） | in company: 一起；当众 | company with: 奉陪；与…一起
through,/ θruː /,from one end or side of something to the other end or side,prep. 穿过，从一端到另一端；透过（玻璃、窗户等） adv. 从一端到另一端；完全地，彻底地，十足地 adj. 完成的，结束的；直达的，直通的，中途不停的,go through: 参加；经受；仔细检查；被通过 | all through: 一直；始终 | through with: 完成
down,/ daʊn /,going from a higher position to a lower position,adv. 朝下，向下；（坐）下，（躺）下 adj. 在低处的，在下方的；向下的 n. 羽绒；绒毛，软毛，汗毛 prep. 向下，朝下；沿着，顺 v. 使掉落；喝下，吃下 其他 【名】 （Down）（美）唐（人名）,down on: 突然意识到 | go down: 下降；平静下来；传下去；被接受 | down with: 打倒；把…拿下
show,/ ʃoʊ /,to explain or teach how something is done,v. 显示，表明；给……看，出示 n. 演出，歌舞表演；（电视或广播）节目 其他 【名】 （Show）（美、巴西）肖（人名）,show oneself: 露面 | on show: 展览着，在公开展出 | show up: 露面；露出；揭露
life,/ laɪf /,"all the living things (e.g., animals, plants, humans)",n. 生命；人命，性命 adj. 生命的；一生的，终身的,in life: 一生中 | service life: 使用寿命；使用期限；耐用年限 | daily life: 日常生活
man,/ mæn /,an adult male human being,n. 成年男子，男人；人类 v. 负责，操控（某物） int. <美，非正式>（表示惊奇、气愤等）嘿，天哪 其他 【名】 （Man）（俄）马恩，（英、葡、意、罗、捷、尼、老、缅、柬）曼，（日）万（人名）,old man: 情人；丈夫；老头子；父亲 | young man: n. 青年；未婚夫；男友 | no man: 没有人；[口]老喜欢唱反调的人（等于no-man）
change,/ tʃeɪndʒ /,"to make or become different, or into something else",v. 改变，变化；更换，替换 n. 变化，变革；找回的钱，零钱,change in: 在…方面改变 | climate change: 气候变化；气候变迁 | for a change: 为了改变一下；为了换换口味
place,/ pleɪs /,to put something in a certain location or position,n. 地点，场所；城镇（或建筑物等） v. 放置；使处于某种境地 其他 【名】 （Place）（罗）普拉切，（法）普拉斯，（英）普莱斯（人名）,in place: 适当，适当的；在适当的地方，在恰当的位置 | place in: 安排，放置 | take place: 发生；举行
long,/ lɔːŋ /,large distance from one end to the other,adj. 长的；长久的，长期的 adv. 长久地，长期地；很久（以前或以后） v. 渴望 n. 长时间，长时期；长音 其他 【名】 （Long）（美、英、爱）隆（人名）,no longer: 不再 | as long as: 只要；和…一样长 | long time: adj. 长期的（持久的）；长时间；好久好久
between,/ bɪˈtwiːn /,in the space that separates two objects,prep. （空间上）在……中间；（时间上）在……之间 adv. （空间或时间上）介于……之间（in between）,in between: 在中间 | between you and me: 只限于咱俩之间；我们之间的秘密 | between ourselves: 只限于咱们之间；秘密的
feel,/ fiːl /,to be aware of or experience an emotion or sensation,v. 感受到，体会到；觉得，相信 n. 感觉，气氛；触觉，手感,feel oneself: 镇定；感觉很好；觉得身体正常 | feel like: 想要；感到好似 | feel free: 随便，轻松
too,/ tuː /,say that something is more than you want,adv. 太，过于，过度；也，亦，还,me too: 我也是，我也一样 | all too: 实在太… | much too: 太…；非常…
still,/ stɪl /,happening in the past and continuing into the present,adv. 还，依旧；仍然，还是（会或可能） adj. 静止的，不动的；宁静的，寂静的 n. （电影或录像的）定格画面，剧照；（制酒的）蒸馏器 v. （使）静止，平静，安静；使（感情）减轻，使（感情）平息 其他 【名】 （Still）（英、芬、瑞典）斯蒂尔，（德）施蒂尔（人名）,still on: 仍在进行 | still remains: 仍然是 | sit still: 安静地坐着
problem,/ ˈprɑːbləm /,something difficult to deal with or causes trouble,n. 问题，难题，困难；疾病 adj. 难对付的，成问题的,difficult problem: 难题；难问题 | no problem: 没问题 | problem solving: 解决问题
write,/ raɪt /,to make letters and words on paper or a screen,v. 写作，编写；写道,write down: 写下；减低帐面价值；把…描写成 | read and write: 读和写；直读式记录 | write in: 写入；写信提出（请求等）；在选票上加写（非原定候选人的名字）
same,/ seɪm /,identical; not different,adj. 同一的；一模一样的 pron. 同样的人，同样的事物；（数目、颜色、大小、质量等）相同 adv. 同样 其他 【名】 （Same）（意）萨梅（人名）,same time: 同时 | same as: 等同于；与…一致 | same way: 同样；同样的方法；同样的感受
lot,/ lɑːt /,"A large quantity, or number taken together",n. (常sing.) 一群，一批；小块土地 v. （拍卖前）将（商品）分成批组 pron. 大量，许多；所有，全部 adv. 很多地，非常（a lot）,a lot of: 许多 | lots of: [口]许多；大量 | a lot of money: 许多钱
great,/ ɡreɪt /,very good; fantastic; wonderful,adj. 伟大的，著名的；大型的，巨大的 adv. 很好地，很棒地 n. 伟人，伟大的事物；金曲,great deal: 大量 | a great deal of: 大量 | great wall: 万里长城；中国长城计算机集团公司
try,/ traɪ /,"to make an effort, to attempt to do something",v. 试图，努力；试用，试做，试验 n. 试图，努力；试用，试验 其他 【名】 （Try）（英、印尼）特里，（柬）德里（人名）,try and: [口语]争取(做某事)，竭力，尽力(做某事)[此短语不用于由tried或trying构成的各种动词形式] | try again: 再来一次 | try to find: 寻求；寻找
leave,/ liːv /,to go away from; depart,v. 离开（某人或某处）；离开居住地点（或群体、工作单位等） n. 假期，休假；准许，许可,leave for: 动身去 | leave a message: 留言，留口信 | leave behind: 留下；遗留；超过
number,/ ˈnʌmbər /,"symbols such as 1, 2, 56, 793",n. 数字；编号，序数 v. 标号，编号；总计,number of: 许多；数目；若干 | numbers of: 许多，若干 | large number: 大量；多位数
both,/ boʊθ /,used to refer to two things at the same time,det. 双方，两者 pron. 两者 conj. …和…都；……和……都 adj. 两…，双…,both of them: 他们俩都… | both and: 两个都；既...又... | both the two: 两者；并
own,/ oʊn /,"yours, his, hers, etc.; not belonging to another",v. 有，拥有；<旧> 承认 adj. 自己的，属于自己的；自己做的，为自己的 pronoun. 自己的，属于自己的；自己做的，自己生产的 其他 【名】 （Own）（阿拉伯）奥恩（人名）,your own: 你自己的 | on their own: 凭自己的力量，他们自己；静静独处 | of his own: 他自己的；属于他自己的
part,/ pɑːrt /,"some, but not all of a specific thing","n. 部分；某物的部分（局部） v. （使）分开，（使）分离；分别 adv. 既有……又有……（part sth., part sth.）；不完全地，部分地 adj. 部分的，不完全的 其他 【名】 （Part）(英、瑞典）帕特，（泰）巴，（法）帕尔（人名）",part of: 部分的；一部分 | in part: 部分地；在某种程度上 | take part: 参与， 参加
point,/ pɔɪnt /,to indicate something with your finger to others,n. 观点，论点；要点，核心问题 v. 指，指向；对准，瞄准 其他 【名】 （Point）（法）普安（人名）,point of view: 观点；见地；立场 | point out: 指出，指明 | at this point: 这时候，此时此刻
little,/ ˈlɪt(ə)l /,"not great in size, amount, or degree; small",adj. 小的，比较小的；用于强调对某人或某物的意见 det. 一点儿，少得几乎没有；少量的，一些 adv. 极少，轻微；几乎不 pron. 少许 其他 【名】 （Little）（英）利特尔（人名）,little bit: 一点点 | little boy: 小男孩 | little more than: adv. 仅仅是
help,/ help /,to act to enable a person to do something; assist,v. 帮助，援助；改善状况，对……有益 n. 帮助，协助；有助益的东西（如忠告、钱等） int. 救命（呼救用语） 其他 【名】 （Help）（芬）海尔普 （人名）,help oneself: 自用；自取所需 | with the help of: 在…的帮助下 | help someone with something: 帮某人干某事
ask,/ æsk /,to say to someone that you want something,v. 询问，打听；要求，请求 其他 【名】 （Ask）（芬、瑞典）阿斯克（人名）,
meet,/ miːt /,to come together at a certain time or place,v. 结识，被引见；（与某人）会面 n. 运动会，赛事；<非正式>（尤指为不正当的目的）约会，碰头 adj. <古>合适的，恰当的 其他 【名】 （Meet）（英）米特（人名）,meet the needs of: 满足…的需要 | meet the requirements: 符合要求；满足条件 | meet with: 符合；偶然遇见；遭受
start,/ stɑːrt /,first time or place that a thing exists; beginning,v. 开始，着手；（使）发生 n. 开始，开端；启程，启动,start something: [美国口语] 制造麻烦；引起争吵(或打斗) | start with: 从…开始 | start from: 从…开始
talk,/ tɔːk /,to say things or ideas to someone with words,v. 说话，交谈，谈话；谈判，商讨 n. 交谈，讨论；（政府、机构等之间的）正式会谈，谈判,talk about: 谈论某事 | talk to oneself: 自言自语 | talk with: 与…交谈
something,/ ˈsʌmθɪŋ /,thing that is not yet known or named,pron. 某事，某物；……或诸如此类的东西，……什么的 adv. 稍微，有点；很，非常,something else: 别的东西 | or something: 或是什么的；诸如此类的什么 | something like: 有点像；大约；差不多
put,/ pʊt /,to move or place a thing in a particular position,v. 放，放置；猛推，用力插入 n. （铅球或铁饼的）投掷，推；（股票）put option 的简称 adj. 固定不动的 其他 【名】 （Put）（泰、缅）布（人名）,put forward: v. 提出；拿出；放出；推举出 | put in: 提出，提交；放入；种植；使就职 | put on: 穿上；上演；增加；假装；使…上场
another,/ əˈnʌðər /,one more (thing); additional (thing),det. （同类的）另一，又一；（不同类的）另外一个，其他一个 pron. 又一个，再一个；另一个，另一种 adj. 再加一个的；另一的，不同的,one another: 彼此，互相 | for another: 第二；其次 | one after another: adv. 接连地；一个接一个地
become,/ bɪˈkʌm /,to begin to be; grow to be; develop into,v. 变得，变成，成为；适合，使显得漂亮,become one: 成为一体，结合 | become a member: 成为一名成员/会员 | become of: 使遭遇…；…降临于；发生…情况
interest,/ ˈɪntrəst /,to make someone want to know about something,n. 兴趣，关注；吸引力，趣味 v. 使感兴趣，引起……的关注；劝说（某人）做（或参与）,interest in: 对…有兴趣 | of interest: 有…兴趣；权益的转易 | interest rate: [经]利率
country,/ ˈkʌntri /,an area of land that is controlled by a government,n. 国，国家；全国人民，全体国民（the country） adj. 乡下的，农村的；乡村音乐的,in the country: 在乡下 | developing country: 发展中国家 | developed country: n. 发达国家
old,/ oʊld /,"having existed for a long time, not young or new",adj. （人）……岁的，（事物）存在……久的；年老的，年纪大的 n. 老年人；某个年龄段的人 其他 【名】 （Old）（英）奥尔德（人名）,of old: 古时的；从前 | years old: …岁（年龄） | old man: 情人；丈夫；老头子；父亲
each,/ iːtʃ /,every one of two or more things,det. 每，各，每一 pron. 每个，各个 adj. 每个的，各自的 adv. 给每个，对各个,each other: 彼此，互相 | each of: 每个 | each one: 每个人；各人
school,/ skuːl /,building where you learn in classes with a teacher,n. （中、小）学校；全校师生 v. 教育，培养（儿童）；训练，教育 adj. <南非>（科萨人）受过西化教育的；（名字）源自西方的,in school: 在求学 | at school: 在学校；在上课；在求学 | high school: 中学
late,/ leɪt /,happening near the end of a given time,adj. 晚期的，末期的；晚的，迟的 adv. 晚，迟；（时间上）接近终了，在晚年,of late: adv. 最近；近来 | late for: 迟到；来不及… | late stage: 末期；后期；晚期
high,/ haɪ /,rising upward a great distance,adj. 高的；富含……的 n. 最高水平，最大数量；兴奋，高兴 adv. （成本、价值、音量）高，（数量）大；在高处，向高处 其他 【名】  （High）（英）海伊（人名）,high quality: 高品质 | high speed: 高速全速 | high temperature: 高温
different,/ ˈdɪfrənt /,not of the same kind; unlike other things,adj. 不同的；分别的，各别的,different from: 与…不同，不同于 | different kinds: 不同的种类 | in different ways: 以不同方式；用不同的方法；通过不同的方式
off,/ ɔːf /,away from; not on,adv. 离开（某处），（在时间或空间上）距，离；从……移开，从……脱离 prep. 从……离开，向下；靠近，离……不远 adj. （食物）不新鲜的；<非正式>令人不快的，不公平的 n. 起跑，开始，出发（the off）；（板球）击球手对面的半场 v. <美>杀死（某人）；<非正式>离开,off and: [口]忽然 | off with: （用于祈使句）去除；脱掉 | off of: 从
next,/ nekst /,immediately after the previous one,adj. 下一个的，接下来的；（时间）紧接着来到的，下次的 adv. 紧接着，随后；仅次于 n. 下一个人或事件 det. 下一（年、月、星期等） pron. 下一个,come next: 紧随其后；再下来 | the next world: 阴间；来世，来生；天堂 | get next to someone: [美国俚语]博得某人欢心；(尤指在性关系上)与某人相契，熟识某人
end,/ end /,a point that marks the limit of something; finish,n. 最后部分，末尾；结束，结局 v. 结束，终止 其他 【名】 （End）（英、德）恩德（人名）,the end of: …的最后 | in the end: 终于，最后 | at the end: 最终，最后；在终点
live,/ lɪv; laɪv /,to be alive,v. 生存，活着；生活在 adj. 活的，有生命的；含乳酸菌的 adv. 现场直播地，实况转播地 其他 【名】 （Live）（挪、芬、印、俄、美、荷）利夫（人名）,live in: 住进 | live with oneself: 不会感到内疚，会心安理得的；自重 | live to oneself: 过孤独的生活
why,/ waɪ /,for what reason or purpose,adv. （用于问句）为什么，为何；（反问，表示不必）何必 n. 理由，原因 int. 哎呀,no why: 不为什么
while,/ waɪl /,during the time that; at the same time,conj. 当……的时候；与……同时 n. 一段时间；同时 v. 消磨时间 prep. （北英格兰）直到 adv. 在……的时候,after a while: 过了一会儿 | a little while: 不久，一会儿 | all the while: 一直；始终
world,/ wɜːrld /,"all the humans, events, activities on the earth",n. 世界，地球，天下；星球，天体 adj. 世界上最重要的，世界闻名的；世界（性）的,in the world: 在世界上；到底 | around the world: 世界各地；全世界；环游世界 | all over the world: adv. 全世界
week,/ wiːk /,"period of seven days, starts on Sunday and end on Saturday",n. 星期，周；一个星期的时间，一周,last week: 上周，上星期 | next week: 下周，下星期 | every week: 每周
play,/ pleɪ /,to do or perform a game or sport,v. 玩，玩耍；捉弄，戏弄 n. 剧本，戏剧；游戏，玩乐 其他 【名】 （Play）（法、瑞典）普莱（人名）,play an important role: 起到重要作用 | play in: 奏乐迎入 | play with: 与…一起玩
might,/ maɪt /,used to express that something could happen,v. 可能，可以（may 的过去式）；（表示可能性）可能，也许 n. 强大力量，威力 n. (Might) （美）迈特（人名）,might as well: 不妨，何妨；还是……的好 | might well: 有可能 | might and main: 尽全力；主力
must,/ mʌst; məst /,used to say that something is required or necessary,aux. （表示必要或很重要）必须；（用于表示肯定推测）一定，谅必 n. <非正式>必不可少的事物；（发酵前或发酵中的）葡萄汁 其他 【名】 （Must）（美）穆斯特（人名）,must be: 一定；一定要；肯定是 | must have: 必须拥有；非有不可 | must have been: 一定（对过去事实肯定的推测）
home,/ hoʊm /,place where a person or a family lives,n. 家，住宅；（可买卖的）房子，寓所 adj. 家庭的，家用的；在家里做（或进行）的 adv. 回家，在家；到正确的位置 v. 归巢；对准（目标） 其他 【名】 （Home）（德、芬）霍梅，（英、尼）霍姆（人名）,at home: 在家；在国内；熟悉 | home and abroad: 国内外，海内外 | at home and abroad: 国内外
never,/ ˈnevər /,not ever; not at any time,adv. 决不，永不；不会，不可能（表示惊讶或震惊）,never forget: 永不忘记 | never do: 绝对不行，绝不可以 | never mind: 没有关系，不要记在心上
include,/ ɪnˈkluːd /,to make someone/something part of a group,v. 包含；把……列为一部分，把……算入,include in: 包括在…中
course,/ kɔːrs /,"route or direction that a river, etc., moves along",n. 课程；过程 v. 奔流，快速流动；（感情、思想）涌动,of course: 一定，当然 | in the course of: 在…过程中；在…期间 | course of study: 学科；学习的进程；研究课程
house,/ haʊs /,"building in which a family, person lives",n. 房子，住宅；一家人，同住一幢房子的人们 v. 让……居住，给……提供住房；给……提供场地，收藏存放 adj. 家养的，常在室内的；公司的，机构的 其他 【名】 （House）（英）豪斯（人名）,white house: n. 白宫（美国政府的行政机关，美国总统官邸） | in the house: 在房子里；在屋子里 | publishing house: 出版公司，出版社
report,/ rɪˈpɔːrt /,account of something which gives the necessary facts and information,n. 报告，汇报；新闻报道 v. 报道；据说，传闻 其他 【名】 （Report）（匈）雷波特（人名）,report oneself: 去报到；到…去见某人 | report of: 说出对…的印象；…的报告 | report on: 就…作报告
group,/ ɡruːp /,number of people or things gathered together,n. 集体，团体；组，群 v. （使）成组，聚集；将……分类,a group of: 一组，一群 | control group: 控制组（自变量的一种处理方法）；实验对照组 | group company: 集团公司
case,/ keɪs /,example or instance of something,n. 具体情况，实例；病例，病案 v. 围绕，包盖；（盗抢前）探察，踩点儿 其他 【名】 （Case）（英）凯斯，（西）卡塞，（法）卡斯（人名）,in case: conj. 万一；假使 | in the case of: 至于，在…的情况下 | in case of: 万一；如果发生；假设
woman,/ ˈwʊmən /,adult female human being,n. 成年女子，妇女；（泛指）女性 v. 让某人与女性交往；配备女性员工,old woman: [口]老婆；[口]母亲；婆婆妈妈的人；挑剔而胆小的人 | beautiful woman: 美人；漂亮的女人 | pregnant woman: 孕妇
around,/ əˈraʊnd /,"located on every side, or along something",adv. 围绕，环绕；大约 prep. 围绕，环绕；到处，向各处,all around: 周围；到处，四处 | around here: 附近；在这周围 | go around: 四处走动；供应；（消息）流传
book,/ bʊk /,thing made of pages with writing on that you read,n. 书，书籍；本子，簿册 v. 预订，预约；（警方）将……记录在案 其他 【名】 （Book）（英）布克，（瑞典）博克，（朝）北（人名）,in the book: ◎[美国英语]记录在案的；为人所知的，所熟悉的，所通晓的 | book on: 有关…的书 | book in: 登记；预定
family,/ ˈfæməli /,a group of people who are related through blood,n. 家，家庭；家属，亲属 adj. 家庭的；一家所有的,family planning: n. 计划生育 | family member: 家庭成员；家族成员 | family life: 家庭生活
seem,/ siːm /,to appear to be something,v. （涉及推断）似乎，看来；（用于表示谨慎、礼貌或委婉）好像，可能 其他 【名】 （Seem）（英）西姆（人名）,seem to be: 看来，好像 | seem like: 看起来像；看上去像…；好像… | seem to do: 似乎做；好像
let,/ let /,to not stop someone from doing something,v. 允许，准许，同意；使通过 n. 擦网球，触网重发；<英>出租，租借 其他 【名】 （Let）（缅）莱，（俄）莱特（人名）,let us: 让我们 | let go: 放开；释放；发射 | let me see: 让我看看；让我想一想
again,/ əˈɡen /,"one more time, once more",adv. 再一次；复原 其他 【名】 （Again）（英、保）阿盖恩（人名）,again and again: adv. 再三地，反复地 | try again: 再来一次 | over again: 再一次
kind,/ kaɪnd /,one type of thing,n. 种类；同类的人 adj. 宽容的，体贴的，亲切友好的；温和的，无害的 其他 【名】 （Kind）（德、法、俄、捷）金德，（瑞典）欣德（人名）,
keep,/ kiːp /,to have and continue to hold something,v. （使）保持，（使）留在；继续，重复 n. 生活必需品，生活费用；城堡主楼 其他 【名】 （Keep）（英）基普（人名）,keep in: 隐瞒，隐藏；抑制；继续燃烧 | keep on: 继续；穿着…不脱 | keep up: 保持；继续；不低落；不落后
hear,/ hɪr /,to be aware of sound; to perceive with the ear,v. 听到，听见；聆听，倾听,hear from: 收到…的信；受…的批评 | hear about: 听说；得知 | hear of: 听说，听说过
system,/ ˈsɪstəm /,"set of organized, planned ideas that work together",n. （协同工作的）系统；（计算机、警报器等的）系统,control system: 控制系统 | management system: 管理系统；经营责任制 | information system: 信息系统
every,/ ˈevri /,including each person or thing in a group,det. 每个，每一；每……之中的 其他 【名】 （Every）（美、荷、瑞典）埃夫里（人名）,every time: 每次，每当 | every one: 每个 | every single: [口语][加强语气]每一个
question,/ ˈkwestʃən /,to ask for or try to get information,n. 问题，疑问；试题，题目 v. 向……提出问题，盘问；对……提出质疑（异议），怀疑,in question: 讨论中的；成问题的；考虑中的 | to the question: adv. 针对论题；切题 | answer the question: 回答这个问题；（马在赛马前测试时）跑得很好
during,/ ˈdʊrɪŋ /,at some point in the course of an event or thing,prep. 在……期间；在……期间的某个时候 其他 【名】 （During）（英、美、瑞）迪兰（人名）,
always,/ ˈɔːlweɪz /,at all times; in every situation,adv. 总是，每次都是；一直，长久以来,as always: ◎同平时一样 | almost always: 几乎总是；通常 | always ready: 随时候命（电视剧）
big,/ bɪɡ /,large,adj. （尺寸、数量、规模或年龄）大的；重大的，严重的 adv. 大大，给人印象深地；夸口地 v. 招摇 其他 【名】 （Big）（土）比格（人名）,make big: [美国俚语]飞黄腾达；成功 | big city: 大城市 | in a big way: 大规模地，彻底地
set,/ set /,"complete group of something (e.g., a chess set)",v. 放，置；使开始 n. 一组（类似的东西）；一组（配套使用的东西） adj. 位于（或处于）……的；安排好的 其他 【名】 （Set）（瑞、以）塞特（人名）,set up: v. 建立；装配；开业；竖立 | a set of: 一套；一组；一副 | set out: 出发；开始；陈述；陈列
small,/ smɔːl /,little in size; not big,adj. 小型的；（数量）少的 n. <英，非正式>小件衣服（尤指内衣）（smalls）；后腰（the small of the/sb.'s back） adv. 成小块地；小小地 其他 【名】 （Small）（英）斯莫尔（人名）,small size: 小号，小码；小尺寸 | small town: 小城镇，集镇 | small amount: 小额；小批量
study,/ ˈstʌdi /,to focus on learning something usually at school,n. （专题）研究，调查；（尤指通过书本的）学习，攻读 v. 学习，攻读；认真阅读，仔细看 其他 【名】 （Study）（英）斯塔迪 （人名）,case study: 个案研究；案例研究 | course of study: 学科；学习的进程；研究课程 | further study: 进一步研究；深造；继续教育，进修
follow,/ ˈfɑːloʊ /,to come after someone; be guided by someone,v. 跟着，跟随；跟踪 n. 跟随，追随,follow up: 跟踪；坚持完成；继续做某事 | as follow: adv. 依下列各项 | follow in: 跟进；跟上投篮
begin,/ bɪˈɡɪn /,to do the first part of an action; to start,v. 开始，着手；开始说,begin with: 以…开始；开始于… | begin at: 几点开始；从……开始 | begin again: 重新开始；重做
important,/ ɪmˈpɔːrt(ə)nt /,"having a big effect on (person, the future)",adj. 重要的，重大的；（人）影响很大的，权威的,most important: 最重要的；首要的；最关键的 | more important: 更加重要 | play an important role: 起到重要作用
since,/ sɪns /,from the time in the past that,prep. 自……以后，自……以来；（表示气愤）何曾，什么时候 conj. 在……以后，自……以来；因为，由于，既然 adv. 自……以后，自……以来；此后，后来 n. （Since）（法、美）新斯（人名）,ever since: adv. 从那时到现在 | long since: 很久以前；从前 | since when: 自什么时候起，打什么时候开始
run,/ rʌn /,to move your legs faster than walking,v. 跑，奔跑；参加（赛跑），举行（比赛） n. 跑步，赛跑；旅程，航程 其他 【名】 （Run）（塞）鲁恩（人名）,in the long run: 长远；终究 | long run: adj. 长期的 | run in: 跑进；试车；顺便探访；拘留
under,/ ˈʌndər /,"in the same place as another thing, but lower",prep. 在（或到、通过）……下面；在……表面下，由……覆盖着 adv. 在下面；在下面穿过 adj. 较低的，下面的,down under: 澳洲或新西兰地区 | go under: vt. 破产；沉没；屈服；失败 | over and under: 叠排式；（商品损耗量的）波动量；立式双筒短枪
turn,/ tɜːrn /,"to change the direction of something (e.g., a car)",v. 旋转，转动；转身，扭转（身体部位） n. 转动，旋转；转向 其他 【名】 （Turn）（德、匈）图恩（人名）,in turn: 轮流，依次 | turn off: 关掉，关闭；拐弯，使转变方向 | turn into: v. 变成；进入
few,/ fjuː /,not many; small in number,det. 一些，几个；很少，不多，几乎没有 pron. 一些人（或物）；很少的人（或物） adj. 少数的；很少（的），几乎没有（的） n. （尤指享有某种机遇等的）少数派，少数（the few） ；参加过不列颠之战的少数几个英国皇家空军飞行员（the Few） 其他 【名】 （Few）（英）菲尤（人名）,quite a few: 不少，相当多 | only a few: 很少；只有几个；几乎没有 | a few days ago: 几天前
bring,/ brɪŋ /,to take or go with someone to a place,v. 拿来，带来； 使……转入（新的话题） 其他 【名】 （Bring）（英、瑞典）布林（人名）,bring about: 引起；[航]使掉头 | bring forward: 提出；提前；结转 | bring up: 提出；教育；养育；呕出；[航]（船等）停下
early,/ ˈɜːrli /,happening sooner than expected,adj. 早期的，初期的；提早的，提前的 adv. 在早期，在初期；提早，提前 其他 【名】 （Early）（英）厄尔利（人名）,as early as: 早在…的时候 | early or late: 迟早 | early in: 早在…的时候
hand,/ hænd /,body part at the end of a person's arm,n. 手；（钟表的）指针 comb. 用……手的；手工 v. 交，递；支持，搀扶 其他 【名】 （Hand）（英、瑞典）汉德（人名）,on the other hand: 另一方面 | in hand: adv. 在手头；在进行中；在控制中 | one hand: （双打开始时）一次发球权
state,/ steɪt /,"region within a country, with its own government",n. 状态，状况；紧张，焦虑 adj. 州的；国事的，国事礼仪的 v. 陈述，说明；规定，公布 其他 【名】 （State）（罗、瑞典）斯塔特，（英）斯泰特（人名）,state council: 国务院 | in a state: [口语] | in state: adv. 庄重地；正式地
move,/ muːv /,to cause something to change to a different place,v. （使）改变位置，（使）移动；搬家，搬迁 n. 措施，行动；移动，活动,on the move: 在活动中，在进行中；四处奔波 | move on: 往前走，前进；出发，离开 | move in: 生活于；周旋于；向内投
money,/ ˈmʌni /,coins or notes we use to pay for things,n. 钱，钞票，货币；财产，财富 其他 【名】 （Money）（英）莫尼，（西、法）莫内（人名）,make money: 赚钱 | for money: 现款交易 | any money: [口语]多少钱都行
fact,/ fækt /,something that is known or proved to be true,n. 事实，真相；现实,in fact: 事实上，实际上 | matter of fact: n. 事实 | facts and figures: 事实和数字；准确的资料；确凿的事实
however,/ haʊˈevər /,used to say something is different from what was said before; but,adv. 然而，可是，不过；无论如何 conj. 不管怎样，无论如何；然而，可是,
area,/ ˈeriə /,a specific section or space; part of a region,n. 地区，区域；场地，地方 其他 【名】 （Area）（西）阿雷亚（人名）,in the area: 在这个地区；在该领域 | in the area of: 在…领域 | rural area: 农村地区；乡郊地区
provide,/ prəˈvaɪd /,to make available; to supply for use,v. 提供，供给；配备，准备好,provide oneself: 自备；自办 | provide for: 供养，供给；规定；为…作准备 | provide service: 提供服务
name,/ neɪm /,what something or someone is called,n. 名字，名称；名声，名誉 v. 命名，给……取名；说出……的名称，叫出……的名字 adj. 有名的，出名的；姓名的，据以取名的 其他 【名】 （Name）内姆（日）滑（姓）（人名）,in the name of: 以…的名义 | your name: 您的姓名 | name for: vt. 以...命名
read,/ riːd /,to look at and comprehend the meaning some writing,v. 阅读，读懂；朗读 n. <英，非正式>阅读，阅读时间；<英，非正式>读物 adj. 博学的，有学问的 其他 【名】 （Read）（英）里德（人名）,read in: [计]读入 | read and write: 读和写；直读式记录 | read english: 读英语
friend,/ frend /,person who you like and enjoy being with,n. 朋友，友人；（社交网站上的）好友 v. （在社交网站上） 把（某人）加为好友；<古>与……为友，帮助 其他 【名】 （Friend）（英）弗兰德（人名）,best friend: 最好的朋友，好朋友 | good friend: 好朋友，挚友 | friend of mine: 我的朋友
month,/ mʌnθ /,"one of 12 time periods that make a year, each from 28 to 31 days long",n. 月，月份；一个月的时间,last month: 上个月 | next month: 下月 | per month: 每月
large,/ lɑːrdʒ /,"big; of great size; broad, tall, wide, long, or fat",adj. （尺寸、范围、容量）大的；广泛的，重要的 n. 大号，同类中最大者 v. <英，非正式>（尤指跳舞和饮酒）作乐，狂欢 adv. 夸大地；大大地 其他 【名】 （Large）（英）拉奇，（法）拉尔热（人名）,large number: 大量；多位数 | large number of: 大量的；众多的 | large scale: adj. 大规模的；大型的
business,/ ˈbɪznəs /,"the making, buying, or selling goods or services for money",n. 商业，买卖，生意；商务，公事,business card: 名片；商务名片 | in business: 经商；在经营；在商界 | business philosophy: 经营理念，经营哲学
without,/ wɪˈðaʊt /,used to say you don't have something or it isn't in a place,prep. 没有，缺乏；不使用，不借助 adv. 没有，缺乏；在外面 conj. <古>（方）不那样的话；除非，如果不 n. 外部，外面,do without: 没有…也行；摒弃 | go without: 没有…也行
information,/ ˌɪnfərˈmeɪʃ(ə)n /,collection of facts and details about something,n. 消息，资料，情报；（计算机程序储存和使用的）数据，信息,information desk: 服务台，问询处 | information system: 信息系统 | information technology: 信息技术
open,/ ˈoʊpən /,not closed or shut,adj. 开放的，营业的；开着的，敞开的 v. 开，打开；开封，开启 n. 户外，野外；公开，泄露,open up: 打开；开发；开始；展示，揭露 | in the open: 在户外；在野外 | open the door: 开门
order,/ ˈɔːrdər /,"to ask for something you want to buy (e.g., a meal)",n. 顺序，次序；条理 v. 命令，指示；订购，订货,in order: 整齐，秩序井然；按顺序；状况良好 | order of: 约为，大约；订货；注尺寸顺序 | second order: adj. 二级的，二阶的
government,/ ˈɡʌvərnmənt /,group of people and system which rule a nation,n. 政府，内阁；政体，国家体制,chinese government: 中国政府 | local government: 地方政府；[总称]地方政府官员（或工作人员） | central government: n. 中央政府
word,/ wɜːrd /,unit of language that has a meaning,n. 字，词，单词；（某人说的）话，言语（words） v. 措辞，用词 int. <美> （表示接受或同意别人刚说的话）就是，说得对 其他 【名】 （Word）（英）沃德（人名）,in other word: 换句话说；也就是说 | in a word: 总之；简言之 | one word: 一个字；一句话
issue,/ ˈɪʃuː /,"important topic discussed, debated, or argued over",n. 议题，争论点；（报纸、杂志等的）期，号 v. 发表，颁布；分发，分配,issue in: v. 导致 | new issue: n. 新发行的证券 | key issue: 关键议题
market,/ ˈmɑːrkɪt /,public event where people sell goods on tables,n. 集市，市场；交易，交易量 v. 推销，促销；出售 adj. 市场的，由市场决定的 其他 【名】 （Market）（塞）马尔凯特 （人名）,market economy: [经]市场经济 | socialist market economy: 社会主义市场经济 | in the market: 在市场里；想买的
pay,/ peɪ /,to give money for goods or work done,v. 支付，付；偿还，缴纳 n. 工资，薪水；付款 adj. （电视节目）付费的，收费的,
build,/ bɪld /,"to make (e.g., a house, by putting materials together)",v. 建造，修建；发展，建立 n. 体形，体格；（尤指车辆的）造型，构造,build up: 增进，加强 | build on: 依赖，依靠…；建立于；把…建立于…；以…为基础 | build in: 插入；嵌入
hold,/ hoʊld /,to use hands or arms to carry or keep something,v. 抓住，托住；按住，捂住 n. 握，抓；擒拿法 其他 【名】 （Hold）（英、德、捷）霍尔德（人名）,hold on: 不挂断电话，等一下；继续 | on hold: 暂停；尚未办理的事情；等候接听；把持住的（指有问题的） | get hold of: 把握；抓住；得到
service,/ ˈsɜːrvɪs /,to maintain a piece of machinery so it runs well,n. 公共服务系统，公共事业；（服务性行业或机构所提供的）服务 v. 维修，检修；支付（债务）利息 adj. 员工专用的； 部队的 其他 【名】 （Service）（英）瑟维斯（人名）,of service: 有帮助的 | customer service: 客户服务；售后服务 | service life: 使用寿命；使用期限；耐用年限
against,/ əˈɡenst /,in opposition to; disagreeing with,prep. 反对；（行为）违背……,up against: 面临 | go against: 不利于；违反；反对 | over against: 在…对面；正对着；与…相反；与…形成对照
believe,/ bɪˈliːv /,to think or accept that something is true,v. 相信；认为，猜想,believe in: 信仰；信任 | believe it or not: 信不信由你 | make believe: v. 假装；假扮
second,/ ˈsekənd /,2nd; the one following first,num. 第二（的），第二个（的）；（重要性、规模、质量等）居第二位的 n. 秒（时间单位）；片刻，瞬间 v. 支持，附议；<英>临时调派，短期调任 adv. 以第二位；第二，其次 其他 【名】  (Second) （美）塞孔（人名）,second half: 下半场；后半时 | second time: 第二次 | second order: adj. 二级的，二阶的
though,/ ðoʊ /,"although, despite the fact that",conj. 虽然，尽管；可是，不过 adv. 不过，可是，然而,
yes,/ jes /,way to say you agree or will do something,adv. 是，是的 n. 是（表示肯定）,oh yes: 哦是的 | if yes: 如果是 | yes or no: 或否；是或不是
love,/ lʌv /,to care for and like someone very strong and deeply,n. （对家庭成员或挚友的）喜爱，关爱；爱情，恋爱 v. 爱恋（某人）；关爱（尤指家庭成员或密友） 其他 【名】 （Love）（英、菲、瑞、美）洛夫（人名）,in love: 相爱；恋爱中 | of love: 论爱情 | for love: ◎为了爱情
increase,/ ɪnˈkriːs /,to make or become something larger in size or amount,v. 增长，增强，增大 n. 增长；增长量 其他 【名】 （Increase）（英、美、印、尼日尼亚）英克里斯（人名）,increase in: （使）在…增加；（使）在…增大 | increase production: 增产 | increase by: 增加了；按…增长
job,/ dʒɑːb /,regular work of earning money,n. 工作，职业；零工，任务 v. 刺，捅；（尤指经纪人小规模操作）买卖股票 其他 【名】 （Job）（英）乔布，（法、葡）若布，(?-1605)约伯<俄>俄罗斯正教会莫斯科牧首，（德、塞、捷、荷、意）约布（人名),good job: 好运；幸运的事情；干的不错 | on the job: 在工作；在忙著 | do a good job: 干得好；好好干
plan,/ plæn /,to decide a set of actions to do something,n. （详细）规划；（养老金、储蓄、保险）方案 v. 计划，筹划；打算 其他 【名】 （Plan）（瑞典）普兰，（法）普朗（人名）,plan for: 为……制定计划 | in plan: 作为平面图 | development plan: 发展计划；开发计划
result,/ rɪˈzʌlt /,to be the outcome of other causes and effects,n. 结果，后果；（比赛或选举的）结果 v. 发生，产生；导致，造成（注明的结局或结果） int. <非正式> 成功了！（Result!）,result of: 是…结果；由于…结果 | as a result: 结果 | as a result of: adv. 因此，由于；作为…的结果
away,/ əˈweɪ /,not here; far from here; in a different direction,adv. 距离……有多远，距离……有多久；朝另一个方向 adj. （球队比赛）客场的 n. 客场比赛，客场获胜,away from: 远离，离开；避开痛苦 | far away: 遥远的 | right away: 立刻
example,/ ɪɡˈzæmp(ə)l /,something or someone who represents a group,n. 例子，例证；榜样，楷模 v. 得到说明，可加以举例说明,for example: 例如 | as an example: 例如；作为一个例子 | example of: 例证；…的例子；…的榜样
happen,/ ˈhæpən /,to take place or occur,v. 发生；使遭遇 adv. <北英格兰>或许，大概,happen to be: 碰巧是；恰巧是 | as it happens: 碰巧；偶然发生 | happen on: 偶然遇到或发现
offer,/ ˈɔːfər /,to give the opportunity to accept something,v. 提供，给予；提议，表示愿意（做某事） n. 主动提议，提供； 出价，报价,offer for: 对…报价 | on offer: 出售中 | make an offer: 要价，出价
young,/ jʌŋ /,at an early stage of existence; not mature,adj. 幼小的，年轻的；存在不久的，新成立的 n. 年轻人（the young）；幼崽，雏鸟 其他 【名】 （Young）（英、葡）扬，（柬）永，（中）杨，（广东话）威妥玛（人名）,young people: n. 年 年轻人 | young man: n. 青年；未婚夫；男友 | young and old: 老老少少
close,/ kloʊz /,next to; only a short distance away,v. （使）关闭；合上，合拢 adj. 接近的；酷似的，几乎相等的 adv. （空间或时间上）接近地 n. 结束，结尾；（大教堂的）围地 其他 【名】 （Close）（英、法）克洛斯（人名）,pay close attention to: 密切注意 | close contact: 近距离接触；紧密接触 | so close: 如此亲密；如此贴近
program,/ ˈproʊɡræm /,planned set of actions; a schematic system,n. （计算机）程序（=programme）；计划，规划 v. （给计算机）编写程序，设计程序；设置，预设,computer program: 计算机程序 | program design: n. 程序设计；程式设计 | training program: n. 训练计划
lead,/ liːd /,to show the way or guide others,v. 引领，带路；通向，通往 n. 领先地位；超前量，领先的距离 其他 【名】 （Lead）（英）利德（人名）,lead in: 导入；引入线；开场白 | take the lead: v. 带头；为首 | in the lead: 领先；主要的；占主导地位的
buy,/ baɪ /,to get something by paying money for it,v. 购买，能买；<非正式>相信，接受 n. 合算的东西，便宜货；购买,buy in: 大宗买进 | buy time: v. 争取时间 | buy back: 产品返销；补偿交易；补进
understand,/ ˌʌndərˈstænd /,"to know the meaning of language, what someone says",v. 理解，懂得；了解，明白（某事物）,do you understand: 你能理解吗？ | come to understand: 开始明白；开始了解
thank,/ θæŋk /,to tell someone you are grateful to them,v. 感谢，向……表示谢意；（讽）要……负责，责怪 n. 感谢 int. 谢谢（thanks）,thank you for: 为某事感谢 | thank you very much: 非常感谢 | thank you so much: 非常感谢你
far,/ fɑːr /,a long way away,adv. 远，遥远地；久远地 adj. 遥远的，久远的；另一边的，较远的 其他 【名】 （Far）（德、西、塞）法尔（人名）,
today,/ təˈdeɪ /,on this day; at the time that is happening now,adv. 今天，今日；现今，在当代 n. 今天，今日；现在，当代 其他 【名】 （Today）（印度、美、俄）托迪（人名）,usa today: 《今日美国》（英文读物） | what day is today: 今天是星期几 | english today: 今日英语
hour,/ ˈaʊər /,60 minutes; one of 24 equal units of time in a day,n. 小时；一小时的路程 其他 【名】 （Hour）（法）乌尔，（柬）胡（人名）,an hour: 一小时 | half an hour: 半小时 | per hour: 每小时
student,/ ˈstuːd(ə)nt /,person studying at school,n. 学生；学者 n. （Student）人名；（德）施图登特,college student: 大学生 | university student: 大学生 | graduate student: n. 研究生；毕业生
face,/ feɪs /,"front part of the head where eyes, nose, and mouth are",n. 脸，面部；面部表情，脸色 v. 面临，遭遇；正视，面对 其他 【名】 （Face）（法）法斯，（意）法切（人名）,the face of: 即使；在…面前 | in the face: 面对；当面 | face to face: 面对面
hope,/ hoʊp /,when you wish something would happen; what you wish,v. 希望 n. 希望；期盼的东西，盼望的事 其他 【名】 （Hope）（美）奥普（人名）,hope for: 希望，期待 | in the hope of: 怀着……的希望 | in hopes of: 希望能…；怀着…的希望
idea,/ aɪˈdiːə /,"belief, thought, suggestion, opinion, or plan",n. 想法，主意；观点，看法,good idea: 好主意，好想法；妙计 | new idea: 新思想；新想法 | have no idea: 不知道；不清楚
cost,/ kɔːst /,price you pay for something,n. 价钱，费用；成本，开支 v. 价钱为，需花费；估算成本，估价 其他 【名】 （Cost）（英、美、罗、巴、法、荷）科斯特（人名）,the cost of: 以…为代价 | low cost: 低成本，廉价的 | production cost: 生产成本
less,/ les /,smaller in amount or degree,adv. 更少地，程度较低地 det. （与不可数名词连用）较少的，更少的 prep. 减去，扣除 pron. 更少，较小；更小（或更无关紧要）的事物 adj. <古>等级较低的，次要的 其他 【名】 （Less）（美、加拿大）莱斯（人名）,less than: 小于 | no less: 仍然；不相上下；依旧 | no less than: 不少于，多达…；正如
room,/ ruːm /,"a part of building enclosed by walls (e.g., kitchen)",n. 房间，室；客房 v. <美>租房，合住； <美>让……同住 其他 【名】 （Room）（英）鲁姆，（俄）罗姆（人名）,room temperature: 室温；常温（约20摄氏度） | living room: 客厅，起居室 | at room temperature: 在室温下
until,/ ʌnˈtɪl /,"up to, to indicate a point in time when something happens",conj. 到……时，直到……为止 prep. 到……时，直到……为止；直到（某处）,
reason,/ ˈriːz(ə)n /,explanation for why something occurred or was done,n. 原因，理由；充分理由，正当理由 v. 推理，逻辑思考；推论出，推断出（reason sth. out） 其他 【名】 （Reason）（英）里森（人名）,reason for: 原因，理由 | main reason: 主要原因 | for this reason: 为此；由于这个原因
form,/ fɔːrm /,visible shape or style; type; kind,v. （使）出现；（使）（关系、习惯或想法）形成 n. 表，表格；类别，种类 其他 【名】 （Form）（英）福姆，（法、德）福尔姆（人名）,in the form of: 以…的形式 | form a: 普惠制原产地证明书 | in form: 在形式上
spend,/ spend /,to use money to pay for something,v. 度过，花（时间）；花（钱），花费 n. 花费，开销 n. 预算,spend oneself: 精疲力竭，耗尽精力 | spend time: 花时间；消磨时间 | spend money: 花钱；破费
head,/ hed /,top part of your body with eyes and a mouth,n. 头；头脑，智力 v. 朝（某方向）行进；领导，主管 adj. 领头的，负责的；头的 adv. （硬币）有头像的一面朝上（heads） 其他 【名】 （Head）（英）黑德（人名）,head office: 总公司；总行 | head on: 迎面地 | head for: 前往；出发；取向于
car,/ kɑːr /,a vehicle with four wheels and engine that can carry things,n. 汽车，轿车；<美>（火车的）车厢 其他 【名】 （Car）（土）贾尔，（法、西）卡尔，（塞）察尔（人名）,by car: 乘汽车 | car accident: 车祸；交通事故 | car rental: 汽车出租
learn,/ lɜːrn /,to get knowledge or skills by study or experience,v. 学习，学会；得知，获悉,learn from: 向…学习 | learn english: 学习英语 | learn about: 了解；学习
level,/ ˈlev(ə)l /,to make things flat or even,n. 数量，程度；标准，水平 adj. 平坦的，水平的；相同价值的，相同地位的 v. 使平整；推倒，夷平 其他 【名】 （Level）（法）勒韦尔（人名）,level of: …的水平；…的等级 | high level: 高层；高电平 | basic level: 基本水平
person,/ ˈpɜːrs(ə)n /,"man, woman, or child",n. 人；自然人，法人 其他 【名】 （Person）（法、俄、德、瑞典）佩尔松，（英）珀森（人名）,one person: 一人；单人住户 | talented person: 人才；有天赋的人 | in person: 亲自；外貌上
experience,/ ɪkˈspɪriəns /,"knowledge gained by living life, doing new things",n. 经历，往事；经验，阅历 v. 经历，遭遇；体会到，感受到,experience in: 有经验；有…的经验 | working experience: 工作经验；工作经历 | work experience: 工作经验
once,/ wʌns /,one time; one instance,adv. 一次， 一回；曾经，一度 conj. 一.....就， 一旦 n. 一次,
member,/ ˈmembər /,person or thing belonging to a group or team,n. 成员，一分子；会员,party member: 党员 | family member: 家庭成员；家族成员 | staff member: 职员
enough,/ ɪˈnʌf /,equal to what is needed; as much as required,adj. 充足的，足够的 pron. 足够，充分 adv. 充分地，足够地；相当，很 n. 足够的（数目或数量），充分 int. 够了，别再说了,enough for: 足够地，充分的；对……足够的 | good enough: 足够好的 | old enough: 年龄足够大
bad,/ bæd /,not good; wrong,adj. 坏的，不好的，令人不悦的；难以接受的，令人遗憾的 n. 坏人，坏事 adv. <美，非正式>很，非常；<美，非正式>厉害地 其他 【名】 （Bad）（罗）巴德（人名）,in bad: 倒霉；失宠 | bad news: n. 坏消息；令人讨厌的人；倒霉的事 | bad weather: 恶劣的天气
city,/ ˈsɪti /,a heavily populated area with many buildings and roads,n. 城市，都市；市民，全市居民,garden city: 花园城市 | new york city: 纽约市（美国一座城市） | big city: 大城市
night,/ naɪt /,time when sun does not shine ,n. 夜间，夜晚；晚上，傍晚 adj. 夜晚的；夜晚使用的 int. 晚安（goodnight 的简称）,at night: 在夜里 | last night: 昨晚 | in the night: 在夜里
able,/ ˈeɪb(ə)l /,"having the power, skill, knowledge, or money to do something",adj. 能够，有能力的；聪明能干的，精通（某事）的 其他 【名】 （Able）（英）埃布尔，（伊朗）阿布勒（人名）,will be able to: 将能够 | be able to do: 能够做 | be able to take: 经受得住某事(指困难、痛苦的事)
support,/ səˈpɔːrt /,to give assistance or advice to someone,v. 支持，拥护，鼓励；帮助，援助 n. 支持，拥护；帮助，援助,support oneself: ◎养活自己 | support of: 支持；赞助 | support for: 对…的支持
whether,/ ˈweðər /,if something will happen or not,conj. 是否（表选择或可能性）；不管，无论 pron. <古>两个中的哪一个,whether or: 是…还是…
line,/ laɪn /,"mark that is long, straight, and very thin",n. 线，线条；（运动场地的）场界，场地线 v. 沿……形成行（或列、排）；给……安衬里，铺，垫 其他 【名】 （Line）（英）莱恩，（俄）利涅（人名）,in line: adv. 协调；成一直线；有秩序 | in line with: 符合；与…一致 | on line: 在线的；联机的
present,/ ˈprez(ə)nt; prɪˈzent /,gift,adj. （人）在场的，出席的；（事物）存在的 n. 现在，目前；礼物，赠品 v. 颁发，赠送；出示（护照等供检查）,present oneself: 出席 | at present: 目前，现在 | present situation: 现状
side,/ saɪd /,straight edge of an object,n. 一旁，侧边；（相对中间而言的）边，侧 adj. 旁边的，侧面的；次要的，附带的 v. 支持，站在……一边；给......铺外墙板 其他 【名】 （Side）（英）赛德（人名）,on the side: 另外；作为兼职 | on the other side: 另一方面 | other side: 另一面，对方
quite,/ kwaɪt /,very; in a complete or total manner,adv. 相当，很；非常，十分,quite something: 非同寻常 | quite a: 相当，完全；了不起的 | quite good: 相当好
although,/ ɔːlˈðoʊ /,despite the fact that; however,conj. 虽然，尽管；但是，然而,
sure,/ ʃʊr /,having no doubts about something,adj. 确信的，有把握的；肯定的，一定的 adv. （表示同意）当然；确实，的确，诚然（用于肯定前半部分） 其他 【名】 （Sure）（法、印、美、德）休尔（人名）,make sure: 确信；证实 | for sure: adv. 确实；毫无疑问地 | sure of: 确信…的
term,/ tɜːrm /,fixed period of weeks for learning at school,n. 词语，术语；措辞（terms） v. 把……称为,in terms: 明确地；毫不含糊地 | in terms of: 依据；按照；在…方面；以…措词 | long term: 长期的
least,/ liːst /,in the smallest or lowest way,adj. 一点儿；最少的（little 的最高级） adv. 最低程度地；最少，至少 n. 最不重要的事物，最微小的事物；至少，起码 pron. 最少量；起码 det. 最少的，最小的,at least: 至少 | least square: 最小二乘方；最小平方 | least square method: 最小二乘法；最小平方法
age,/ eɪdʒ /,number of years a person has lived (also of things),n. 年龄，年纪；寿命，（物的）年代 v. 变老，老化；（使）显老，（使）苍老 其他 【名】 （Age）（西、荷）阿赫，（瑞典）阿格，（日）扬（人名）,at the age of: 在…岁 | of age: 成年 | old age: 老年；晚年
low,/ loʊ /,"not high; being near the ground, or bottom",adj. 低的，矮的；在底部的 adv. 在（或向）低位置；低于通常（或期望）的水平 n. 低点；（人生的）低谷 v. （牛）哞哞叫 其他 【名】 （Low）（英、德）洛（人名）,low cost: 低成本，廉价的 | low temperature: 低温 | high and low: 到处；高低贵贱
speak,/ spiːk /,"to use words to tell information, express thoughts",v. 谈话，交谈；说，讲述,generally speaking: adv. 一般而言 | speak english: 说英语；讲英语 | speak for oneself: 发表个人意见；说自己的事；为自己辩护
within,/ wɪˈðɪn /,"not beyond the limits of a particular space, time, or range",prep. 在（某段时间）之内；在……限度内 adv. 在里面，在内部；在内心深处，在思想上 n. 里面，内部,within oneself: 在心中；保留体力的 | from within: 从里面，从…的内部 | come within: 在…范围内
process,/ ˈprɑːses /,to adopt a set of actions that produce a particular result,n. 步骤，程序；（自然或偶然的）变化过程 adj. （印刷）三原色的，三色版的； 经过特殊加工的 v. （用化学物品或机器）处理，加工；审核，受理（正式文件或请求）,process of: …的过程 | in the process of: 在…的过程中 | in the process: 在过程中；在进行中
public,/ ˈpʌblɪk /,concerning society in general,adj. 公众的，大众的；公共的，公用的 n. 公众，大众（the public）；志趣相投（或从事同一类活动、具有共同特征）的群体 其他 【名】  （Public）（英）帕布利克（人名）,in public: adv. 公开地，当众 | public health: n. 公共卫生；公共卫生设施 | public security: 公共安全
often,/ ˈɔːf(ə)n /,"many times, frequently, on many occasions",adv. 常常，时常；在许多情况下,often as: 尽管…常常 | as often as: 每当 | more often: 经常（更多频率）
train,/ treɪn /,vehicle that carries people and runs on rails,n. 火车，列车；（行进中的）行列，队列 v. 培训，训练；（为准备体育赛事而）操练 其他 【名】 （Train）（英）特雷恩，（法）特兰，（意）特拉因（人名）,train of thought: 一连串的思想或思路 | by train: 乘火车 | train station: 火车站
possible,/ ˈpɑːsəb(ə)l /,"having a chance of happening, or being true",adj. 可能的，可能做到的；可能发生的，可能存在的 n. 可能适合的人（事物）；可能性，能完成的事（the possible）,possible for: 可能；对…可能的 | as much as possible: 尽可能 | if possible: 如果可能的话；如有可能
actually,/ ˈæktʃuəli /,used to add new (often different) information,adv. 实际上，事实上；（用于开始新话题）其实,
rather,/ ˈræðər /,somewhat; fairly; not that much,adv. 颇，相当；宁愿，最好（would rather） int. <英，旧>当然，的确（表同意） 其他 【名】  （Rather）（英）拉瑟（人名）,rather than: 而不是；宁可…也不愿 | would rather: 宁愿，宁可 | or rather: 更精确地说，倒不如说
view,/ vjuː /,things you are able to see from a specific place,n. 观点，看法；（理解或思维的）方法，方式 v. 看待，考虑；观看,in view: 在视野范围内；在考虑中的；作为目标 | in view of: adv. 鉴于；考虑到 | point of view: 观点；见地；立场
together,/ təˈɡeðər /,near close in the same place not far in a family or group,adv. 在一起，共同；以使接触（或相结合），到一起 adj. <非正式>自信而有条理的，沉稳的；（两人）结婚的，有性关系（或恋爱关系）的,together with: 和；连同 | get together: 聚会；聚集；收集；积累 | all together: 一起，一道；同时
consider,/ kənˈsɪdər /,to think carefully about something,v. 考虑，斟酌；认为，视为,consider as: vt. 认为（把...看作） | all things considered: 从全面考虑 | consider doing: 考虑做…
price,/ praɪs /,to determine or set the cost of something,n. 价格；代价 v. 为……定价；给（商店中的产品）标价 其他 【名】 （Price）（英）普赖斯，（法）普里斯，（葡、瑞典）普里塞（人名）,reasonable price: 合理价格；价格公道 | low price: 低价；廉价 | market price: 市价
parent,/ ˈperənt /,person's mother or father,n. 父亲（或母亲）；（动植物的）亲代，亲本 v. 做……的父亲（或母亲）；为人父母 其他 【名】 （Parent）（英、西）帕伦特，（法）帕朗（人名）,parent company: 总公司，母公司 | female parent: [生]母本 | single parent: n. 单亲；单身母亲；单身父亲
hard,/ hɑːrd /,"difficult to bend, break or cut; solid",adj. 硬的，坚固的；困难的 adv. 努力地，费力地；用力地，猛烈地 n. <英>海滩路 其他 【名】 （Hard）（英、芬、瑞典）哈德（人名）,hard work: 努力工作；繁重的工作 | work hard: 努力学习；辛勤工作 | study hard: 努力学习
party,/ ˈpɑːrti /,"social event often with food, drinks, and dancing",n. 聚会，派对；政党，党派 v. <非正式> 尽情欢乐，欢宴 adj. （纹章）分割开的，分成不同颜色部分的,third party: 第三方 | Communist Party: 共产党 | party committee: 党委
local,/ ˈloʊk(ə)l /,"relating or restricted to a particular area, city, or town",adj. 当地的，地方的；局部的 n. 当地人，本地人；<英>住处附近的酒吧,local government: 地方政府；[总称]地方政府官员（或工作人员） | local area network: n. 局域网 | local culture: 本土文化；地方文化
control,/ kənˈtroʊl /,to direct or influence the behavior of something,n. （对国家、地区、机构等的）控制权，支配权；控制能力 v. 控制，掌管；限制，限定,control system: 控制系统 | control of: 对…的控制 | quality control: 质量控制，质量管理
already,/ ɔːlˈredi /,having happened or been done before this time,adv. 已经，早已；<美，非正式>马上，够了（用于表达不耐烦或气恼）,
concern,/ kənˈsɜːrn /,feeling of worry or anxiety,n. 担心，忧虑；使人担忧的事物 v. 有关，关于；涉及，影响,"concern oneself: ◎从事,忙于(常与with, about, in, over连用) | of concern: 重要的；具有意义 | concern about: 对…表示担心/忧虑；使（自己）关心…"
product,/ ˈprɑːdʌkt /,item that can be bought,n. 产品，制品；（自然、化学或工业过程的）生成物,product quality: 产品质量 | product development: 产品开发；产品发展 | product design: 产品设计
lose,/ luːz /,to be unable to find something you once had,v. 遗失，丢失；失去（某一特性、特点、态度或信念） 其他 【名】 （Lose）（英）洛斯，（德）洛泽（人名）,lose oneself: 迷路 | lose sight of: 忽略；不再看见 | lose face: 丢脸
story,/ ˈstɔːri /,an account or description of how something happened,n. （真实或虚构的）故事，叙述；新闻报道 v. 用历史故事画装饰 其他 【名】 （Story）斯托里（人名）,love story: n. 爱情故事，恋爱小说 | tell a story: 讲故事；说谎 | short story: 短篇小说（指一万字以内的小说）
almost,/ ˈɔːlmoʊst /,"only a little less than, nearly, not quite",adv. 几乎，差不多,almost all: 几乎处处
continue,/ kənˈtɪnjuː /,"to do something without stopping, or after pausing",v. （使）继续，（使）延续；继续说，接着说,continue with: 继续做 | continue to do: 继续做某事 | continue doing: 一直做（同一件事）
stand,/ stænd /,to be upright; not be sitting or lying down,v. 站，站立；起立，站起来 n. 架，座，台；立场，见解,stand up: v. 站起来；坚持；竖立；站得住脚；拥护 | stand in: 定位替身；代演员站位 | stand on: 坚持；依靠；位于；拘泥于；[航]持续向同一方向航行
whole,/ hoʊl /,complete or full; all of ,adj. 全部的，整个的；完整的，完好无损的 n. 整体，全部 adv. 完全地；整个,as a whole: 总的来说 | in whole: 整个地；全部 | on the whole: 基本上，大体上；就全体而论
yet,/ jet /,until now; up to the present,adv. 仍然，还；现在，此刻 conj. 然而，但是 其他 【名】 （Yet）（东南亚国家华语）一（人名）,and yet: 可是，然而 | as yet: 至今仍 | nor yet: 也没有，也不
rate,/ reɪt /,speed or frequency of events over time,n. 速度，速率；比率，率 v. 评价，评定；被认为，被列为 其他 【名】 （Rate）（法、塞）拉特（人名）,exchange rate: 汇率；兑换率 | interest rate: [经]利率 | growth rate: 增长率；生长速率
care,/ ker /,to look after someone or something,n. 照料，护理；小心，谨慎 v. 照顾，照料；在意，担忧 其他 【名】 （Care）（英）凯尔，（塞）察蕾（人名）,take care: 注意；小心 | take care of: 照顾；注意；抚养 | care of: 由…转交
expect,/ ɪkˈspekt /,to believe something is probably going to happen,v. 期待；预计,expect too much of: 对(某人)期望过高 | expect of: 对…期望（要求） | expect to do: 期待去做；期望做某事
effect,/ ɪˈfekt /,change brought about by a cause; result,n. 作用，影响；（刻意制造的）效果，印象 v. 实现，引起,effect on: 对…的作用 | curative effect: 疗效 | main effect: 主效应
sort,/ sɔːrt /,group or class of similar things or people,n. 种类，品种；某一种（或某一类）人 v. 整理，把……分类，拣选；妥善处理，安排妥当,sort of: 有几分地；到某种程度；稍稍 | some sort of: 某种的；多少有些；仿佛 | sort out: 挑选出
ever,/ ˈevər /,at any time; at all times in the future,adv. 曾经，从来，在任何时候；一直，始终 其他 【名】 （Ever）（英）埃弗，（俄）叶韦尔，（西、法）埃韦尔（人名）,for ever: 永远；总是 | ever since: adv. 从那时到现在 | as ever: 一直，依旧
anything,/ ˈeniθɪŋ /,thing of any kind; used to refer to a thing in questions,pron. 任何事物 （用于含有否定意义的陈述句中）；某事物（用于疑问句和条件分句中）,anything but: 根本不，决不 | of anything: 或者其他别的事，或其他什么的 | for anything: 无论如何（用于否定句中）
cause,/ kɔːz /,to make something happen; create effect or result,n. 原因；事业 v. 引起,cause of: 起因；属…原因 | cause for: …的原因 | in the cause of: 为了
fall,/ fɔːl /,dropping from a standing position to the ground,v. 降落，落下；跌倒，倒塌 n. 落下，跌倒；（数量、水平、价格等的）下降，降低 其他 【名】 （Fall）（西）法勒（人名）,fall in: 到期；集合；排队；倒塌；与某人在一起 | fall in love: 坠入爱河；爱上某人 | fall into: 落入；分成
deal,/ diːl /,"to give out (cards, etc.) to; distribute",n. 大量；交易 v. 应对（难缠的人，困难局面）（deal with）；（以某种方式）对付，对待（deal with） 其他 【名】 （Deal）（美）迪尔（人名）,deal with: 处理；涉及；做生意 | great deal: 大量 | a great deal of: 大量
water,/ ˈwɔːtər /,"clear liquid that forms the seas, rivers, and rain",n. 水，雨水；水域，（江、河、湖、海等）大片的水 v. 给……浇水，灌溉；给…...水喝，饮（动物） 其他 【名】 （Water）（英）沃特（人名）,water quality: 水质 | water supply: 供水系统；水源 | water treatment: 水处理；水的处理
send,/ send /,to cause mail or package to go to another place,v. 邮寄，发送；传达，告知 n. <古> 波浪的推力，波浪引起的水位上升（=scend） 其他 【名】 （Send）（德）森德,send out: 发送；派遣；放出 | send in: 递送；呈报；命…进来 | send for: 召唤，派人去叫；派人去拿
allow,/ əˈlaʊ /,to let or permit someone do something,v. 允许，准许；使有可能,allow for: 考虑到，虑及 | allow of: 容许
soon,/ suːn /,at a time not long from now,adv. 很快，马上，不久；早，快,as soon as possible: 尽快 | soon after: 稍后，不久以后 | sooner or later: 迟早，早晚
watch,/ wɑːtʃ /,to look at carefully to work out what is happening,v. 看，注视；观看（电视节目、比赛等） n. 表，手表；观察，监视,
base,/ beɪs /,origin or start from which something came,n. 根基，底部；基础 v. 以……为基础；把基地设在…… adj. 卑鄙的，下流的；低劣的 其他 【名】 （Base）（英、美、爱尔兰）马濑（人名）,base on: 基于，以……为根据；在……基础上 | production base: 生产基地 | on base: [体]占垒
probably,/ ˈprɑːbəbli /,likely to happen or be true,adv. 大概，或许,
suggest,/ səˈdʒest /,to mention something that could be done; propose,v. 提议，建议；推荐，举荐,suggest doing: 建议做…
past,/ pæst /,"the time that existed before now (e.g., long ago)",adj. 过去的，昔日的；刚过去的，刚结束的 n. 过去，昔日（the past）；往事，经历 prep. 晚于，在…...之后；在…...的更远处 adv. 从一侧到另一侧，经过；（时间）过去，逝去,in the past: 在过去 | past year: 去年 | in the past year: 在过去的一年中
power,/ ˈpaʊər /,legal or official right to perform certain actions,n. 控制力，操控力；政权，统治 v. 驱动，推动（机器或车辆）；（使）迅猛移动，快速前进 adj. 电力的，电动的；强大的,in power: adj. 执政的；掌权的；当权的 | power supply: 电源；电源供应器 | electric power: 电力；电功率
test,/ test /,examination; questions to measure knowledge,n. （书面或口头的）测验，考试；（医疗上的）检查，化验，检验 v. 试验，测试；测验，考查（熟练程度，知识）,test data: 测试数据；检查数据 | test result: 试验结果 | test method: 检测方法，检测方法
visit,/ ˈvɪzɪt /,"to go to a place for a time, usually for a reason",v. 参观，游览；拜访，作客 n. 参观，游览；拜访，作客 其他 【名】 （Visit）（泰）威实（人名）,pay a visit: 进行访问 | visit with: 聊天；与……闲谈 | state visit: 国事访问（国家元首至其他国的官式访问）
center,/ ˈsentər /,place in the middle of something,n. （地理位置）中间，中心点；（机构，组织）活动中心 v. 把……放在中央；（使）以……为中心，（使）注意力集中于 n. （Center）森特（人名）,research center: 研究中心 | in the center of: 在中央，在中间 | service center: 服务中心；计算中心
grow,/ ɡroʊ /,to develop and become bigger or taller over time,v. 长大，成长；成活，生长 其他 【名】 （Grow）（英）格罗（人名）,grow up: 成长，逐渐形成 | grow in: 增加；在……方面成长 | grow old: 变老
nothing,/ ˈnʌθɪŋ /,"not anything, not a single thing",pron. 没有什么，没有一件东西；无关紧要的事，无足轻重的人 adv. 并不，毫不；<美，非正式> 用于强烈地表示相反看法根本不是（这样） n. 无关紧要的事，无足轻重的人；空地，虚空 adj. <非正式>没前途的，没价值,nothing but: 只有；只不过 | have nothing: 一无所有；什么也没有 | nothing to do: 无所事事；闲着没事
return,/ rɪˈtɜːrn /,to come back to a place again,v. 回来，回去；归还，退还 n. 回来，返回；归还，退回 adj. （票）双程的，往返的；（旅途）返回的，返程的,and return: 并且回程 | in return: adv. 作为报答 | return for: 作为对…的报答
mother,/ ˈmʌðər /,a female who has a child or children,n. 母亲；大娘 vt. 生下；养育 adj. 母亲的；出生地的,mother tongue: 母语；本国语言 | mother liquor: 母液 | mother nature: 大自然；自然的力量
walk,/ wɔːk /,to move with your legs at a slowish pace,v. 走，步行；徒步旅行，散步 n. 步行，散步；徒步旅行 其他 【名】 （Walk）（美）沃克（人名）,walk in: 走进去，供人走进 | walk out: 走出；罢工；退席；把（某人）领出 | walk on: 走下去；继续行走
matter,/ ˈmætər /,problem or reason for concern,n. 事情，问题；事态，情况 v. 要紧，有关系；（伤口）化脓，流脓 其他 【名】 （Matter）（英、法）马特，（西）马特尔（人名）,no matter: 不论怎样；不要紧 | a matter of: 大约；…的问题 | no matter how: 不管怎样
mind,/ maɪnd /,part of humans that allows us to think or feel,n. 头脑，大脑；智慧，思维方式 v. 苦恼，反对；（请求允许或客气地请人做事）介意,in mind: 记住，考虑到，想到；在心里；头脑中；时刻记住 | in my mind: 在我脑海中；在我的心中；在我精神世界里 | state of mind: 心理状态，思想状态；心境
value,/ ˈvæljuː /,to say how much money something is worth,n. 价值；等值，等价，物有所值 v. 尊重，重视；给……估价，给……定价,of value: adj. 贵重的（重要的） | reference value: 参考值；标准值；参照值 | practical value: 实际价值
office,/ ˈɑːfɪs /,building of set of rooms used to do business or professional activities,n. 办公室；办公楼，办事处,in the office: 在办公室里 | in office: 执政，在位 | head office: 总公司；总行
record,/ ˈrekɔːd; rɪˈkɔːd /,being the highest or most extreme level achieved in an area,n. 记录，记载；（某人或某物过去的）记录，经历 v. 记录，记载；录制 adj. 创纪录的 其他 【名】 （Record）（美）勒科尔（人名）,world record: 世界纪录 | of record: 有案可查的 | for the record: 为正式记录在案目的
stay,/ steɪ /,to spend time visiting a place or someone's home,v. 停留，逗留；保持原状，维持 n. 暂住，逗留；<法律>（审判的）推迟，延缓,stay in: 呆在家里；不外出 | stay at: 暂住在…；保留 | stay with: 同…住在一起；把…坚持下去；与…并驾齐驱
force,/ fɔːrs /,to use physical strength or violence to persuade,n. 暴力，武力；力，力量 v. 强迫；用力推 其他 【名】 （Force）（英、法）福斯，（意）福尔切（人名）,by force: 强迫地；靠武力；凭藉暴力 | driving force: 驱动力，推动力 | in force: 有效的；大批地；大规模地
stop,/ stɑːp /,to finish moving or to come to an end,v. （使）停止，结束；（使）中断 n. 停止，终止；车站,bus stop: 公共汽车站 | stop at: 住宿；[口]逗留在；对…有所踌躇 | stop in: 顺便访问；中途作短暂访问
several,/ ˈsevrəl /,more than two but not many,adj. 不同的，各自的；<法律>单独，各个 pron. 几个，数个 det. 几个，数个,in several: adv. 分别地；各个地 | several times: 几次 | several people: 几个人
light,/ laɪt /,not heavy; weighing only a little,n. 光，光线；光源（如电灯） adj. 浅色的，淡色的；采光好的，光线足的 v. （使）照亮；（使）燃烧，点燃 adv. （旅行）轻装地；轻地 其他 【名】 （Light）莱特（人名）,in the light of: 根据，按照；当作 | in light: 被光线照着 | in the light: 灯光下；在光芒中
develop,/ dɪˈveləp /,"to grow bigger, more complex, or more advanced",v. （使）成长，发育，发展；逐渐形成，逐渐养成,(begin to) develop: 开展；（开始）成长 | develop into: 发展成为 | develop from: 成长于；从…发展出来
remember,/ rɪˈmembər /,to bring a previous image or idea to your mind,v. 回想起，记得；记起，忆起（某事物）,remember oneself: 约束自己；检点；(犯过失后)反省；仔细想一想；恢复镇定 | remember someone to someone: 代某人向某人致意(或问好) | remember to do: 记得要做某事；记得去做某事
bit,/ bɪt /,small piece of something,n. 小片，小块；小部分，片段 adj. 很小的 v. 制约，限制；给（马）上嚼子 v. 咬，咬伤；叮，蜇（bite 的过去式和过去分词形式）,little bit: 一点点 | a bit of: 一点 | bits of: 少量的，小块片的
share,/ ʃer /,"part of a company you own, shown by a certificate",v. 共享，合用；分享 n. 股份，股票；（共有财产的）部分所有权 其他 【名】 （Share）（美）沙雷（人名）,market share: 市场占有率 | share of: …的份额；…的部份 | share with: 分与，分配；和…分享
real,/ ˈriːəl /,"actually existing or happening, not imagined",adj. 实际存在的，非想象的；名副其实的 adv. 很，非常地 n. 雷阿尔（巴西1994年以来的基本货币单位，等于100分）；雷阿尔（多个西班牙语国家以前的硬币和货币单位） 其他 【名】 （Real）（德、西、葡、法）雷亚尔，（英）里尔（人名）,real estate: n. 不动产，房地产 | real time: 实时；同时 | real estate market: 房地产市场；不动产市场
answer,/ ˈænsər /,solution to a problem or test question,v. 回答，答复；回复 n. 回答，答复；答案,in answer to: 回答；应…要求 | answer for: 因……而受罚；对……负责 | no answer: 无应答；舵失灵
sit,/ sɪt /,to be in a resting position on a chair,v. 坐下，就座；能容纳，可坐（……人） n. 坐的一段时间；<古>（衣服的）合身 其他 【名】 （Sit）（美、加）西特（人名）,sit down: 坐下；扎营 | sit on: 开庭审理；成为…的一员；旁听；列席 | sit in: 列席，旁听；参加；代理
figure,/ ˈfɪɡjər /,to understand after thinking; work out,n. 数字，数目，数值；数字符号，位数 v. （以重要地位）出现；<美，非正式>认为，估计,public figure: 社会名人 | figure out: 解决；算出；想出；理解；断定 | figure in: 算进；包括进
letter,/ ˈletər /,message you put in an envelope and send by post,n. 信，信函；字母 v. 用字母标注；把字母印刷（或缝制等）于 其他 【名】 （Letter）（美、英、巴西）莱特（人名）,letter of credit: n. [商]（银行发行的）信用证 | to the letter: 严格地，不折不扣地；严格按照字句 | write a letter: 写信
decide,/ dɪˈsaɪd /,to make a choice about something or choose after thinking,v. 影响（或决定）……的结果；断定，判定,decide on: 决定；选定 | decide for: 作对…有利的决定；赞成做某事 | decide to do: 决定做某事
language,/ ˈlæŋɡwɪdʒ /,words or signs used to communicate messages,n. 语言，语言文字；言语，说话,foreign language: n. 外语；外文 | english language: 英文；英语语言学 | chinese language: 汉语
subject,/ ˈsʌbdʒekt /,"the person, or thing that is being talked, or written about",n. 主题，话题；学科，科目，课程 v. 使臣服，征服，压服；使经受，使遭受 adj. 隶属的，臣服的；可能受……影响的，易遭受……的,on the subject of: 涉及…时 | subject matter: 主题；主旨 | on the subject: 就某话题
class,/ klæs /,"rank or level in society, ranked from high (rich professional people) to low (ordinary people)",n. 班级；（一节）课，上课时间 v. 把……归类，把……看作；把……编入某一班级 adj. <非正式>优秀的，出色的 其他 【名】 （Class）（英、德）克拉斯（人名）,in class: 在课堂上；上课中 | first class: 头等，第一流；最高级 | economy class: （飞机上的）经济舱位
development,/ dɪˈveləpmənt /,act or process of growing bigger or more advanced,n. 发育，成长，发达；发展，进步,sustainable development: 可持续发展 | economic development: 经济发展；经济开发 | with the development of: 随着……发展
town,/ taʊn /,small city,n. 城镇，市镇； （生活、工作或刚提到的）城镇 其他 【名】 （Town）（英）汤（人名）,in town: 在城里；在镇上 | small town: 小城镇，集镇 | town planning: n. 城镇规划；都市规划（等于city planning）
half,/ hæf /,the part you get when one is divided into two; ½,n. 一半，二分之一；半场，半局 pron. 一半；（时间）……点半（=half past） det. 一半 adj. 一半的；不完整的，部分的 adv. 一半地，接近一半地；部分地，不完全地 其他 【名】 （Half）（英）哈夫，（德）哈尔夫，（阿拉伯）哈勒夫（人名）,and a half: 了不起的；而且比这多得多 | in half: 分成两半 | by half: ◎只一半
minute,/ ˈmɪnɪt /,unit of time equal to 60 seconds,n. 分，分钟；片刻，一会儿，瞬间 adj. 极小的，微小的；详细的，细致入微的 v. 将（某事）写进会议记录；发送备忘录,every minute: n. 完全，彻底；时时刻刻 | in a minute: 马上；立即 | at the last minute: 到最后一刻
food,/ fuːd /,what people and animals eat to live,n. （植物生长的）养料；食物，食品,food industry: 食品工业，食品产业 | food and drink: 饮食；食品与饮料 | food processing: 食品加工，食品处理；进食，食品热杀菌
break,/ breɪk /,"to separate into pieces by force, or by dropping",v. 打破，折断；（使）破裂，撕开 n. 间歇，小憩；课间休息,break through: 突破；突围；有重要创见 | break up: 打碎，破碎；结束；解散；衰落 | break down: 分解；发生故障；失败；毁掉；制服
clear,/ klɪr /,easy to understand; well-explained; obvious,adj. 易懂的，明白的；明显的，明确的 v. 清除，清理；恢复畅通，不再受阻 adv. <美>一直；离开，不靠近 n. 清白的，无罪的（in the clear）；不再困难的，已脱险的（in the clear） 其他 【名】 （Clear）（英）克利尔（人名）,make clear: 显示；解释清楚 | in the clear: 不受阻碍；以内宽计算；用普通文字 | clear of: 清除，扫清
future,/ ˈfjuːtʃər /,time that is to come after the present,n. 未来，将来；前途，前景 adj. 将来的，未来的；（动词）将来时态的,in the future: 在将来 | in future: 从今以后，往后 | for the future: 将来；从今以后
either,/ ˈiːðər /,one of two (used when there is a choice of two),conj. 或者，要么；两者都（不），既（不） pron. （两者之中）任意一个；两者都（不） adv. 也（不），亦（不）；而且，还 det. （两者中的）每个，各方 adj. （两者中的）每个的，各方的,either of: 两者之一 | either or: 二者择一的；要么…要么…
ago,/ əˈɡoʊ /,at a specified length of time in the past,adv. 以前，从前 adj. 以前的 其他 【名】 （Ago）（美）阿戈（人名）,
per,/ pər /,for each; during each,prep. 每，每一；按照，根据 adv. 每，每个 abbr. 人（person）；时期（period） 其他 【名】 (Per)（挪、瑞、丹）佩尔（人名）,per cent: 百分之……，百分数 | per capita: 人均；（拉丁）每人；按人口计算 | as per: 按照，依据；如同
remain,/ rɪˈmeɪn /,"to be left behind, to continue to exist",v. 逗留，留下；剩余，遗留 n. 剩余（物），遗迹；遗体，残骸,remain invincible: 立于不败之地 | remain silent: 保持沉默 | remain with: v. 属于
top,/ tɑːp /,highest or upper part or point of something,n. 顶部，顶端，上端；上层表面 adj. 顶端的，顶部的，最上面的；（地位、程度或重要性）最高的 v. 高于，超过，高过；优于，胜过 adv. <非正式>最多，至多（tops） 其他 【名】 （Top）（巴）托普（人名）,on top: 在上面；领先；成功 | on top of: 另外；熟练掌握；在…之上；紧接着 | the top of: 在…的顶部；在…的巅峰
among,/ əˈmʌŋ /,in the center of some things; in relation to several things,prep. 在……当中，周围是；与……在一起,from among: 从…中间；从…当中 | among others: 其中；尤其；除了别的之外 | among the rest: adv. 在其中
win,/ wɪn /,to succeed in a game or contest,v. （在战斗、比赛、游戏等中）赢，获胜；赢得（奖品等） n. （在比赛、竞赛等中的）胜利 其他 【名】 （Win）（德、荷、缅）温，（英）温（女子教名 Winifred 的昵称）（人名）,win over: 说服，胜诉；争取到… | win at: 在…取胜 | win against: 赢，打败
color,/ ˈkʌlər /,"the quality of things you can see (e.g., red, blue)",n. <美>颜色；肤色 vt. 粉饰；给……涂颜色 vi. 变色；获得颜色,color in: 填色，用颜色填 | color image: 彩色图像 | color printing: 彩印
involve,/ ɪnˈvɑːlv /,to have or be included as a part of something,v. 牵涉，涉及；包含，需要,involve in: 参与；涉及；卷入，陷入
reach,/ riːtʃ /,to come to or arrive at a goal or destination,v. 到达，抵达；被看见，被听到 n. （臂的）伸出；伸手可及的距离 其他 【名】  (Reach)(柬)列（人名）,reach out: vt. 伸出 | reach for: 伸手去拿 | reach an agreement: 达成协议；取得一致意见，达成共识
social,/ ˈsoʊʃ(ə)l /,involving activities among people especially free time activities,adj. 社会的；社会地位的，社会阶层的 n. 社交聚会，联欢会；<英>社会保障（the social）,social development: 社会发展；社会开发 | social security: 社会保险，社会保障 | social life: 社交生活，社会生活
period,/ ˈpɪriəd /,set amount of time during which events take place,n. 一段时间，时期；（人生或国家历史的）阶段，时代 adj. 具有某个时代特征的 adv. <美>到此为止，不再说了,period of time: 一段时间；时段 | long period: 长期的；长周期 | short period: adj. 短周期的；短过期的
across,/ əˈkrɔːs /,from one side to the other of something,adv. 从一边到另一边；在……对面 prep. 从一边到另一边；横过，穿过,across the board: 全面地；包括一切地；以三等分的钱数赌同一匹马赢得前三名 | across from: 在…对面 | go across: 穿过，横过；走过
note,/ noʊt /,to make mention of something; to make a remark,n. 短笺，便条；笔记，记录 v. 留意，注意；指出，提及 其他 【名】 （Note）（美、法）诺特（人名）,
history,/ ˈhɪstri; ˈhɪstəri /,study of past event,n. 历史；沿革，发展过程,in the history: 在历史上 | long history: 历史悠久 | in history: 在历史上
create,/ kriˈeɪt /,"to make, cause, or bring into existence",v. 创造，创建；设计，创作,create button: 创建按钮
drive,/ draɪv /,to control a vehicle so that it moves somewhere,v. 驾车送（人）；迫使，驱使 n. 驱车出行；强烈欲望，本能需求,drive system: 驱动系统，传动系统 | hard drive: （电脑）硬盘驱动器 | drive in: 钉入；赶进；运球突破
along,/ əˈlɔːŋ /,at a point on a line,prep. 沿着，顺着；靠着……边 adv. 向前；一起，一道,along with: 沿（顺）着；连同…一起；与…一道；随同…一起 | get along: （勉强）生活；进展；（使）前进；与…和睦相处 | all along: 自始至终，一直
type,/ taɪp /,group of things or people sharing common features,n. 类型，种类；具有某种特征的人，典型 v. （用计算机或打字机）打字；测定……的类型，分型 其他 【名】 （Type）（英）泰普（人名）,type of: 类型 | new type: 新型 | in type: 排好版
sound,/ saʊnd /,waves traveling in air or water that can be heard ,n. 声音，声响；听力范围，听距 v. （使）发声，（使）作响；发出（警告等），（以……语调）发表 adj. 无损伤的，健康的，坚实的；合理的，明智的，可靠的 adv. 酣畅地,sound like: 听起来像... | sound quality: 品质优良，完好的质量 | sound system: n. 音响系统；音响设备
eye,/ aɪ /,part of the body that you see with,n. 眼睛；目光，所看之处 v. 注视，仔细打量 其他 【名】 （Eye）（英）艾，（德）艾厄（人名）,in the eyes of: 在…心目中；从…来看 | to the eye: adv. 从表面上看来；公然 | an eye for: 对…很有兴趣，对…有很深的爱好；对…有敏锐的鉴赏力；能欣赏；能判断
music,/ ˈmjuːzɪk /,sounds that are sung or played to give pleasure,n. 音乐，乐曲；乐谱,pop music: 流行音乐 | classical music: 古典乐 | music education: 音乐教育；音乐教诲
game,/ ɡeɪm /,activity with rules that people play to have fun,n. 游戏，比赛；一局，一场 adj. 愿意尝试的，有冒险精神的；<旧>（腿）残疾的，瘸的 v. 操纵；玩视频（或电视、电脑）游戏 其他 【名】 （Game）（英）盖姆，（法）加姆，（西）加梅（人名）,play the game: 玩游戏；行动光明正大；遵守比赛规则 | on the game: 偷窃；卖淫，为娼 | game theory: 博弈论，对策论
political,/ pəˈlɪtɪk(ə)l /,concerning government or public affairs,adj. 政治（上）的，政府的；政党的，党派的,political party: 政党 | political system: 政治制度；政治体系 | political power: 政治权力；政治力；政治力量
free,/ friː /,costing no money,adj. 免费的；自由的 adv. 自由地；免费地 v. 释放；使解脱出来 n. <英，非正式>自由转会 其他 【名】 （Free）（英）弗里（人名）,for free: 免费 | free of: adj. 无…的；摆脱…的；在…外面 | free from: 使摆脱；免于；解放
receive,/ rɪˈsiːv /,to get something that someone has given or sent to you,v. 得到，收到；遭受，经受（特定待遇）,
moment,/ ˈmoʊmənt /,very short or brief period of time,n. 片刻，瞬间；某一时刻 其他 【名】 （Moment）（英）莫门特（人名）,at the moment: 此刻；当时 | for a moment: 片刻，一会儿；暂时 | for the moment: 暂时，暂且；目前
sale,/ seɪl /,giving something for money; the amount sold,n. 出售，销售；销售额（sales） 其他 【名】 （Sale）（意、塞、瑞典）萨莱，（英、萨摩）塞尔，（法）萨尔（人名）,for sale: 出售；待售 | on sale: 廉价出售；贱价抛售 | after sale service: 售后服务
policy,/ ˈpɑːləsi /,"course of action proposed by an organization, etc.",n. 政策，方针；(处事) 原则，策略,monetary policy: 货币政策 | economic policy: 经济政策 | foreign policy: 外交政策
further,/ ˈfɜːrðər /,extra; in addition,adv. 更远地，再往前地；进一步 adj. 更多的，进一步的；（距离上）更远的，较远的 v. 促进，推进,further development: 进一步的发展 | further study: 进一步研究；深造；继续教育，进修 | further more: adv. 而且；此外
body,/ ˈbɑːdi /,a person's physical self,n. 身体，躯体；躯干 v. 赋予（抽象事物）以形体，使具体化；制造（汽车）的车身 其他 【名】 （Body）（英、法、罗）博迪（人名）,main body: 主体，主要部分；主船体；机身 | human body: 人体 | in a body: 全体，整体
require,/ rɪˈkwaɪər /,"to need something, to make it necessary",v. 需要；要求做（某事），规定,
wait,/ weɪt /,to spend time until an expected thing happens,v. 等候；盼望，期待 n. 等待，等候的时间；<史>（城镇）官方乐队（waits） 其他 【名】 （Wait）（英）韦特，（捷）魏特（人名）,wait for: 等候 | please wait: 请稍候，请稍等；请您稍候；正在暖机等待结束再开始使用 | wait until: 等待直到…
general,/ ˈdʒen(ə)rəl /,"widespread, normal or usual",adj. 总体的，普遍的；一般的，常规的 n. 上将，将军；半军事化管理的宗教组织（如耶稣会修士、多明我会修士或救世军）的领袖 其他 【名】 （General）（英）杰纳勒尔（人名）,(army) general: 将军 | in general: 总之，通常；一般而言 | general manager: 总经理
appear,/ əˈpɪr /,"to be seen, become visible; come into sight",v. 出现，呈现；首次使用，起源,appear in: 出现在… | appear on: 在...上出现 | appear to be: 好像是；仿佛
toward,/ tɔːrd /,facing or moving in the direction of something,prep. 向；趋向 adj. 即将来到的，进行中的 n. （Toward）（美、加、沙特）特沃德,go toward: 朝...方向走去 | make toward: 向…延伸；向…前进
team,/ tiːm /,group of people working on a task together,n. （游戏或体育运动的）队，小组；工作队，工作组 v. 协作，合作；使（颜色、布料、衣服）相配,management team: 管理团队；经营团队 | team spirit: n. 团队精神；合作精神 | team work: 配合，协力；工作小组；协同工作
easy,/ ˈiːzi /,not hard to do; not difficult,adj. 容易的，不费力的；舒适的，自如的 adv. 小心；容易地，悠闲地,easy to use: 使用方便；易用性 | easy to operate: 易操作的 | so easy: 如此轻而易举；就这么简单
individual,/ ˌɪndɪˈvɪdʒuəl /,"single person, looked at separately from others",adj. 单独的，个别的；个人的 n. 个人，个体；与众不同的人，有个性的人,individual character: 个性；单字 | individual income tax: [经]个人所得税 | individual freedom: 个人自由
full,/ fʊl /,containing or holding as much as possible,adj. 满的，满是……的；饱的 adv. 充分地，完全地；恰好，直接地 n. <古>盛期，顶点；月亮的满月（期） v. 装满，使充满；把（织物）打多褶（或大褶）以使（衣服）宽松,full of oneself: 骄傲；臭美；自以为是；只顾自己 | full of: 装满；全神贯注于…的 | in full: 全部；全额；充足
black,/ blæk /,color of the sky on a dark night,adj. 黑的，黑色的；黑色人种的 n. 黑，黑色；<冒犯>黑人 v. 使变黑，弄黑；<英>抵制，拒绝（货品或公司） 其他 【名】 （Black）（英、西）布莱克，（德、葡、捷）布拉克,black and white: 白纸黑字；单色；黑白片 | in black: 穿黑衣服 | carbon black: 炭黑；碳黑
sense,/ sens /,"to perceive using sight, sound, taste touch or hearing",n. 感觉官能（即视、听、嗅、味、触五觉）；（对某物的）感觉 v. 感觉到，觉察到；（机器）检测出 adj. （遗传）有意义的 其他 【名】  (Sense) （美）森斯（人名）,sense of: …的感觉 | in a sense: 在某种意义上 | make sense: 有意义；讲得通；言之有理
perhaps,/ pərˈhæps /,"possibly, but not certainly; maybe",adv. 可能；（用以缓和语气或表示礼貌）也许，可能 n. 假定，猜想,
add,/ æd /,"to put two things or numbers together (e.g., 2+2)",v. 添加，掺入；（使）相加，加 abbr. 注意力缺陷障碍，多动症（ADD）,add up: v. 合计 | add in: 添加；把…包括在内 | add value: 增加价值；附加价值；添加值
rule,/ ruːl /,statement that says how things should be,n. 规章，条例；（语言、科学等的）规则，法则 v. 统治，管辖；支配，控制 其他 【名】 （Rule）（西）鲁莱（人名）,rules and regulations: 规章制度 | rule of law: 法治；法律规则 | general rule: 通则；一般规则
pass,/ pæs /,to travel through or near a place,v. 经过，穿过；传递，传送 n. 出入证，通行证；及格，合格 其他 【名】 （Pass）（德、英）帕斯（人名）,pass through: 穿过…；通过… | come to pass: 实现；发生 | pass on: 传递；继续；去世
produce,/ prəˈduːs /,to manufacture something using machines,v. 引起，造成；（自然地）生产，产生 n. 农产品；（尤指某人工作或努力的）成果，结果,farm produce: 农产品 | dairy produce: 乳制品 | produce electricity: 发电
sell,/ sel /,to exchange something for money,v. 出让，转让；出售，售卖 n. <非正式> 销售，出售；推销品，销售品 其他 【名】 （Sell）（德）泽尔，（英、芬、瑞典）塞尔（人名）,sell oneself: 出卖自己；自荐 | sell well: 畅销；销路广 | sell out: 卖完；卖光
short,/ ʃɔːrt /,small distance from one end to the other,adj. 短暂的，短期的；（长度或距离）短的 n. <英>少量烈酒；电影短片 adv. 达不到标准（或预期）地；突然，短暂 v. （使）短路；（股票）卖空 其他 【名】 （Short）（英）肖特 （人名）,short of: 缺乏；不足；除…以外 | in short: 总之；简言之 | for short: 简称；缩写
agree,/ əˈɡriː /,to have the same opinion as someone else,v. 同意，赞成；答应，接受,agree with: 同意，和…意见一致 | agree on: 对…取得一致意见 | agree in: 在…方面意见一致；在…相同
law,/ lɔː /,system or rules made by the government,n. 法律（体系）；法令，法规 v. 起诉，控告 其他 【名】 （Law）（英、缅、柬）劳（人名）,by law: n. 根据法律，在法律上；附则 | criminal law: 刑法 | law enforcement: 法律的实施
everything,/ ˈevriθɪŋ /,all of the things mentioned,pron. 每件事物，（有关的）一切，万事；形势，情况 n. （Everything）（印、美、澳）艾维辛（人名）,and everything: 一切事物；以及其他等等 | have everything: [口语]具有各种优点(或吸引力、所需之物等) | like everything: [口语]
research,/ ˈriːsɜːrtʃ /,to carefully study to find and report new knowledge,n. （尤指大学或科研机构进行的）研究，探讨；研究工作，调查工作 v. 研究，探索；为……收集资料，调查,research and development: （产品等的）研究与开发 | scientific research: 科学研究 | research results: 研究结果，研究成果
cover,/ ˈkʌvər /,thing you put over something to close or hide it,v. 覆盖，遮盖；包括，涉及 n. 覆盖物，遮盖物；封面，封底 其他 【名】 （Cover）（英）科弗，（意）科韦尔（人名）,from cover to cover: 从头至尾 | under cover: 隐藏着；秘密地 | cover up: 掩盖，盖住
paper,/ ˈpeɪpər /,pages of a book are made from this,n. 纸；报纸 v. 用墙纸裱糊（墙壁）；用墙纸覆盖（洞，污点）（paper sth. over） adj. 纸做的，纸质的；书面的，印刷的 其他 【名】 （Paper）（俄）帕佩尔（人名）,on paper: 以书面形式；在名义上 | paper industry: 造纸工业 | paper making: n. 造纸
position,/ pəˈzɪʃ(ə)n /,specific location where someone or something is,n. 位置，方位；姿势，安置方式 v. 安置，使处于；为（产品）定位,leading position: 基础地位；首要地位 | geographical position: 地理位置 | in position: 就位；在适当的位置；在原位
near,/ nɪr /,with a small distance between things,adv. 距离不远，在附近；不久，很快 prep. 在......附近，靠近；接近（某时间、某事件） adj. 近，在附近；差不多的 v. （时间或空间上）接近，靠近,come near: 走进；险些；可与…相比（多用于否定句） | far and near: 远近；四面八方；到处 | near by: 接近；在…附近
human,/ ˈhjuːmən /,"a person; a man, woman or child",adj. 人的，人类的；（尤指缺点或弱点）显示人的本性的 n. 人，人类 其他 【名】 （Human）（英）休曼（人名）,human body: 人体 | human resource: 人的资源 | human being: 人；人类
computer,/ kəmˈpjuːtər /,a machine for storing information and accessing the internet,n. 计算机；电脑,computer simulation: 计算机模拟 | computer technology: 电脑技术 | computer science: 计算机科学
situation,/ ˌsɪtʃuˈeɪʃ(ə)n /,"condition, location or position",n. 情况，形势；重要问题，突发情况,current situation: 现状，目前形势；现况 | present situation: 现状 | actual situation: 实际情况
staff,/ stæf /,employees of a company,n. 全体员工，全体雇员；<美>（大、中、小学的）管理人员，行政人员 adj. 职员的 v. 为……配备员工；是……的职员 其他 【名】 （Staff）（德、匈）施塔夫，（瑞典、英）斯塔夫（人名）,technical staff: 技术人员 | teaching staff: 教育工作者（总称） | medical staff: 医务人员
activity,/ ækˈtɪvəti /,"an action or task (e.g., sports, washing your clothes)",n. 活跃状况，热闹；活动,economic activity: 经济活动 | catalytic activity: 催化活性 | physical activity: 身体活动，体育活动；体力活动
film,/ fɪlm /,movie,n. 电影，影片；电影艺术，电影业 v. 录制，拍摄电影；（似）被覆盖上一薄层东西，变得朦胧,thin film: 薄膜 | plastic film: 塑料薄膜；塑胶膜 | film festival: 电影节
morning,/ ˈmɔːrnɪŋ /,early part of the day before 12 noon,n. 早晨；黎明,in the morning: 在清晨；次日上午 | good morning: int. 早安，早上好 | every morning: 每天早晨
war,/ wɔːr /,situation where armies fight each other,n. 战争，战争状态；竞争，斗争，对抗 v. 进行战争，斗争,world war: 世界大战 | world war ii: 第二次世界大战 | civil war: 内战
account,/ əˈkaʊnt /,arrangement with a bank to keep your money for you,n. 账户，户头；客户，老主顾 v. 把……视作，认为；解释，说明（account for）,
shop,/ ʃɑːp /,place which sells things,n. 商店，店铺；作坊，工场 v. 购物；<英，非正式>举报，告发,coffee shop: 咖啡店（等于coffee house） | set up shop: 开店 | shop for something: 买某物
major,/ ˈmeɪdʒər /,"important, serious, or large in scope",adj. 重大的，主要的；严重的 n. 主修科目，专业；陆军少校，（美国）空军少校 v. （在美国大学）主修，专攻 其他 【名】  (Major) （英）梅杰，（西）马霍尔，（法）马若尔，（捷、德、塞、瑞典）马约尔（人名）,major in: 主修 | major factor: 主要因素 | major part: 主要部分；重要部件
someone,/ ˈsʌmwʌn /,person who is not known or named,pron. 有人，某人；重要人物,
above,/ əˈbʌv /,in a higher place than something else,prep. （数量或度量）在……以上，超过；在（或向）……上面 adv. （级别或地位上）高于；在（或向）上面，在（或向）较高处 adj. 前文述及的，上述的 n. 上文提及之事，前文所提之事（the above）,above oneself: 自高自大；趾高气扬；兴高采烈 | above all: 首先；尤其是 | from above: 从…上面；从上级；从天上
design,/ dɪˈzaɪn /,to plan in a particular way to fulfill a purpose,n. 设计，布局，安排；设计艺术，构思 v. 设计，制图，构思；筹划，制订 其他 【名】 （Design）（俄、巴、印）迪赛（人名）,design method: 设计方法，设计法 | design for: 设计来作 | system design: 系统设计；制度设计
event,/ ɪˈvent /,something that happens,n. 事件，大事；社交场合，既定活动,in the event: 如果；结果 | in the event of: ..发生 | in any event: 无论如何；不管怎样
special,/ ˈspeʃ(ə)l /,different from what is usual; better or greater than normal,adj. 特殊的，特别的；格外看重的，特别要好的 n. 特色菜；特别节目 其他 【名】 （Special）（印、美、俄）史派西娅乐（人名）,in special: 特殊的 | special administrative region: 特别行政区 | special equipment: 专用设备；特殊设备
sometimes,/ ˈsʌmtaɪmz /,only at certain times; occasionally,adv. 有时，间或,
condition,/ kənˈdɪʃ(ə)n /,"state of living you are in (e.g., good health)",n. 状况，状态；条件，环境 v. 训练，使习惯于；控制，制约,present condition: 目前的状态 | working condition: 工作环境；使用状态 | actual condition: 实际情况；实际状况
carry,/ ˈkæri /,to hold something and move it to another place,v. 提，扛，背；携带，佩戴 n. 搬运；<美>带球跑 其他 【名】 （Carry）（英）卡里（人名）,carry out: vt. 执行，实行；贯彻；实现；完成 | carry on: 继续 | carry forward: 发扬；推进
choose,/ tʃuːz /,to select; decide between several possibilities,v. 选择，挑选；情愿，决定,choose from: 挑选，从…中选择 | as you choose: 随你的便 | choose to do: 选择去做某事
father,/ ˈfɑːðər /,a male parent,n. 父亲，爸爸；祖先 v. 是……的父亲；创立（新思想），创造，发明（新方法）,father christmas: 耶诞老人（等于Santa Claus） | father and daughter: 父与女（动画短片，曾获奥斯卡最佳动画短片奖） | holy father: 基督教圣父（指上帝）；天主教徒对罗马教皇的尊称
decision,/ dɪˈsɪʒ(ə)n /,a choice you make about something after thinking about it,n. 决定，抉择；判决，裁定,decision making: 判定，决策 | decision support: 决策支持 | make a decision: 作决定
table,/ ˈteɪbl /,raised flat surface,n. 桌子，台子；一桌人 v. <英> 正式提交讨论；<美> 搁置，暂缓审议,on the table: 在桌面上；公开地 | under the table: 酒醉；秘密地 | table tennis: 乒乓球；桌球
certain,/ ˈsɜːrt(ə)n /,being sure about something; without doubt,adj. 必然的，必定的；确定的，无疑的 pron. 某些，某几个 n. （Certain）（美、法）塞尔坦（人名）,a certain extent: 一定程度上 | a certain degree: 到某种程度 | for certain: 肯定地；确凿地
forward,/ ˈfɔːrwərd /,toward what is ahead or in front,adv. 向前；在船头，朝飞机头部 adj. 向前的，前进的；在前部的，位于前面的 n. （足球、篮球等运动的）前锋；（尤指金融市场）远期协议，远期交易 v. 转交，转寄；寄，发送 其他 【名】 （Forward） （英、美、加、澳）福沃德（人名）,put forward: v. 提出；拿出；放出；推举出 | look forward: 期待；盼望 | brought forward: 提出
main,/ meɪn /,most important; most often used,adj. 主要的，最大的 n. 总管道，主线路；（电、气、水的）供应系统（the mains） 其他 【名】 （Main）（美）梅因（人名）,main products: 主要产品 | main body: 主体，主要部分；主船体；机身 | main reason: 主要原因
die,/ daɪ /,to stop living,v. 死亡；消失，灭亡 n. 骰子；金属模具，压模 其他 【名】 （Die）（法、美、德）迭（人名）,die for: 渴望，切望；为了…而死 | die casting: 压铸，拉模铸造 | die of: 因……死，死于
bear,/ ber /,large brown animal with fur that lives in forests,v. 手持，携带；（车，船）运输，运送 n. 熊；粗暴无礼的人，没教养的人 其他 【名】 （Bear）（美）贝尔（人名）,bear oneself: 举止，表现；为人处事 | bear in mind: vi. 记住；考虑到 | bear market: 熊市；空头市场；卖空市场
cut,/ kʌt /,to use a knife or scissors to divide or open the surface,v. 切，割，剪；削减，缩减 n. 切下的肉块；份额，一份利润 adj. 缩减的；割下的,cut off: 切断；中断；使死亡；剥夺继承权 | cut down: v. 削减；砍倒；杀死；删节；胜过 | cut in: 插嘴；超车；插入
describe,/ dɪˈskraɪb /,"to tell someone the appearance, sound or smell of something",v. 描述，形容；做……运动，形成……形状,describe as: v. 描述为 | describe with: 用…描述
himself,/ hɪmˈself /,the same (male) person who did the action,pron. 他自己；他亲自，他本人,by himself: 由他独力地 | all by himself: adv. 独自地
available,/ əˈveɪləb(ə)l /,present and able to be used,adj. 可用的，可获得的；有空的，有闲暇的,available for: 可用于…的；对…有效的；能参加…的 | available on: 仅在…有效（付款） | available from: 可向…购买
especially,/ ɪˈspeʃəli /,more than usual; extremely,adv. 尤其，特别；专门，特地,especially english: 具有英国特征的
strong,/ strɔːŋ /,having big muscles; physically powerful,adj. 强壮的，健壮的；坚固的，结实的 adv. 强劲地，猛烈地 n. 强势群体（the strong） 其他 【名】 （Strong）（英）斯特朗（人名）,strong for: 对…特别偏爱的，特别注重…的 | strong wind: 强风；大风；疾风 | strong point: 支撑点，坚固支撑点；强项；据点
rise,/ raɪz /,to move from a lower position to a higher one,v. （数字、 数量、价值）增加；升高，上升 n. （数量或水平的）增加，改善；<英>加薪,on the rise: 在增加；在上涨 | give rise to: 使发生，引起 | temperature rise: 温升；温度上升
girl,/ ɡɜːrl /,a female child,n. 女孩；姑娘，未婚女子 n. (Girl)（捷）吉尔（人名）,beautiful girl: 美丽姑娘 | pretty girl: 漂亮女孩 | girl friend: n. 女朋友
maybe,/ ˈmeɪbi /,possibly but not certainly; perhaps,adv. （不确定）大概，或许；（提出建议）或许，也许 n. 可能性，不确定性,
community,/ kəˈmjuːnəti /,group of people who share a common idea or area,n. 社区，社会；（由同国籍、同宗教等构成的）群体，界,international community: 国际社会；国际共同体 | community health: 社区卫生（健康）；公共卫生；社会健康 | community service: 社会服务；社区服务性劳役
else,/ els /,otherwise; if you fail to...,adv. 此外，其他；否则，要不然 adj. 其他的，另外的 其他 【名】 （Else）（英）埃尔斯，（德）埃尔泽，（芬、丹）埃尔塞（人名）,someone else: 其他人 | anything else: 别的东西 | something else: 别的东西
particular,/ pərˈtɪkjələr /,one specific (one),adj. 特定的，某一的；格外的，特别的 n. 一点，一个细节； 详细资料，详情（particulars）,in particular: 尤其，特别 | particular case: 特例；特定情况 | particular about: 过分讲究的；难以取悦的
role,/ roʊl /,character played by an actor,n. （演员的）角色；作用，职责 其他 【名】 （Role）（意、塞、赤几）罗莱（人名）,role of: ……的角色 | play an important role: 起到重要作用 | leading role: 主导作用；主导地位
join,/ dʒɔɪn /,"to bring something close to another, to become one",v. 成为……的一员，参加；连接，接合 n. 连接处，接合点,join hands: 携手，联手；齐心协力 | join in: 加入；参加 | join hands with: 握手；同…联合
difficult,/ ˈdɪfɪkəlt /,hard; not easy; you need to work hard to do it,adj. 困难的，费力的；不友好的，难对付的,difficult problem: 难题；难问题 | difficult point: 难点 | difficult thing: 困难的事；难事
please,/ pliːz /,you say this when you politely ask people for things,int. 好吗，请（用于客气地请求）；请千万，请务必（用于加强请求的语气） v. （使）开心，（使）满意；想，选择，喜欢,
detail,/ ˈdiːteɪl /,small part of something; tiny fact,n. 细节，细微之处；详情，资料 v. 详细说明，详述；彻底清洗（汽车）,in detail: 详细地 | in more detail: 更详细地 | detail design: 详细设计；施工设计
difference,/ ˈdɪfrəns /,not of the same kind; unlike other things,n. 差异，不同之处；差额 v. <罕> 区分,difference in: 在…方面的差别 | significant difference: 显著性差异 | finite difference: 有限差
action,/ ˈækʃ(ə)n /,something that a person or thing does,n. 行动；行为 v. 处理 adj. 动作（片）的，动作片中的 其他 【名】 （Action）（英）埃克申（人名）,take action: 采取行动；提出诉讼 | action on: 对…的作用 | in action: 在活动；在运转
health,/ helθ /,being in a good condition; being well,n. 身体状况；健康,health care: 卫生保健 | public health: n. 公共卫生；公共卫生设施 | mental health: 心理健康
eat,/ iːt /,to put food in your mouth,v. 吃，吃饭；侵蚀，损耗 n. 少量食物，点心,eat well: 健康首选；吃得营养；吃的好；胃口好 | eat in: 在家吃饭；侵蚀 | eat at: 困扰
step,/ step /,flat horizontal piece that forms stairs,n. 迈步，脚步；台阶，梯级 v. 跨步，迈步；踏，踩,step by step: adv. 逐步地 | step by: 走过 | first step: 第一步，首要步骤
TRUE,/ truː /,agreeing with the facts; not false; real or actual,adj. 真实的；正确的 adv. 真实地；准确地 n. 真实；准确 vt. 装准 n. （True）(英)特鲁（人名）,come true: 实现，成真；成为现实 | true to oneself: 忠于自己的理想；坚持自己的原则 | true love: 真爱；挚爱，真情
phone,/ foʊn /,to talk to someone using a telephone,n. 电话，电话系统；受话器，听筒 v. 给…...打电话 其他 【名】 （Phone）（老、缅）蓬（人名）,mobile phone: 手机；行动电话 | cell phone: 手机（等于cellular phone） | phone number: 电话号码
themselves,/ ðəmˈselvz /,reflexive form of they,pron. 他们自己；他们亲自,by themselves: 独力地
draw,/ drɔː /,to create an image using pen or pencil and paper,v. 画，绘画；草拟，制定 n. 平局；抽彩，抽签 其他 【名】 （Draw）（英）德劳（人名）,draw lessons from: 从…吸取教训 | draw up: 草拟，起草；停住；使靠近 | draw on: 利用；吸收；戴上；临近
white,/ waɪt /,lightest color; the color of fresh snow and milk,adj. 白色的；白种人的，白肤色的 n. 白色，白颜料；白种人，白人 v. <古>把……漆成白色，使变白 其他 【名】 （White）怀特（人名）,white house: n. 白宫（美国政府的行政机关，美国总统官邸） | black and white: 白纸黑字；单色；黑白片 | white wine: 白葡萄酒
date,/ deɪt /,a day in the calendar such as January 3rd,n. 日期，日子；约会，幽会 v. 注明日期；确定年代 其他 【名】 （Date）（英）戴特，（日）伊达（人名）,up to date: adj. 最新的；最近的；现代的 | out of date: 过时的；过期的；废弃的 | delivery date: 交货日期
practice,/ ˈpræktɪs /,to do something many times to improve a skill,n. 实践，实际操作；通常的做法，惯例 v. 练习；经常做，养成……的习惯,in practice: 在实践中；实际上，事实上 | practice of: 有…的习惯 | into practice: 实施；实行
model,/ ˈmɑːd(ə)l /,a copy that represents an object or standard,n. 模型；模式 v. （为艺术家）当模特儿；模特儿展示（服装） adj. 模范的，榜样的；模型的 其他 【名】 （Model）（英、德、俄）莫德尔 (人名),mathematical model: 数学模型 | utility model: 实用新型（约十个国家法律承认的一种保护发明名称，期限五年） | new model: 新模型；新型号
raise,/ reɪz /,"to increase a quantity, size, intensity or price",v. 提起，举起；（使）直立，站立 n. <美>加薪；（扑克牌或勃莱格牌用语）赌注加码 其他 【名】 （Raise）（意、法、英、美）雷兹（人名）,raise oneself: 长高，发迹 | raise money: 集资；筹款；募捐 | get a raise: 得到加薪
customer,/ ˈkʌstəmər /,someone who buys goods or services from a business,n. 顾客；（某一类型的）家伙,customer service: 客户服务；售后服务 | customer satisfaction: 客户满意度 | customer first: 客户至上；顾客至上
front,/ frʌnt /,opposite of back; the forward part of an object,n. 前面，正面；前线，前方 adj. 前面的，正面的；（足球等）踢前锋的 v. 领导（机构、乐队）；主持（电视节目） 其他 【名】 （Front）（法）弗龙（人名）,in front: 在…前面 | in front of: 在…前面 | in the front: 在前边
explain,/ ɪkˈspleɪn /,to make clear or easy to understand by describing,v. 解释，说明；说明（……的）原因，解释（……的）理由,explain oneself: 为自己辩解；说明自己意图 | explain away: 通过解释消除 | explain clearly: 阐明，清晰的解释
door,/ dɔːr /,you walk through this when you go in a room,n. 门；门口，门道 v. 车门撞击（骑自行车经过的人） 其他 【名】 （Door）（英）多尔（人名）,at the door: 在门边 | open the door: 开门 | next door: n. 隔壁邻居
outside,/ ˌaʊtˈsaɪd /,"area around or near something, such as a building",n. 外表，外部（the outside）；（建筑物、车辆等的）周围，外围（the outside） prep. 在……的外面，在户外；超出……的范围（或界限） adv. 在外面；在户外，在四周 adj. 外边的，表面的；（曲棍球、足球等）边锋的,outside of: 在…的外面；超出…的范围 | inside and outside: 内外；里面和外面 | on the outside: 在外面；外部地
behind,/ bɪˈhaɪnd /,in or toward the back,prep. 在（或向）……的后面；落后于 adv. 在后面；留在原地 n. <非正式>屁股；（澳橄）射门得分,from behind: 从…后面 | drop behind: 落…之后；落伍 | go behind: 进一步斟酌；探究
economic,/ ˌiːkəˈnɑːmɪk /,"having to do with trade, industry, and money",adj. 经济的，经济学的；有利可图的,economic development: 经济发展；经济开发 | economic growth: [经]经济增长，经济成长 | economic system: 经济体制；经济体系，经济系统；经济制度
site,/ saɪt /,"present, former, or future location of something, such as a building",n. （建筑的）工地，用地；（某事发生的）地点，现场 v. 使坐落在，为......选址,web site: 网页；网址 | on site: 现场；原地；原位 | construction site: 建筑工地；施工场地
approach,/ əˈproʊtʃ /,to get close to reaching something or somewhere,v. 靠近，临近；接洽，交谈 n. 方法，态度；靠近，接近,new approach: 新方案；新做法 | an approach to: 学习...的入门；学习...的途径 | basic approach: 基本方法
teacher,/ ˈtiːtʃər /,"person who teaches others, especially in a school",n. 教师,english teacher: 英语教师 | good teacher: 良师，好老师 | teacher education: 教师教育；师范教育
land,/ lænd /,the earth; the ground,n. 陆地，地面；土地（尤指耕地或建筑用地） v. 着陆，降落；使（飞机）平稳着陆 其他 【名】 （Land）（英、德、葡、瑞典）兰德（人名）,land use: 土地利用，土地用途；土地使用，土壤使用 | on land: 在陆地上 | cultivated land: 耕地
charge,/ tʃɑːrdʒ /,to ask for money as a price for a service or goods,v. 充电；使……承担责任，赋予……责任 n. 电量，电荷；炸药量 其他 【名】 （Charge）（英）查奇，（法）沙尔热（人名）,in charge: 负责，主管；在…看管下 | in charge of: 负责；主管 | charge of: 负责；管理
finally,/ ˈfaɪnəli /,after a long time or some difficulty,adv. 终于；总之，最后,
sign,/ saɪn /,"something such as a mark or event that shows that something exists, is true, is happening or will happen",n. 指示牌，标志；迹象，征兆 v. 签名，署名；（与机构、公司等）签约,sign up: 签约雇用，签约参加 | sign on: 开始广播；签约雇用 | sign for: 签收
claim,/ kleɪm /,to say something is true when others may not agree,v. 声称，断言；索取，索要（钱） n. 声称，断言；索要，索赔,claim for: 要求；索取 | claim for compensation: 索赔 | lay claim to: 要求；自以为
relationship,/ rɪˈleɪʃ(ə)nʃɪp /,"manner in which people, groups or countries behave toward one another",n. （人、团体、国家等相互间的）关系；（人或事物之间的）关联，关系,relationship management: 关系管理 | customer relationship management: 客户关系管理（简写CRM） | cooperative relationship: 合作关系
travel,/ ˈtræv(ə)l /,to go to a place that is far away,v. （尤指长途）旅行；走动，移动 n. 旅行；（出国）旅游,travel agency: 旅行社 | travel in: 旅行推销；四出兜销 | travel service: 旅行社；旅游服务
enjoy,/ ɪnˈdʒɔɪ /,to take pleasure in something,v. 享受，欣赏，喜爱；过得愉快，玩得开心（enjoy oneself）,enjoy oneself: 过得快乐，过得快活 | enjoy life: 享受生活；享受人生 | enjoy yourself: 过得愉快；请自便
death,/ deθ /,when someone dies; the end of life,n. 死，死亡；破灭，终止,life and death: 生与死，死活 | cause of death: 死因 | death penalty: 死刑
nice,/ naɪs /,good or enjoyable,adj. 美好的，令人愉快的；好心的，友好的 n. 尼斯（法国城市，Nice） 其他 【名】 （Nice）尼斯（人名）,nice and: 很，挺 | nice to meet you: 很高兴见到你 | nice day: 美好的一天
amount,/ əˈmaʊnt /,quantity of something,n. 数量，量；金额，钱数 v. 达到，总计（amount to）；等于，意味着（amount to）,large amount: 大量；巨额；大批 | a large amount of: 大量的（接不可数名词） | small amount: 小额；小批量
improve,/ ɪmˈpruːv /,"to make, or become, something better",v. 康复，健康好转；超过，胜过,improve efficiency: 提高效率 | improve on: 改进；对…加以改良 | improve in: 在…方面有改进
picture,/ ˈpɪktʃər /,"painting, drawing or photograph on paper or screen",n. 图片，绘画；照片 v. 想象；绘画，拍摄,in the picture: 在图中；在画中 | the picture of: 是…的化身；与…非常相像；十足…的样子 | picture something to oneself: 设想(或想像)某事
boy,/ bɔɪ /,a young male person,n. 男孩；儿子 int. （尤用于表示羡慕或兴奋）好家伙，好样的 其他 【名】 （Boy）（美、印、法、荷）布瓦（人名）,little boy: 小男孩 | boy friend: 男朋友 | big boy: 大亨，大人物
regard,/ rɪˈɡɑːrd /,to pay attention to someone or something,v. 认为，把……看作；<正式>（尤指以某种方式）注视，凝视 n. <正式> 尊重，敬佩；<正式> 关心，关注 其他 【名】  （Regard）（西、意）雷加德，（法）勒加尔（人名）,with regard to: adv. 关于；至于 | in this regard: 就这一点而言 | in regard to: 关于
organization,/ ˌɔːrɡənəˈzeɪʃ(ə)n /,formal group of people with a particular purpose,n. 组织，机构；组织工作，筹备工作,world trade organization: 世界贸易组织（产生于关贸总协定的乌拉圭谈判， 其目的是为促进多边贸易谈判和协议而成立的。） | world health organization: 世界卫生组织 | organization structure: [经]组织结构
happy,/ ˈhæpi /,feeling pleasure or joy; glad,adj. 快乐的；幸福的，使人高兴的 comb. <非正式>滥用……的 其他 【名】 （Happy）（英、瑞典、喀）哈皮（人名）,happy new year: 新年快乐；恭贺新禧 | happy birthday: 生日快乐 | happy life: 幸福生活；快乐的人生
couple,/ ˈkʌp(ə)l /,two of something; two people; a pair,n. 两个，几个；一对夫妇，一对情侣 v. 加上，结合；（把设备等）连接 其他 【名】 （Couple）（法）库普勒（人名）,a couple of: 三两个…；一对… | young couple: 青年夫妇 | a couple of days: 一两天
act,/ ækt /,to behave in a certain way,v. 行动；举动，表现 n. 行为，行动；法案,act as: 担当 | act on: 对…起作用；按照…行事 | act in: 扮演；在…方面行动
range,/ reɪndʒ /,limits within which something extends or varies,n. （变动或浮动的）范围，界限；视觉（或听觉）范围 v. （在一定的范围内）变化，变动；（按一定位置或顺序）排列，排序 adj. <文>（生活方式）有秩序的，安定的,wide range: 宽波段的；宽量程的 | a wide range of: 大范围的；许多各种不同的 | a range of: 一系列；一些；一套
quality,/ ˈkwɑːləti /,high level of worth or excellence,n. 质量，品质；优质，上乘 adj. 优质的，高质量的；<英>（报纸）内容严肃的，高级的,high quality: 高品质 | product quality: 产品质量 | quality control: 质量控制，质量管理
project,/ ˈprɑːdʒekt; prəˈdʒekt /,a planned piece of work for specific purpose,n. 项目，计划；（学校的）课题，研究项目 v. 预计，推算；计划，规划,project oneself: 表现自己；突出自己 | project management: 项目管理；专案管理 | construction project: 建筑计划，建设项目；基建计划
round,/ raʊnd /,being in the shape of a circle or ball,adj. 圆形的，球形的；弧形的 adv. 旋转，环绕；周长 prep. 环绕，围绕；绕过，在另一侧 n. 轮次；（比赛的）局，场 v. 环绕，绕过；（使）成圆形，变圆 其他 【名】 （Round）（美、英、加、澳、印、德）朗德（人名）,in the round: adv. 全面地 | all round: 周围，到处 | round about: adv. 周围；向相反方向；大约；迂回地
opportunity,/ ˌɑːpərˈtuːnəti /,time/situation when a thing might be done; chance,n. 时机，机会,seize the opportunity: 抓住机遇，抓住机会 | rare opportunity: 稀有机会，难得机会 | equal opportunity: 机会均等
road,/ roʊd /,long piece of hard land for cars to travel on,n. 路，公路，马路，街； 途径，方法，路子 其他 【名】 （Road）（英）罗德（人名）,on the road: 在旅途中；到处奔走 | in the road: adv. 挡路 | road traffic: 道路交通
accord,/ əˈkɔːrd /,agreement or harmony,n. 协议，条约；符合，一致 v. 使受到，给予（某种待遇）；（与……）一致，符合,accord with: 同…相符合；与…一致 | in accord with: 同…相符合；与…一致 | with one accord: 一致地
list,/ lɪst /,"series of written names, words or numbers",n. 列表，清单；（船）倾侧 v. 列清单，拟订清单；把……列入名单,a list of: 一览表，清单；一列 | on the list: adj. 在单子上，在名册中 | price list: 价目表
wish,/ wɪʃ /,to want something to happen or to become true,v. 希望（做某事），想要（某事发生）；祝，祝愿（某人好运、幸福等） n. 希望，愿望；（靠魔术实现的）愿望，心愿 其他 【名】 （Wish）（美）威什（人名）,best wish: 美好祝愿 | wish for: 盼望，希望得到 | as you wish: 随心所欲
therefore,/ ˈðerfɔːr /,for that reason,adv. 因此，所以,
wear,/ wer /,"to have clothes, glasses, shoes, etc., on your body",v. 穿（衣服），戴（首饰等）；蓄（须），留（发） n. （特定人群、场合或用途穿的）服装；穿，戴,wear resistance: [机]耐磨性，耐磨度 | wear and tear: n. 磨损 | wear resistant: 耐磨的；耐磨性
fund,/ fʌnd /,to supply money for something,n. 基金，专款；资金，钱款 v. 资助，为……提供资金 其他 【名】 （Fund)）（德）丰德（人名）,provident fund: 公积金；福利基金；准备基金 | investment fund: [经]投资基金 | capital fund: 资本基金
rest,/ rest /,"time when one relaxes, sleeps, or is inactive",v. 休息，歇息；使（运动员）暂时离队 n. 休息（时间）；剩余部分，余下的人（物）（the rest） 其他 【名】 （Rest）（美）雷斯特（人名）,the rest of: 其余的；剩下的 | for the rest: 至于其他 | and the rest: 其他的；等等
kid,/ kɪd /,informal child or young person,n. 小孩，年轻人；小山羊 v. 戏弄，开玩笑；欺骗，哄骗 adj. 较年幼的；小山羊皮制的 其他 【名】 （Kid）（英）基德（人名）,no kidding: 说真的，不要开玩笑 | no kid: 不要孩子；不开玩笑 | kid brother: （美国英语）弟弟
industry,/ ˈɪndəstri /,factories or businesses that make certain products,n. 工业，生产制造；行业，产业,industry and commerce: 工商业 | chemical industry: 化学工业 | manufacturing industry: 制造业，制造工业
education,/ ˌedʒuˈkeɪʃ(ə)n /,process of giving or receiving teaching,n. （尤指学校）教育；培养，训练,higher education: 高等教育（指含大学以上的教育） | vocational education: 职业教育 | physical education: n. 体育课；体育教育
measure,/ ˈmeʒər /,"to calculate size, weight or temperature of",n. 措施，办法；适量，适度 v. 测量；（指尺寸、长短、数量等）量度为,effective measure: 有效措施 | without measure: 过分 | austerity measures: 紧缩措施
kill,/ kɪl /,to end the life of a person or other living thing,v. 杀死；扼杀，终止 n. 杀死，捕杀；被捕杀的动物，猎物 其他 【名】 （Kill）（德）基尔（人名）,kill oneself: 自杀；竭尽全力；尽最大努力 | kill off: 消灭 | kill or cure: ◎(医药)要么断送生命，要么挽救生命
serve,/ sɜːrv /,to give or provide something to another person,v. 为……工作，服役；端上，给……提供（餐饮） n. （网球、排球等的）发球；<澳，非正式> 申斥 其他 【名】  （Serve）（法）塞尔夫（人名）；（Serve）（法）塞尔夫（人名）,serve as: 担任…，充当…；起…的作用 | serve for: 充当；被用作；起…的作用 | serve with: 向……提供
likely,/ ˈlaɪkli /,referring to the chance that something will actually happen,adj. 可能发生的；似乎合适的，仿佛恰当的 adv. 大概，很可能,is likely to: 有可能… | most likely: 最可能 | less likely: 最不可能的是；较少可能
certainly,/ ˈsɜːrt(ə)nli /,definitely true or is sure to happen,adv. 无疑，确定；当然，行（用于回答）,
national,/ ˈnæʃ(ə)nəl /,concerning a nation as a whole,adj. 国家的，全国的；国家所有的，国立的 n. 国民，侨民；全国性比赛,national economy: 国民经济 | national standard: 国家标准 | national security: 国家安全；民族安全
itself,/ ɪtˈself /,referring to it,pron. 它自己；它本身,in itself: 以其本身而言，本质上 | by itself: 单独地；自动地 | of itself: 自行
teach,/ tiːtʃ /,to help someone learn or do something,v. 教授，讲授；教会，训练 n. <非正式>教师 其他 【名】 （Teach）蒂奇（人名）,teach oneself: 自学 | teach english: 教英语 | teach school: 教书；当教师
field,/ fiːld /,"open area of land, especially without buildings",n. 田地，田野；专业，领域 v. 组建，派出；担任守方 adj. 实地的，野外的；（军事装备）轻便机动的，战役用的 其他 【名】 （Field）（英、法、德、葡）菲尔德（人名）,in the field: 在实地；在作战；参加比赛 | in the field of: 在…方面，在…领域 | oil field: 油田
security,/ sɪˈkjʊrəti /,"things done to protect people, buildings, a country, etc., from harm",n. 保护措施，安全工作；保安部门,social security: 社会保险，社会保障 | public security: 公共安全 | security system: 安全系统
air,/ er /,mixture of gases around the earth that we breathe ,n. 大气，空气；空中，天空 v. 使公开，宣扬；（使）通风,in the air: 在空中；悬而未决；在流传中；不设防 | air conditioning: 空调；空气调节 | air pollution: 大气污染，空气污染
benefit,/ ˈbenɪfɪt /,"good result or effect, something advantageous",n. 好处，益处；救济金，补助金 v. 对（某人）有用，使受益；得益于，得利于,economic benefit: 经济效益 | benefit from: 得益于；得利于；因…而得到好处 | mutual benefit: 互惠互利
trade,/ treɪd /,"to buy, sell and exchange goods in business",n. 贸易，买卖；行业 v. 做买卖，做生意；营运，营业,foreign trade: 外贸，对外贸易 | international trade: 国际贸易 | world trade: 世界贸易
risk,/ rɪsk /,to take the chance that you may do something dangerous,n. 危险，风险；危险的人（或事物），隐患 v. 使遭受（失去、毁坏或伤害的）危险；冒......的危险，担......的风险 其他 【名】 （Risk）（英、阿拉伯）里斯克（人名）,at risk: 处于危险中 | risk management: 风险管理 | risk assessment: 风险估计，危险率估计
news,/ nuːz /,information about recent events,n. 消息，新情况；新闻（报道）,good news: 好消息；福音；喜讯；福音 | bad news: n. 坏消息；令人讨厌的人；倒霉的事 | news agency: 通讯社；新闻通讯社
standard,/ ˈstændərd /,accepted level of quality; an official measurement,n. （品质的）标准，水平，规范；正常的水平，应达到的标准 adj. 普通的，标准的；（大小、尺寸、式样等）常规的，一般性的,quality standard: 质量标准 | national standard: 国家标准 | living standard: 生活水平，生活标准
vote,/ voʊt /,"to make a choice for or against, as in an election",v. 投票选举，投票表决；投票评选 n. 选票，票；投票，表决 其他 【名】 （Vote）（英、法）沃特（人名）,vote for: 投票赞成 | vote on: 就…表决 | vote in: 投票选出
percent,/ pərˈsent /,one one-hundredth of a whole,n. 百分之……；部分 adj. 百分之……的 adv. 以百分之……地，每一百中有……地,one hundred percent: 百分之百；不折不扣 | percent of pass: 合格率，通过率 | recovery percent: 采收率
focus,/ ˈfoʊkəs /,main purpose or center of interest or activity,n. 重点，中心点；关注，注意 v. 集中，关注；聚焦，调焦 其他 【名】 （Focus）（瑞典）福库斯 (人名),focus on: 集中于 | focus of: ……的焦点 | in focus: 清晰；焦点对准
stage,/ steɪdʒ /,place where actors or musician perform for others,n. 阶段，时期；旅程（或赛跑中）的一段 vt. 上演，演出；主办，举行 其他 【名】 （Stage）（英）斯特奇（人名）,stage by stage: adv. 逐步地，一步一步地；分阶段地 | early stage: 早期，初期 | by stages: 分阶段地
space,/ speɪs /,empty area with nothing in it,n. 空间，空地；（尤指有特定用途的）空位，处所 v. 把（某物）隔开；在（词语等）之间加空格,in space: 在空间；在宇宙空间 | time and space: 时间和空间 | living space: 生存空间；居住面积
instead,/ ɪnˈsted /,when one thing is replaced by another,adv. 代替，顶替，反而,instead of: 代替；不是…而是…
realize,/ ˈriːəlaɪz /,to become aware of or understand mentally,v. 了解，意识到；（所担心的事）发生，产生（be realized）,realize the value: 实现价值 | come to realize: 认识到，开始意识到 | realize on: 变卖产业；变卖产业以得现款
usually,/ ˈjuːʒuəli; ˈjuːʒəli /,normally; regularly,adv. 通常地，经常地,
data,/ ˈdeɪtə; ˈdætə /,facts or information used to calculate or analyze,n. 数据，资料；（储存在计算机中的）数据资料 其他 【名】 （Data）（日）驮太，（印、葡）达塔（人名）,data processing: 数据处理 | experimental data: 实验数据；试验数据 | data mining: 数据挖掘技术（即指从资料中发掘资讯或知识）
single,/ ˈsɪŋɡ(ə)l /,"only, merely",adj. 单一的，单个的；单身的，未婚的 n. 单曲唱片；（板球中的）一分打，（棒球中的）一垒打 v. 挑选，选出；（棒球）击出一垒打,every single: [口语][加强语气]每一个 | single chip: 单晶片 | single crystal: 单晶
address,/ əˈdres /,exact street location of a place,n. 地址，住址；网址 v. 演说，演讲；处理，设法解决,email address: 电子邮箱信箱 | ip address: 网络地址，IP地址 | address book: 通讯簿；住址名册
performance,/ pərˈfɔːrməns /,activity done to entertain an audience,n. 表演，演出；工作情况，表现 adj. 性能卓越的，高性能的,high performance: 高性能；高效能的 | good performance: 良好的性能；良好绩效 | performance evaluation: 性能评估；性能赋值
chance,/ tʃæns /,possibility that something will happen,n. 机会，时机；可能性 v. 偶然，碰巧；冒险做 adj. 偶然的，碰巧的 其他 【名】 （Chance）（英）钱斯（人名）,by chance: 偶然；意外地 | have a chance: 有机会；有希望 | take a chance: vt. 冒险
accept,/ əkˈsept /,to agree to receive or take something offered,v. 接受，收受；同意，赞成,accept of: v. 承兑
society,/ səˈsaɪəti /,community of people living together,n. 社会（以群体形式生活在一起的人的总称）；社群（某国家、地区、时期等的群体组织）,human society: 人类社会 | modern society: 现代社会 | in society: 在社会上；社会中的权力
technology,/ tekˈnɑːlədʒi /,"use or knowledge of science in industry, engineering, etc.",n. 科技，技术；技术设备，先进机器,science and technology: 科学与技术 | information technology: 信息技术 | advanced technology: 先进技术
mention,/ ˈmenʃ(ə)n /,to refer to or talk or write about something,v. 提到，谈到；提名，推荐 n. 提及，说起，写上一笔；提名表扬 其他 【名】 （Mention）（法）芒雄（人名）,not to mention: 更不必说；不必提及 | mention of: 提及… | make mention of: v. 提到，提及
choice,/ tʃɔɪs /,decision between two or more possibilities,n. 选择，抉择；选择的机会，选择权 adj. 上等的，优质的；尖刻的，刻薄的,of choice: 特别的，精选的 | have no choice: v. 没有选择的余地；不特别偏爱哪一个 | make a choice: vi. 做出选择
save,/ seɪv /,to rescue someone or something from a bad situation,v. 救助，搭救；避免，减少 n. （足球等守门员的）救球；（棒球）（替补投手） 保持（其他投手取得的领先地位） prep. <正式> 除……之外 其他 【名】 （Save）（法）萨夫，（意、保、西、罗、塞、瑞典）萨薇 （女名），萨韦（人名）,save energy: 节约能源 | save money: 省钱；储蓄金钱 | save on: vt. 节省，节约；节省
common,/ ˈkɑːmən /,"typical, normal; not unusual",adj. 共同的，共享的；常见的，普遍的，一般的 n. 公共用地，公地；校园公共食堂,in common: 共同的；共有的 | common people: 大众，平民 | common ground: （争论双方的）共同基础；一致之处
culture,/ ˈkʌltʃər /,beliefs and customs of a particular group,n. 文化，文明；（团体或组织中共同的）态度，习俗 v. 培育，养殖,traditional culture: 传统文化 | corporate culture: 企业文化，公司文化 | enterprise culture: 企业文化
total,/ ˈtoʊt(ə)l /,whole number or amount of something,adj. 总的，全部的；完全的，绝对的 v. 总数达，总计；把……加起来 n. 总数，合计 其他 【名】 （Total）（法、德）托塔尔（人名）,in total: 总计 | a total of: 总数为 | total amount: 总数；总价；总计
demand,/ dɪˈmænd /,to strongly request someone to do something; insist,v. 强烈要求；需要，需求 n. 坚决的要求；需求，需求量 其他 【名】 （Demand）（德）德曼德（人名）,demand of: v. 要求；向…索取 | demand for: 对…的需求 | market demand: 市场需求
material,/ məˈtɪriəl /,substance from which a thing is made of,n. 衣料，布料；材料，原料 adj. 物质的，非精神上的；重要的，需予以考虑的 其他 【名】 （Material）（美、意）妈特力娅丽（人名）,raw material: 原料 | teaching material: 教学内容；教学资料 | new material: 新材料
limit,/ ˈlɪmɪt /,point beyond which it is not possible to go,n. 限度，限制；极限，限量 v. 限制，限定；制约（某人的发展等）,time limit: 期限；限期 | upper limit: 上限；最高极限 | speed limit: 速度限制；最高车速
listen,/ ˈlɪs(ə)n /,to use your ears to hear and understand things,v. 听，倾听；听从，听信 n. 听，倾听,listen to music: 听音乐 | listen to the radio: 听广播，听收音机 | listen to the music: 听音乐
due,/ duː /,when something is required or expected,adj. 到期的，预期的；应有的，应得的 adv. 正对着 n. 应得，所得；会费 其他 【名】 （Due）迪尤（人名）,due for: 应该得到 | due out: 待发；待退；应离店但还未离店
wrong,/ rɔːŋ /,"not right, incorrect; not true; bad",adj. 错误的，不合乎事实的；（状况）有问题的，（身体）有毛病的 adv. 错误地，不符合事实地；（方式或方向）不适当地，不适宜地 n. 坏事，不道德行为， 错误的行为（或情况）；冤枉，不公平的行为 v. 不公正地对待，冤枉 其他 【名】 （Wrong）（美、俄、荷）朗（人名）,go wrong: 出毛病；弄错；发生故障 | in the wrong: 有错误；应付责任 | wrong with: 有毛病；出故障；不正常
foot,/ fʊt /,lowest part of the leg we use to stand on,n. 脚，足；英尺 comb. 有……只脚（的），用……脚（或足的）(-footed)；……英尺高的人(或东西)，……英尺长的东西(-footer) adj. （刹车或泵）用脚操作的，脚踏的；（巡逻队）步行的，步（兵）的 v. <非正式>支付（尤指大额或不合理账单） 其他 【名】 （Foot）（英）富特（人名）,on foot: 步行；在进行中 | at the foot of: 在…（山）脚下；在…的下部 | of foot: 在行走(或走路)中
effort,/ ˈefərt /,amount of work used trying to do something,n. 努力，艰难的尝试；力气，精力,in an effort to: 企图（努力想）；试图要 | great effort: 巨大努力 | make every effort: 尽一切努力
attention,/ əˈtenʃ(ə)n /,focus of your thoughts on something,n. 注意；注意力,pay attention: 专心；集中注意力 | pay more attention to: 更加注意 | pay close attention to: 密切注意
upon,/ əˈpɑːn /,more formal term for on,prep. 在……上；用在一些动词后，与 on 同义 adv. 在上面地；此后,
check,/ tʃek /,to confirm the details of something are correct,v. 检查，核对；查看，查询 n. 检查，核对；制止（手段），抑制（手段） 其他 【名】 （Check）（英）切克（人名）,
complete,/ kəmˈpliːt /,to finish or reach the end of doing something,adj. 完全的，彻底的；全部的，完整的 v. 使完整，使完美；填写（表格）,complete set: 整套；[计]成套机组；完全集 | a complete set of: 一整套 | form a complete set: 配套
lie,/ laɪ /,to say something that you know is not true,v. 平躺，平卧；位于，坐落在 n. 方向，位置；谎言，谎话 其他 【名】 （Lie）（罗、挪、瑞典）利，（中）李（普通话·威妥玛）（人名）,lie in: 在于…；睡懒觉；待产 | lie down: 躺下 | lie on: 位于；压迫；依赖；折磨
pick,/ pɪk /,to decide on a thing from various choices; select,v. 采，摘（花、果）；（用手指）弄掉 n. 精华（the pick of）；选择，选择权 其他 【名】 （Pick）（英、法、德、捷、匈、瑞典）皮克（人名）,pick up: 捡起；获得；收拾 | pick out: 挑选出 | pick it up: 把它捡起来
reduce,/ rɪˈduːs /,to make something smaller or use less of it,v. 减少，降低；（烹调中）使变浓稠，收汁,reduce pollution: 降低污染 | reduce weight: 整形美容减肥 | reduce waste: 减少浪费
personal,/ ˈpɜːrsən(ə)l /,done by or to a particular person; individual,adj. 个人的，私人的；私密的，隐私的 n. （报纸私人广告栏内的）私人信息发布，私人广告；（报纸或杂志上的）个人启事栏，私人广告栏（the personals）,personal information: 个人信息，个人情况；个人资料，个人资讯 | personal data: 个人资料 | personal computer: 个人电脑；个人计算机
ground,/ ɡraʊnd /,solid surface of the earth that we stand on,n. 地，地面；土地，土壤 v. 以……为根据；（在某学科上）给……以扎实的基础教育 adj. 切碎的，磨碎的；（航空用语）地面的，地勤的 v. 研磨（grind 的过去式和过去分词形式）,on the ground: 在地上；当场；在决斗 | to the ground: 彻底地 | ground someone in something: 给某人在某方面打下良好基础
animal,/ ˈænɪm(ə)l /,a living creature that is not a plant or person,n. 动物；兽类 adj. 动物的；肉体的，肉欲的,animal husbandry: 畜牧业；畜牧学 | animal feed: 动物饲料 | wild animal: n. 野生动物；野兽
arrive,/ əˈraɪv /,to reach the place you are travelling to,v. 到达，抵达；送达，寄到 其他 【名】 （Arrive）（法）阿里夫（人名）,arrive at: 达到，达成；到达某地 | arrive in: 抵达，到达 | arrive from: 从某地来（这里）
patient,/ ˈpeɪʃ(ə)nt /,not getting annoyed when things take a long time,adj. 能忍耐的，有耐心的 n. 病人，患者；（语言学）受动者，承受者 其他 【名】 （Patient）帕迪恩特（人名）,patient of: 能忍受 | patient with: 对……有耐心 | patient care: 病人护工；病人照护；病患照顾
current,/ ˈkɜːrənt /,happening or being in the present time,adj. 现行的，当前的；通用的，流行的 n. 水流，气流；电流 其他 【名】 （Current）（英）柯伦特（人名）,current situation: 现状，目前形势；现况 | current status: 当前状态；目前状况 | current state: 现行状态；初速电流状态
century,/ ˈsentʃəri /,period of 100 years,n. 世纪；一百年,the twentieth century: 20世纪 | turn of the century: 世纪之交；19世纪与20世纪转换交替时期；19世纪末20世纪初 | century park: 世纪公园
evidence,/ ˈevɪdəns /,factual proof that helps to establish the truth,n. 根据，证明；（呈上法庭的）证据，证词 v. 证实，证明,in evidence: 明显的；[法]作为证据 | give evidence: 作证 | empirical evidence: 实验性证据
exist,/ ɪɡˈzɪst /,"to be present, alive or real",v. 存在，实际上有；持续存在，生存,exist in: vt. 存在于 | exist as: 以…形式(或形态)存在，作为…而存在， | exist on: 靠…生存；靠…生活
similar,/ ˈsɪmələr /,nearly the same,adj. 相像的，类似的；（几何图形）相似的 n. <古>相似之人（或物）；顺势药物（指疗效与某些疾病症状相似的药物，为顺势疗法的基础）,in a similar way: 按同样的方式 | similar terms: [数]类似项；同类项 | similar figures: 相似图形；相似形（similar figure的复数）
fight,/ faɪt /,act of trying to hurt someone by hitting them,v. 与……作斗争，坚决反对；努力争取，为……而斗争 n. 斗争；打斗，打架,fight for: 为…而战，而奋斗 | fight against: v. 对抗；反对；与……作斗争 | fight with: 与…并肩战斗；为反对…而战斗；与…打架
leader,/ ˈliːdər /,person who is in charge of a group or task,n. 领导者，首领；领先者，佼佼者 其他 【名】 （Leader）（英）利德（人名）,market leader: 市场领袖 | team leader: 组长；团队领导 | group leader: 组长；车间班长；团体领袖
fine,/ faɪn /,"good, acceptable or satisfactory",adj. 令人满意的，可以接受的；值得崇敬的 adv. 很，很好；精致地，精美地 v. 罚款，处以罚金；使变纯，使澄清 n. 罚金，罚款；微小颗粒 其他 【名】 （Fine）（英）法恩，（意）菲内（人名）,in fine: 最后；总而言之 | fine chemicals: 精细化学品 | fine quality: 优良品质；上等品
street,/ striːt /,road in a city with buildings and places to walk,n. 街道,in the street: adj. 在街上；在交易所打烊后进行的；在户外 | on the street: 在街上 | wall street: 华尔街（美国纽约）
former,/ ˈfɔːrmər /,"being something previously, but not now",adj. 旧时的；以前的，前…… n. 模子，模型；形成某事的人（或事） pron. （两者中的）前者 其他 【名】 （Former）（法）福尔梅，（德、捷）福尔默（人名）,former president: 前任总统 | former residence: 故居 | former name: 曾用名
contact,/ ˈkɑːntækt /,to get in touch with someone,n. 联系，联络；接触，触摸 v. 联系，联络；接触 adj. 供联络的；接触性的，通过接触而起作用的,contact us: 联系我们；联络我们；联系方式 | contact with: 与…联系 | in contact with: 接触；与…有联系
particularly,/ pərˈtɪkjələrli /,specially; more than others,adv. 非常，尤其；特别是,
wife,/ waɪf /,married woman,n. 妻子，已婚妇女；夫人,husband and wife: 夫妻 | good wife: 好太太，贤内助 | wife and children: 妻儿
sport,/ spɔːrt /,game or physical exercise with rules,n. （某项）体育运动；体育运动 v. （引人注目地）穿戴，展示；嬉戏，玩耍 adj. 运动的,in sport: 非认真地；闹着玩 | competitive sport: 竞技性运动；竞赛体育运动 | good sport: n. 输得起的运动员
prepare,/ prɪˈper /,to make something ready for use,v. 使做好准备，把……预备好；（为……）做好准备,prepare something for someone: 为某人准备某物 | prepare for: 为…准备，使有准备 | prepare the way: 排除障碍，扫清道路
discuss,/ dɪˈskʌs /,to talk about something seriously or in great detail,v. 讨论，辩论；详述，论述,discuss with: 商洽；与…谈论
response,/ rɪˈspɑːns /,something said or written as an answer to something,n. 反应，响应；（口头或书面的）回复，答复,in response: 作为回答 | dynamic response: 动态响应；动力特性 | response time: 响应时间
voice,/ vɔɪs /,sound made when you speak or sing,n. 嗓音，说话声，歌唱声；发言权，表达意愿的权利 v. 表达，吐露（感情或意见）；（语音）发浊音,voice mail: 语音邮件 | with one voice: 异口同声地 | passive voice: [语]被动态，被动式
piece,/ piːs /,small part that of something larger,n. 块，张，片，段；碎片，零件 v. 拼合，拼装；慢慢理解,a piece of: 一片，一块 | one piece: adj. 整体的，单片的 | work piece: 工作物；半制品；被加工件
finish,/ ˈfɪnɪʃ /,end of something; completion,v. 完成，做好；（使）结束 n. 结尾，结局；（赛跑、比赛的）终点,finish line: 终点线，终航线 | finish with: 完成，结束；与…断绝关系 | surface finish: [机]表面抛光
suppose,/ səˈpoʊz /,to imagine or guess what might happen,v. 推断，料想，猜想；假设，假定，设想,
apply,/ əˈplaɪ /,"to ask formally for (a job, building permission, etc.)",v. 申请；涂，敷,apply oneself: 减少对…之消耗量；努力，致力于… | apply for: 申请，请求 | apply for a job: 求职；申请工作
president,/ ˈprezɪdənt /,"person in charge of a country, company, or organization",n. 总统，国家主席；（机构、俱乐部、学院等的）负责人，会长，院长，主席,vice president: 副总统；副主席 | former president: 前任总统 | senior vice president: 高级副总裁
fire,/ ˈfaɪər /,heat and the flame produced when burning,n. 失火，火灾；火焰 v. 射击，开火；射（箭）,on fire: adv. 着火；起火；在兴头上；非常激动 | on the fire: 在审议中；在考虑中 | fire control: 消防；火力控制；射击控制
compare,/ kəmˈper /,to consider how similar and different things are,v. 比较，对比；把……比作 n. 比较,compare with: 与…相比较 | compare notes: 交换意见 | compare favourably with: 比…毫不逊色，比得上
court,/ kɔːrt /,"large, flat area, to play tennis or basketball",n. 法院，法庭；球场 v. 奉承，讨好；设法取得，追求 其他 【名】 （Court）（英）考特，（法）库尔（人名）,people's court: 人民法院；人民法庭（美国一种电视节目） | supreme court: 最高法院 | in court: 在法庭上
police,/ pəˈliːs /,"people, often in uniforms, who solve crimes",n. 警察部门；警察 v. 巡查，维护治安；监督，管制,police station: 派出所；警察局；公安局 | police officer: n. 警官；警员 | police force: 警察；警察机关
store,/ stɔːr /,place where you can go to buy things,n. 商店；仓库，储存处 v. 贮存，储藏；（在头脑或计算机中）储存（事实或信息） 其他 【名】 （Store）（德）施托雷（人名）,department store: 百货公司；百货商店 | in store: 贮藏着；准备着；将要发生 | chain store: 连锁商店
poor,/ pʊr /,without money; not rich,adj. 贫穷的；可怜的，不幸的 其他 【名】 （Poor）（美）普尔（人名）,poor quality: 质量差的；品质低劣的 | poor people: 贫民，穷人 | poor man: 可怜的人，穷人
knowledge,/ ˈnɑːlɪdʒ /,"information, understanding, or skill",n. 知识，学问；知道，了解 其他 【名】 （Knowledge）（南非）诺利奇（人名）,knowledge of: 知识 | knowledge economy: 知识经济 | knowledge management: n. 知识管理
laugh,/ læf /,to make a happy sound when something is funny,v. 笑，发笑；嘲笑，不以为然 n. 笑，笑声；令人开心的时刻,laugh at: 嘲笑；因…而发笑 | the last laugh: 最后的胜利 | burst out laughing: 突然笑起来；不禁大笑
arm,/ ɑːrm /,part of your body from your shoulder to your hand,n. 手臂，上肢；武器，军备 v. 武装，备战；提供，配备,in arms: 怀抱着的；武装起来的 | on one's arm: 由(或靠)手臂支撑着 | up in arms: 竭力反对；进行武装斗争
heart,/ hɑːrt /,part of the body that pumps blood,n. 心，心脏；内心，感情 v. <非正式>喜爱，深爱 其他 【名】 （Heart）（英）哈特（人名）,heart disease: 心脏病 | heart failure: n. 心力衰竭 | coronary heart disease: 冠心病
source,/ sɔːrs /,produces or provides what is wanted or needed,n. 来源，出处；（问题的）原因，根源 v. （从某地）获得；找出……的来源 其他 【名】 （Source）（法）苏尔斯（人名）,source code: 源代码；源程序 | power source: 电源，能源 | light source: 光源
employee,/ ɪmˈplɔɪiː /,person who works for someone else for payment,n. 雇员,employee turnover: 员工流动；职工离职 | employee benefits: 职工福利 | employee stock ownership: 员工股份持有制
manage,/ ˈmænɪdʒ /,to run or operate a business by directing others,v. 管理，处理；操纵，控制,manage with: 用…设法对付 | manage to do: 挣扎做某事；设法完成某事 | can manage it: 可以设法帮这个忙
simply,/ ˈsɪmpli /,in an easy or clear manner,adv. 仅仅，只，不过；简直，的确,simply supported: 简支 | simply put: 简言之；简单本说 | simply supported beam: 简支梁；简单支撑梁；简支架
bank,/ bæŋk /,a financial institution that keeps or lends money,n. 银行；储蓄罐 v. 把（钱）存入银行，把……储存入库；与银行有业务往来 其他 【名】 （Bank）（英、德、俄）班克，（法、匈）邦克（人名）,central bank: [经]中央银行 | commercial bank: 商业银行 | bank of china: 中国银行
firm,/ fɜːrm /,"fairly hard or solid, not soft",n. 公司，商行；（以顾问医师为首的）医务小组 adj. 结实的，坚硬的；牢固的，稳固的 v. 使强壮，使坚实；坚挺，稳步上涨 adv. 坚定地，坚决地,law firm: 法律事务所 | consulting firm: 咨询公司 | accounting firm: 会计事务所，会计师事务所
cell,/ sel /,short for 'cellphone',n. 细胞；小牢房 其他 【名】 （Cell）（英）塞尔（人名）,cell phone: 手机（等于cellular phone） | stem cell: 干细胞，骨髓干细胞 | fuel cell: 燃料电池
article,/ ˈɑːrtɪk(ə)l /,piece of writing about a particular subject,n. 文章，论文；物品 v. 见习，签约做实习生；进行控告,in articles: 根据契约当学徒，依雇用契约工作着 | write an article: 写文章 | first article: 首产品
fast,/ fæst /,moving or able to move quickly,adj. 快的，迅速的；系牢的，紧缚的 adv. 快速地；坚定地，牢固地 v. 斋戒，禁食 n. 斋戒，斋戒期 其他 【名】 （Fast）（英、德、俄、芬、捷、瑞典）法斯特（人名）,fast food: 速食，快餐 | as fast as: 和…一样快 | fast growth: 快速生长
attack,/ əˈtæk /,"to try to destroy, beat, or injure",v. 批评，抨击；侵蚀，侵害 n. （疾病的）突然发作；（情感的）一阵突发 其他 【名】 （Attack）（瑞典）阿塔克（人名）,heart attack: 心脏病发作 | attack on: 攻击 | under attack: 受到攻击；在攻击之下
foreign,/ ˈfɔːrən /,being of a different place or country,adj. 外国的，来自国外的；外交的，涉外的,foreign trade: 外贸，对外贸易 | foreign language: n. 外语；外文 | foreign exchange: 外汇；国际汇兑；外国汇票
surprise,/ sərˈpraɪz /,to do something that another person didn't expect,n. 不寻常的事件，意外之事；惊奇，惊讶 v. 使（某人）吃惊；意外发现，当场抓获，突然袭击 int. 感到惊奇吧！ adj. 令人惊奇的，意外的,by surprise: 出其不意地 | in surprise: 惊奇地 | big surprise: 大惊喜；大吃一惊
feature,/ ˈfiːtʃər /,distinctive or important point of something,n. 特点，特征；五官，面貌（特征） v. 以……为特色，以……为主要组成；起重要作用，占重要地位,distinguishing feature: 特点；特征 | main feature: 主要特征；主要特点；主景；功能特点 | feature extraction: 特征抽取
factor,/ ˈfæktər /,something that influences a result,n. 因素，要素；等级，系数 v. 把……作为因素计入，把……包括在内（factor in）；把……作为因素排除，不把……包括在内（factor out） 其他 【名】 （Factor）（英）法克特（人名）,factor in: …的因素；将…纳入 | key factor: 关键因素；主要因素 | factor analysis: 因子分析；要素分析
pretty,/ ˈprɪti /,being attractive to the eye in a simple way,adj. （尤指女孩）漂亮的，标致的；（事物）悦目的，悦耳的 adv. 相当，颇；非常，很 n. <非正式>漂亮东西（尤指悦人但不必要的小饰品）；<非正式>（以高人一等的口吻）漂亮的人，漂亮的孩子 v. 装饰，使漂亮 其他 【名】 （Pretty）（美、印）普雷蒂（人名）,pretty soon: 不久 | pretty good: 非常好 | pretty much: 几乎
recently,/ ˈriːs(ə)ntli /,just a while ago; not long ago,adv. 最近，不久前,until recently: adj. 直到最近
affect,/ əˈfekt /,to do something that changes something else,v. 影响；（疾病）侵袭，感染 n. （尤指影响行为或行动的）情感，感情,
drop,/ drɑːp /,to let something fall from your hand,v. 投，丢；躺倒 n. 滴，少量；下降,drop in: v. 顺便走访 | a drop of something: 一口酒；一杯酒 | pressure drop: 压力下降，压强下降
recent,/ ˈriːs(ə)nt /,happening or beginning not long ago,adj. 最近的，最新的；（地质）全新世的 （Recent）,in recent years: 最近几年中 | recent development: 最近发展，最新发展 | more recent: 较新的
relate,/ rɪˈleɪt /,to understand or sympathize with someone or something,v. 联系，使有联系；涉及，关于,relate with: 使相关，使符合
official,/ əˈfɪʃ(ə)l /,of or done by someone in authority; formal,adj. 正式的，官方的，官方授权的；公务的，公职的 n. 官员，高级职员；（体育比赛中的）执法人，裁判员,government official: 政府官员 | official language: 官方语言；法定语文 | senior official: 高级官员；资深官员
financial,/ faɪˈnænʃ(ə)l /,involving money,adj. 财政的，金融的；<澳新，非正式>有钱的 n. （组织或个人的）财务状况；金融公司股票,financial crisis: 金融危机；财政危机 | financial management: 财务管理；金融管理 | financial system: 金融体系；财务系统
miss,/ mɪs /,"to be too late to ride on something (e.g., train or bus)",n. 女士，小姐，年轻未婚女子 vt. 错过，想念，缺（勤）,miss you so much: 真的好想你 | miss out: 错过；遗漏；省略 | miss out on: 错过机会；错失了…
art,/ ɑːrt /,"a creative skill using the imagination (e.g., painting)",n. 美术，艺术；艺术品 adj. 艺术性的 v. <古>be 的第二人称单数现在式,contemporary art: 当代艺术 | works of art: 艺术品 | literature and art: 文艺；文学与艺术
campaign,/ kæmˈpeɪn /,to work in an organized and active way toward a goal,n. （有计划的）活动，运动；战役，战斗 v. 领导（参加）运动，从事竞选活动,campaign for: 为…助选；为…而进行活动 | campaign against: 开展反对…的活动 | advertising campaign: 广告活动
private,/ ˈpraɪvət /,personal; not to be seen by everyone,adj. 私有的，自用的；（服务，行业）私营的，民营的 n. （美、英陆军或美国海军陆战队）二等兵；<非正式> 私处，阴部（privates）,in private: 私下地；秘密地 | private enterprise: 民营企业；私营企业 | private sector: 私营部门；私营成分
pause,/ pɔːz /,to stop doing for a while before continuing,n. 暂停，停顿；暂停键 v. 暂停，停顿；（按暂停键）暂停,pause and ponder: 踌躇；停下来好好想一想 | give pause to: vt. 使人踌躇 | pause button: 暂停键；暂停按钮
everyone,/ ˈevriwʌn /,every person; everybody,pron. 每个人；人人,
forget,/ fərˈɡet /,to not remember something,v. 忘记，遗忘；忘做 其他 【名】 （Forget）（法）福尔热（人名）,forget oneself: 忘我，忘乎所以；失去知觉 | never forget: 永不忘记 | don't forget: 请不要忘记；别忘了
page,/ peɪdʒ /,one side of a sheet of paper,n. （书、报纸、文件等的）页，面；网页 v. （在公共场所）用扩音器呼叫（某人或发布信息）；用寻呼机呼叫（某人） 其他 【名】 （Page）（西）帕赫，（英）佩奇，（意）帕杰，（法）帕日（人名）,web page: 网页 | home page: 主页；第一个界面 | page in: 置入分页；页入
worry,/ ˈwɜːri /,to feel concerned or troubled about something,v. 担心，发愁；使担忧，使发愁，使焦虑 n. 令人担忧的事，令人发愁的问题；担心，忧虑,worry oneself: 担心，发愁 | worry about: 焦虑…；担心… | don't worry: 不要紧；不用担心
summer,/ ˈsʌmər /,part of the year when the weather is hot,n. 夏天，夏季；<文>年，岁 v. （在某地）避暑，过夏；夏天放牧（牛） 其他 【名】 （Summer）（德）祖默，（英）萨默（人名）,in summer: 在夏天；在夏季 | last summer: 去年夏天；去年暑假 | summer vacation: 暑假
drink,/ drɪŋk /,to put water in your body through your mouth,v. 喝，饮；喝酒 n. 饮料；一杯，一口，一份（饮料）,drink in: 吸收 | drink water: 喝水，饮水 | something to drink: n. 喝的东西；一些喝的东西
opinion,/ əˈpɪnjən /,a person's thoughts on a topic,n. 意见，看法；（群体的）观点，信仰,public opinion: 民意；公众舆论 | in my opinion: adv. 依我看来，在我看来 | opinion about: 有关…的意见
park,/ pɑːrk /,to put your car or bike in a certain place for a time,n. 公园；自然保护区 v. 停车，泊车；存放，寄存 其他 【名】 （Park）（英、芬、瑞典）帕克（人名）,park oneself: [俚语]坐下 | industrial park: 工业园区 | national park: （美）国家公园
represent,/ ˌreprɪˈzent /,to stand in the place or to act the part of,v. 代表；为……代言（辩护）,represent something to oneself: 想像出某事物 | represent for: 代表；象征
key,/ kiː /,something you use to open a lock or start a car,n. 钥匙；（电脑、打字机或乐器的）键 v. 键入；成为（获胜）的关键 adj. 关键的，主要的 其他 【名】 （Key）（美）基（人名）,key point: 关键点；要点 | key factor: 关键因素；主要因素 | key in: [计]键入
inside,/ ˌɪnˈsaɪd /,being in something,n. 内部，内侧；<非正式>内脏，（尤指）胃 adv. 在（或向）里面；在监牢里 prep. 在（或向）……内，在（或向）……里；在……时间之内 adj. 里面的；从内部了解到的，内线干的,inside of: 在…之内；少于 | on the inside: adv. 在里面；在内心；知道内情 | inside out: 彻底地；里面翻到外面
manager,/ ˈmænɪdʒər /,person who controls and runs a business or group,n. （公司、部门等的）经理；（艺人或运动员的）经纪人,general manager: 总经理 | project manager: 项目经理 | sales manager: 销售经理；营业主任
international,/ ˌɪntərˈnæʃ(ə)nəl /,"done or relating to several countries, not just your own",adj. 国际的，国际上的 n. <英>国际比赛；<英>国际比赛选手,international trade: 国际贸易 | international market: 国际市场 | international airport: 国际机场
contain,/ kənˈteɪn /,to hold something inside something else,v. 包含，容纳；遏制，防止……蔓延,said to contain: 据称内装
notice,/ ˈnoʊtɪs /,"to become aware by sight, touch, or hearing",n. 注意，察觉；通告，布告 v. 意识，注意；留意,without notice: 不预先通知地；没有事先通知 | prior notice: 事先通知；预先通报 | take notice: 注意
wonder,/ ˈwʌndər /,surprise caused by experiencing something amazing,v. 想知道，好奇，琢磨；不知是否（用于提问或礼貌地提出请求） n. 惊讶，惊叹；奇观，奇迹 adj. 极好的，灵验的 其他 【名】 （Wonder）（美）旺德（人名）,wonder if: 不知道；想知道是否 | no wonder: 难怪 | wonder about: 对…感到奇怪；对…感到疑惑
nature,/ ˈneɪtʃər /,"physical world, including plants, animals, rocks",n. 大自然，自然界；性格，秉性 其他 【名】 （Nature）（法）纳蒂尔（人名）,in nature: 本质上，事实上 | human nature: 人性；人类本性 | by nature: 天生地；生性
structure,/ ˈstrʌktʃər /,"way something is built, arranged, or organized",n. 结构，构造；结构体，（尤指）大型建筑物 v. 计划，组织，安排,industrial structure: 产业结构 | simple structure: 简单结构；静定结构 | structure design: 结构设计
section,/ ˈsekʃ(ə)n /,one of the parts that form something,n. 部分；散件，部件 v. <英>  强制（精神病人）入院；将……制成切片,cross section: 横截面 | in this section: 在这部分；本节内容 | cesarean section: 剖腹产术
myself,/ maɪˈself /,same person as did the action mentioned,pron. 我自己；我亲自,by myself: 独立完成
exactly,/ ɪɡˈzæktli /,no more and no less than; precisely,adv. 精确地，确切地；（用于强调）恰好，完全,
plant,/ plænt /,living thing with leaves and roots growing in soil,n. 植物；工厂，发电厂 v. 栽种，种植；灌输（思想） 其他 【名】 （Plant）（英、西、意）普兰特，（法）普朗（人名）,plant oneself: ◎站立不动，处于固定位置 | power plant: 发电厂；动力装置 | in plant: 在生长发育中
paint,/ peɪnt /,to apply something; coat,n. 油漆，涂料；绘画颜料（paints） v. （给……）上油漆，（给……）涂颜料；用油漆（或涂料）覆盖（paint sth. out） 其他 【名】 （Paint）（美）潘（人名）,spray paint: 喷漆 | latex paint: 乳胶漆，乳胶涂料 | paint film: 漆膜；漆膜皮
worker,/ ˈwɜːrkər /,person who works,n. 工作者，工作人员；劳工，工人 其他 【名】 （Worker）沃克（姓氏）,skilled worker: 技术工入 | office worker: 上班族 | social worker: 社会服务人员
press,/ pres /,to push something against something else,n. 新闻工作者，新闻界，报刊（the press）；新闻报道 v. 压，挤，推，贴；按，揿 其他 【名】  (Press) （美、英、加、俄、印、澳）普雷斯（人名）,press conference: 记者招待会，新闻发布会 | in the press: 正在印刷；即将出版 | press the button: 按钮；按键
whatever,/ wətˈevər /,anything or everything needed; no matter what,det. 任何……的事物，无论什么 pron. 任何事物；究竟是什么 adv. 任何，丝毫（表强调）；<非正式>不管怎样 conj. 不管什么，无论什么；任何…...的事物，凡是…...的东西 int. （表示勉强接受）随便你怎么说,or whatever: 等等；诸如此类的事
necessary,/ ˈnesəseri /,needed or required; unavoidable,adj. 必要的，必需的；必然的，不可避免的 n. （生活）必需品；<英，非正式>必要的事（the necessary） 其他 【名】 （Necessary）（英）内塞瑟里（人名）,if necessary: 如果必要的话 | necessary for: 所必需；对…是必要的 | necessary condition: 必要条件，充分必要条件
region,/ ˈriːdʒən /,"part of a country, of the world, area, etc.",n. 地区，区域；行政区,autonomous region: 自治区 | administrative region: 行政区域；行政分区 | special administrative region: 特别行政区
growth,/ ɡroʊθ /,act of growing,n. 成长，生长；增长，发展 adj. 发展的，增长的,economic growth: [经]经济增长，经济成长 | growth rate: 增长率；生长速率 | growth factor: 增长因子；增长系数；放大因子；经济增长因素
evening,/ ˈiːvnɪŋ /,last part of the day and early part of the night,n. 晚上，傍晚；晚会，晚间活动 int. 晚上好（good evening 的简称） adj. 在晚上的，为晚上的,in the evening: 在晚上 | good evening: 晚上好 | yesterday evening: 昨天晚上，前晚
influence,/ ˈɪnfluəns /,to affect what happens; change something (indirectly),n. 影响，作用；势力，影响力 v. 影响，对……起作用,influence on: 对…的影响 | under the influence: 酒醉的 | influence in: 干涉；介入
respect,/ rɪˈspekt /,to think very highly of another person because of what they do,n. 尊敬，敬重；重视，尊重 v. 尊敬，敬佩；慎重对待，尊重 int. <非正式> 真了不起（因敬重或赞同而发出的感叹）,respect oneself: 自重 | in respect of: 关于，涉及 | respect for: 尊重…；对…的尊敬
various,/ ˈveriəs /,several; consisting of different things or types,adj. 各种各样的；迥异的，千差万别的 det. 不止一个的，各别的 pron. 不止一个的，各别的,in various ways: 以不同的方式 | various styles: 各种款式；款式齐全；款式多样 | various people: 各行各业的人；许多人
catch,/ kætʃ /,use your hands to stop and hold something flying,v. 接住；抓住，握住 n. 接（球等）；（鱼的）捕获量，捕获物,catch oneself: 发觉自己讲错而突然住嘴 | catch up: 赶上；把…缠住 | catch up with: 赶上，追上；逮捕；处罚
thus,/ ðʌs /,therefore; so; as a result,adv. <正式>因此；<正式>这样，以此种方式,thus far: 迄今；现在为止 | thus much: 到这种程度为止；这么多 | as thus: 像这样，就这样；于是
skill,/ skɪl /,ability to do something well,n. 技巧， 技艺；（特定的）技术，技能 v. 培训（工人） 其他 【名】 （Skill）（瑞典）希尔（人名）,communication skill: 沟通技巧；传播技能 | skill in: 技能；对…熟练 | skill training: 技能训练；技巧训练
attempt,/ əˈtempt /,to try to do something challenging or difficult,v. 努力，尝试 n. 试图，努力；企图杀害,attempt at: 企图，努力；尝试 | attempt to do something: 努力...；试图... | attempt to do: 尝试去做
son,/ sʌn /,male child; friendly way of addressing a boy,n. 儿子；孩子（长者对男孩或年轻男子的称呼） 其他 【名】 （Son）（土、老、柬）松，（法、罗）索恩，（日）存（人名）,son of: …之子 | son of man: 人子；耶稣基督 | son of god: 耶稣基督；救世主
simple,/ ˈsɪmp(ə)l /,not hard to understand or do; not complex,adj. 简单的，简明的；简朴的，朴素的 n. <史> 草药，药草；出身低微者 其他 【名】  （Simple）（法）桑普勒（人名）,simple structure: 简单结构；静定结构 | simple and easy: 简易明了 | simple life: 简单生活
medium,/ ˈmiːdiəm /,"middle size, something between other things",n. 媒介，媒体；方法，手段 adj. 中等的，中间的，适中的；五分熟的，半熟的,medium sized: adj. 中等大小的 | culture medium: 培养基（培养微生物的养料） | medium size: 中号，中码；中号尺码
average,/ ˈævərɪdʒ /,typical or normal; usual; ordinary,n. 平均水平，一般标准；平均数，平均值 adj. 普通的，平常的；不好不坏的 v. 平均为，平均达到；计算平均值,an average of: 平均是… | an average: 一般说来；平均起来 | on average: 平均；普通，通常
stock,/ stɑːk /,piece of a business bought in the form of shares,n. 现货，存货；储备物，备用物 v. 备有，存有；摆满，供应 adj. 老一套的，陈腐的；（商店）库存的，常备的 其他 【名】 （Stock）（德、匈、捷）施托克，（英、法、葡、瑞典）斯托克（人名）,stock market: 股票市场；证券市场；股票交易 | in stock: 有存货；现有 | stock exchange: 证券交易所
management,/ ˈmænɪdʒmənt /,people who are in control of a business or group,n. 经营，管理，安排；管理人员，管理层,management system: 管理系统；经营责任制 | quality management: 质量管理 | project management: 项目管理；专案管理
character,/ ˈkærəktər /,your personality or nature,n. 性格，品质；特色，特征 v. <古>刻，写；描述 其他 【名】 （Character）（英）克拉克特（人名）,chinese character: 汉字 | moral character: 品德 | main character: 主要人物；主要角色
bed,/ bed /,a piece of furniture that people sleep on,n. 床，床铺，床位；底部，基座 v. 把……固定，嵌入；与（某人）上床,in bed: 在床上；卧床 | go to bed: 上床睡觉 | fluidized bed: [化]流化床；流动层
hit,/ hɪt /,"to fight, attack or damage something or someone",v. 打，击；撞击，碰撞 n. 打击；命中，击中,hit the ball: 击球；顺利，成功 | hit it off: 合得来 | hit hard: 使受到沉重的打击，使…遭受严重的挫折
establish,/ ɪˈstæblɪʃ /,to set or create something to last for a long time,v. 建立，设立；证实，确定,establish oneself in: 在…落户，定居在 | establish as: 确立为…；使成为… | establish a business: 创业；设立商店
indeed,/ ɪnˈdiːd /,actually; in fact; in reality,adv. 确实，的确；实际上,
final,/ ˈfaɪn(ə)l /,being the last thing in a series,adj. 最终的，结束的；(出现次序)最后的，末尾的 n. 决赛；期末考试，课程终结考试,final decision: 最后决定 | final product: 最终产品；最后产物 | cup final: 总决赛
economy,/ ɪˈkɑːnəmi /,"total of all the goods, services, and wages in an area",n. 经济；节省，简练 adj. 经济实惠的 其他 【名】 （Economy）（英）伊科诺米（人名）,market economy: [经]市场经济 | national economy: 国民经济 | socialist market economy: 社会主义市场经济
fit,/ fɪt /,proper or acceptable; morally or socially correct,v. 适合，合身；适应，合得来 adj. 健康的，健壮的；合适的，适当的 n. 适合，合身；匹配，相配 其他 【名】 （Fit）（捷、罗）菲特（人名）,fit for something: 使胜任某事，使适应(或适合)某事 | fit for: adj. 适于；适合的，恰当的 | keep fit: 保持（身体）健康
guy,/ ɡaɪ /,informal man; boy; any person,n. <非正式>男人，家伙；<美，非正式>伙计们，兄弟（或姐妹）们 v. 嘲笑，戏弄；用支索稳定（加固） 其他 【名】 （Guy）（英）盖伊，（西）吉，（法）居伊（人名）,nice guy: 好人 | good guy: 好家伙（电影鬼娃新娘中的玩偶） | bad guy: [美口]坏人
function,/ ˈfʌŋkʃ(ə)n /,what something is intended to be used for; purpose,n. 功能，职责；宴会，典礼 v. 工作，运转；行使职责，发挥功能,and function: [计]与酌 | objective function: 目标函数 | system function: 系统功能；系统函数
yesterday,/ ˈjestərdeɪ /,day before today,adv. 在昨天；日前，不久前 n. 昨天；最近，往昔,yesterday morning: 昨天早上 | yesterday evening: 昨天晚上，前晚 | day before yesterday: 前天
image,/ ˈɪmɪdʒ /,"picture, sculpture, or painting of something",n. 形象，印象；影像，映像，图像 v. 作……的像，描绘……的形象；（以探测器或电磁束）扫描出……的直观图 其他 【名】 （Image）（法）伊马热（人名）,image processing: 图像处理；图象加工 | digital image: 数字图象 | brand image: 品牌形象
size,/ saɪz /,how big or small a thing is,n. 大小，尺寸；庞大，巨大 v. 依大小分类（或排列）；按一定大小制作 adj. 一定大小（或尺码）的,particle size: 粒度；颗粒大小 | small size: 小号，小码；小尺寸 | grain size: 晶粒大小，晶粒尺寸
behavior,/ bɪˈheɪvjər /,way a person or thing acts; manner,n. 行为，举止；态度,dynamic behavior: 动态行为；动态特性；能动行为 | mechanical behavior: 机械特性；力学特征；机械行为 | consumer behavior: 消费者的行为
addition,/ əˈdɪʃ(ə)n /,fact of adding something; thing that is added,n. 增加物，新增人员；增加,in addition: 另外，此外 | addition to sth: 增加 | with the addition of: 外加
determine,/ dɪˈtɜːrmɪn /,to control exactly how something will be or act,v. 决定，控制；查明，确定,
station,/ ˈsteɪʃ(ə)n /,place where you can catch a train or a bus,n. （公共汽车、火车等的）车站；电视台，广播电台 vt. 驻扎，派驻；派往，安置在,power station: 发电站；发电厂 | railway station: 火车站 | hydropower station: 水电站
population,/ ˌpɑːpjuˈleɪʃ(ə)n /,"number of people who live in a country, area, etc.",n. （地区、国家等的）人口，人口数量；（某领域的）生物，族群，人口,population growth: 人口的增长 | rural population: 农村人口 | population density: 人口密度；种群密度
fail,/ feɪl /,"to not achieve a goal, or to go wrong",v. 失败；未能做到，未能做 n. 不及格；<非正式>过失，失败 其他 【名】 （Fail）（葡、捷）法伊尔，（法）法伊（人名）,fail in: 失败；缺少 | without fail: 务必；必定，无疑 | never fail to: 一定会...
environment,/ ɪnˈvaɪrənmənt /,natural world in which plants and animals live,n. 自然环境，生态环境；周围状况，条件,ecological environment: 生态环境 | environment protection: 环境保护；环境保扩 | natural environment: 自然环境
production,/ prəˈdʌkʃn /,process of making something on a large scale,n. （以销售为目的的）生产，制造；（对自然物的）加工，采集，生产,production process: 生产流程 | production line: 生产线 | production equipment: 生产设备；生产装备
contract,/ ˈkɑːntrækt /,"legal agreement (e.g., for doing work for money)",n. 合同，契约；<非正式>暗杀协议 v. （使）收缩，缩小；签合同，订立契约,contract with: 承包；与…订有合约 | contract in: [法]保证承担义务 | labor contract: n. 劳工合同
player,/ ˈpleɪər /,person who plays sports,n. 运动员，选手；（乐器的）演奏者,team player: 具有团队精神的人；良好的合作伙伴；善于团队合作的人 | basketball player: n. 篮球选手；篮球球员 | football player: 足球运动员
comment,/ ˈkɑːment /,something you say; give an opinion; remark,n. 评论，意见；批评，指责 v. 评论，发表意见；（计算机）注解，把（部分程序）转成注解 其他 【名】 （Comment）（美、瑞、法）科门特（人名）,comment on: 对……评论 | no comment: 无可奉告；不予置评；无意见 | general comment: 一般评论
enter,/ ˈentər /,to go into a room,v. 进入；开始从事，开始做 n. 回车键 其他 【名】 （Enter）（英）恩特（人名）,enter into: 进入；讨论；成为…的一部分；研讨；分享；体谅 | enter in: 进入，报关进口 | enter for: 参加（竞赛，活动等）；报名参加（比赛）
occur,/ əˈkɜːr /,to come to pass or to happen,v. （尤指意外地）发生；存在，出现,occur as: 以...的形式出现 | occur for: 发生在…时候
alone,/ əˈloʊn /,without anyone or anything else,adj. 独自的；单独的 adv. 独自，单独；独力，单干（地）,let alone: 更不必说；听任；不打扰 | all alone: 独立地，独自地 | stand alone: 孤立；独一无二
significant,/ sɪɡˈnɪfɪkənt /,large enough to be noticed or have an effect; important,adj. 显著的，相当数量的；重要的，意义重大的 n. <古>象征，有意义的事物,significant difference: 显著性差异 | significant change: 显著变化；有效变化量 | statistically significant: 统计上显著的
drug,/ drʌɡ /,chemical used as a medicine,n. 毒品；药物 v. 使服麻醉药；（在食物或饮料中）投放麻醉药 其他 【名】 （Drug）（罗）德鲁格（人名）,food and drug administration: 食品和药物管理局 | drug resistance: 抗药性 | on drugs: 有吸毒嗜好的
wall,/ wɔːl /,"high, flat side of a room or building",n. 城墙，围墙；墙，壁，墙壁 v. 用墙围住（一区域）；砌墙封闭，砌墙堵住（wall sth. up） adj. 墙壁的 其他 【名】 （Wall）（英）沃尔，（德、芬、捷、瑞典）瓦尔（人名）,great wall: 万里长城；中国长城计算机集团公司 | wall street: 华尔街（美国纽约） | on the wall: 在墙上；在流浪
series,/ ˈsɪriːz /,number of things that happen one after another,n. 连续，一系列（事件）；（电视、广播等的）系列片，系列节目,series of: 一系列；一连串 | time series analysis: 时间序列分析；时序分析 | series expansion: 级数展开
direct,/ dəˈrekt /,to tell someone to do something in a straight-talking way,adj. 径直的，笔直的；坦率的 v. 把……对准；管理，指导 adv. 径直地，直达地；亲自，直接,direct investment: [经]直接投资 | direct current: 直流；[电]直流电 | foreign direct investment: n. 外国直接投资，对外直接投资
success,/ səkˈses /,achievement of a desired purpose or goal,n. 成功，胜利；发财，成名,success in: 在…方面成功 | great success: 巨大成功；非常成功 | with success: 成功地
tomorrow,/ təˈmɑːroʊ /,day after today,adv. 在明天，在明日；（尤指不久的）将来 n. 明天，明日；未来,tomorrow morning: 明天早上 | tomorrow afternoon: 明天下午 | tomorrow is another day: 明天又是崭新的一天
director,/ dəˈrektər /,senior person who manages part of an organization,n. 导演；管理者，负责人 其他 【名】 （Director）（英）迪雷克托（人名）,deputy director: 副局长，副厅长；副院长 | managing director: n. 总经理，常务董事 | vice director: 副处长；副主任；副院长；副会长
clearly,/ ˈklɪrli /,in a way that is easy to understand; obviously,adv. 清楚地，清晰地；毫无疑问，显然,see clearly: 看清楚 | clearly understood: 清楚理解；充分理解 | state clearly: 清楚地表明
lack,/ læk /,"to not have, or not have enough, of something",n. 缺乏，不足 v. 缺乏，不足；需要 其他 【名】 （Lack）（美、德）拉克（人名）,lack of: 没有，缺乏；不足，不够 | for lack of: 因缺乏…；因缺少…；因没有… | lack in: 缺少…；在…缺乏
review,/ rɪˈvjuː /,to carefully look at the quality of something,n. 审查，检查；评论，评论文章 v. 仔细研究，审视；给（书、戏剧、电影等）写评论,literature review: 文献回顾；文献综述；文献评论 | judicial review: n. 司法审查；复审 | comprehensive review: 全面审查
depend,/ dɪˈpend /,"to need (someone or something) for support, help, etc.",v. 取决于；依赖，依靠,depend on: 取决于；依赖；依靠 | depend upon: 依赖；取决于 | depend on yourself: 依靠自己
race,/ reɪs /,"contest between people, animals, or vehicles, to determine which is the fastest",n. 赛跑，速度竞赛；竞争，角逐 v. （和……）比赛，参加比赛；使（动物或车辆）参赛参赛 其他 【名】 （Race）（英）雷斯，（塞）拉采（人名）,in the race: 在比赛中；有成功的可能 | human race: 人类 | arms race: n. 军备竞赛
recognize,/ ˈrekəɡnaɪz /,to remember because you have met it before,v. 认识，辨别出；承认，意识到,
window,/ ˈwɪndoʊ /,opening in a wall or door to let in light,n. 窗，窗玻璃；（计算机屏幕的）视窗,out of the window: 不再受重视 | in the window: 贴在窗口上；摆在橱窗里 | transfer window: 转会市场
purpose,/ ˈpɜːrpəs /,reason for which something is done; aim; goal,n. 目的，意图；目标，计划 v. 有意，打算,for the purpose: 为某目的 | for the purpose of: 为了…目的 | on purpose: 有目的地，故意地
department,/ dɪˈpɑːrtmənt /,division of a larger part or organization,n. （组织或机构中的）部，司，系，处，科；（商场里的）部,department store: 百货公司；百货商店 | state department: n. （美国）国务院 | sales department: 业务部，营业部
gain,/ ɡeɪn /,"to get something wanted, needed, or valued",v. 获得，赢得；受益 n. 增加；好处，改进 其他 【名】 （Gain）（英、匈、法）盖恩（人名）,weight gain: 增重，体重增加 | gain in: 增长，改进；获得；在…方面有进展 | gain and loss: [经]损益，得失
tree,/ triː /,tall green plants in a forest,n. 树；木料 vt. 把……赶上树 vi. 爬上树；逃上树 n. （Tree）人名；（英）特里,fault tree: 故障树；失效树 | christmas tree: 圣诞树 | decision tree: 决策树，决策图表
college,/ ˈkɑːlɪdʒ /,school or educational institution for adults,n. 大学，专科学校；学院，分院,in college: 在大学 | college student: 大学生 | medical college: 医学院
argue,/ ˈɑːrɡjuː /,to give reasons for or against an idea or point of view,v. 主张，认为；说服 其他 【名】 （Argue）（英、法）阿格（人名）,argue with: 争论；和…争吵 | argue about: 争论；议论某事 | argue for: 赞成；支持；论证
board,/ bɔːrd /,surface for posting or showing information,n. 板，木板；黑板，告示牌 v. 登上（火车、轮船或飞机）；让乘客登机（或上船等） 其他 【名】 （Board）（英、西）博德（人名）,on board: 在船（火车、飞机）上 | on the board: 在董事会，将在会上讨论；在那块木板上 | circuit board: 电路板；线路板
holiday,/ ˈhɑːlədeɪ /,day when people don't go to work or school,n. 假日；度假期 v. 度假 其他 【名】 【名】（Fit）（捷、罗）菲特（人名）,on holiday: 在度假；在休假中 | summer holiday: 暑假 | public holiday: 公休假日；国定假日
mark,/ mɑːrk /,to make or leave a visible sign on something; a writing symbol,n. 痕迹，污点；标识，记号 v. 做记号，做标记；留下痕迹，弄污 其他 【名】 （Mark）马克（人名）,trade mark: 商标；特征 | mark on: 标上；在…上做记录 | mark twain: n. 马克·吐温（美国小说家）
church,/ tʃɜːrtʃ /,building where religious people gather and pray,n. 教堂；礼拜仪式 v. <古>把（产妇等）带到教堂做感恩礼拜；<美>对……进行教会裁决 adj. 教会的；礼拜的 其他 【名】 （Church）（英）丘奇（人名）,catholic church: 天主教；天主教会；天主教堂；大公教会 | in church: 在教堂 | go to church: （去教堂）做礼拜
machine,/ məˈʃiːn /,piece of equipment used to do work,n. 机器，机械（装置）；计算机，电脑 v. 用机器制造（加工）；机器缝制，用缝纫机缝 其他 【名】 （Machine）（意）马基内（人名）,machine tool: 机床 | cutting machine: [建]切削机，切割机；裁切机，裁剪机；截煤机；下料压力机 | washing machine: 洗衣机，洗涤机
achieve,/ əˈtʃiːv /,"to succeed in doing something good, usually by working hard",v. （经努力）达到，取得，实现；获得成功,achieve success: 取得成功；获得成功 | achieve one's goals: 实现目标
item,/ ˈaɪtəm /,"distinct, individual thing, often part of a group",n. 项目，条款；一件商品（或物品） adv. （用于介绍清单上逐个项目之前）又，此外还有 v. 逐条列出，记下,menu item: [计]菜单项 | item on the agenda: 议程项目 | construction item: 施工项目，建设项目
prove,/ pruːv /,to demonstrate truth by providing evidence,v. 证实，证明；证明是，结果是,prove to be: 结果是，证明为 | go to prove: 足以证明；证实[常用在it之后] | prove yourself: 证明你自己
cent,/ sent /,"100th of the basic unit of money (e.g., there are 100 of these in a dollar)",n. 分（美元、欧元等的货币单位）；<非正式>小钱 其他 【名】 （Cent）（法）桑（人名）,red cent: 一便士，一分钱
season,/ ˈsiːz(ə)n /,one of the four parts of the year determined mainly by the weather during that time,n. 季节；（某种特殊气候的）季 v. 加调料，给……调味；给……增添趣味,in season: 应时的；当令 | rainy season: 雨季 | flood season: 汛期，洪水期；洪水季节
floor,/ flɔːr /,part of a room on which you stand,n. （房间的）地板，地面；楼层，同楼层所有房间（或地方） v. （尤指体育运动中）击倒，打倒；使惊讶得不知所措,on the floor: 在地板上 | ground floor: 底层，基层；第一层楼 | first floor: [美]一楼；[英]二楼
stuff,/ stʌf /,"generic description for things, materials, objects",n. 东西，物品；基本特征，特质，根本 v. 塞进，填进；填满，装满,and stuff: 等等；诸如此类 | food stuff: 粮食 | stuff with: 用…把…堵住；用…装/填/塞
wide,/ waɪd /,having a great distance from one side to the other,adj. 广泛的；宽的，广阔的 adv. 广泛地；广阔地 n. 大千世界 n. （Wide）人名；（瑞典、芬）维德,wide range: 宽波段的；宽量程的 | a wide range of: 大范围的；许多各种不同的 | wide application: 应用广泛
anyone,/ ˈeniwʌn /,any person,pron. 任何人；某个人,
method,/ ˈmeθəd /,organized and planned way of doing something,n. 方法，办法；条理,analysis method: 解析法；离子微探针质谱仪分析法 | design method: 设计方法，设计法 | finite element method (FEM): 有限元素法
analysis,/ əˈnæləsɪs /,careful study to better understand something,n. 分析；化验分析,analysis method: 解析法；离子微探针质谱仪分析法 | quantitative analysis: [化]定量分析 | finite element analysis: 有限元分析
election,/ ɪˈlekʃ(ə)n /,process of choosing someone by voting,n. 选举；当选,presidential election: 总统选举；总统大选 | general election: 大选，普选 | election campaign: 竞选运动；选举活动
military,/ ˈmɪləteri /,concerning soldiers or the armed forces,adj. 军事的，军队的；陆军的 n. 军人，军方,military affairs: n. 军事；军务 | military training: 军事训练；军训 | military service: 兵役，军役
hotel,/ hoʊˈtel /,place where people can stay when traveling,n. 旅馆，酒店，饭店；（无线电通讯中）字母H的代码 其他 【名】 （Hotel）（美）奥泰尔（人名）,hotel industry: 旅馆业；宾馆业 | luxury hotel: 豪华饭店 | hotel reservation: 酒店预订；订旅馆
club,/ klʌb /,"group of people who share an interest, as in sport",n. 俱乐部，社团；活动室，俱乐部大楼 v. 棒打；<非正式>泡夜总会 其他 【名】 （Club）（巴、印、阿）克拉布（人名）,football club: 足球俱乐部 | in the club: 在俱乐部里；在会所 | golf club: 高尔夫俱乐部
below,/ bɪˈloʊ /,"in a lower position, place, or level",prep. （位置）在……下面； （数、量、水平等）在……以下 adv. 在下面；（数字或级别）在……以下 其他 【名】 （Below）（英、德、芬、瑞、丹、加）贝洛（人名）,far below: 远低于 | down below: adv. 在底下 | here below: 在尘世间；在这一世
movie,/ ˈmuːvi /,motion picture; film,n. <美>电影；<美>电影院（the movies）,movie star: 电影明星 | movie theater: n. 电影院 | see a movie: v. 看电影
doctor,/ ˈdɑːktər /,a professional who is trained and licensed to treat sick or injured people; a person who has the highest degree given by a university,n. 医生，大夫；诊所（the doctor） v. 篡改，伪造；将有害物掺入（食物或饮料）中,
discussion,/ dɪˈskʌʃ(ə)n /,any long communication about some particular topic ,n. 讨论；论述，详述,under discussion: 正在讨论中 | group discussion: 小组讨论；集体讨论 | topic for discussion: 议题
sorry,/ ˈsɑːri /,what you say to admit you were wrong,adj. 抱歉的，惭愧的，歉疚的；表示同情的，难过的 int. （用于表示歉意）对不起，抱歉；没听清，请再讲一遍,sorry for oneself: [口语]垂头丧气，灰溜溜的 | i'm sorry: 对不起 | sorry for: 为…感到可惜
challenge,/ ˈtʃælɪndʒ /,an activity you wish to try that may be hard to do,n. 挑战，难题；挑战书，比赛邀请 v. 挑战，向……下战书；质疑，拒绝接受,meet the challenge: 迎接挑战；满足要求 | rise to the challenge: 接受挑战，奋起应付挑战 | take up the challenge: 应战
nation,/ ˈneɪʃ(ə)n /,area or region controlled by a government and army,n. 国家，民族；国民 其他 【名】 （Nation）（英）内申（人名）,chinese nation: 中华民族 | host nation: 东道国 | developing nation: n. 发展中国家
nearly,/ ˈnɪrli /,not completely; almost,adv. 几乎，差不多；密切地，亲密地,nearly every day: 几乎每一天 | nearly ready: 快准备好了
statement,/ ˈsteɪtmənt /,act or process of saying something formally,n. 声明，报告；说明，说法，表态 vt. 对儿童进行特殊教育评估认定,financial statement: 财务报表，财政报告；财政决算 | income statement: [会计]损益表 | joint statement: 联合声明
link,/ lɪŋk /,to join or connect together,v. 连接；与……有关联 n. （事物间的）联系，关系；（交通上的）联系 其他 【名】 （Link）（英、德、塞、捷、匈、瑞典）林克（人名）,key link: 关键环节；中心环节 | link up: 会合；连接；联系 | link with: 与……有关；与……相连接
despite,/ dɪˈspaɪt /,without being affected by something; in spite of,prep. 尽管，即使；不由自主地，忍不住地 n. <古>亵渎；<古>轻蔑，鄙视 v. <古>蔑视；<古>激怒,despite of: 不管；不顾 | in despite of: 尽管；不管 | despite all that: 尽管如此
introduce,/ ˌɪntrəˈduːs /,to make someone known to another by name,v. 介绍，引见；使初次了解，使尝试,introduce oneself: 自我介绍 | introduce myself: 自我介绍 | introduce yourself: 自我介绍；介绍你自己
advantage,/ ədˈvæntɪdʒ /,thing making the chance of success higher,n. 有利条件，优势；优点 v. 有利于，有助于,take advantage of: 利用 | competitive advantage: 竞争优势 | advantage in: 发球占先；发球人领先
ready,/ ˈredi /,prepared to do something,adj. （某人）准备好（做某事）的；预先备好的，可供使用的 n. <英，非正式>现款（the ready/readies）；预备好的状态 adv. 已做完，已完成 v. <正式>做好……的准备 其他 【名】 （Ready）（英）雷迪（人名）,ready for something: 准备做(某事) | get ready: 准备好 | ready for: 对...有适合准备
marry,/ ˈmæri /,to become the husband or wife of someone,v. 结婚，嫁，娶；为……主持婚礼 其他 【名】 （Marry）（阿拉伯）马雷，（法）马里（人名）,marry him: 嫁给他 | marry into: 通过结婚成为…的一员 | marry up: 结婚；结合；配合；联合
strike,/ straɪk /,to hit something,v. 击，撞；（用手或武器等）打 n. 罢工，罢市，罢课；袭击，攻击 其他 【名】 （Strike）（美、俄、秘）斯特赖克（人名）,on strike: 罢工，罢工中 | strike in: 插嘴 | air strike: 空袭
mile,/ maɪl /,unit of distance; 1.6 kilometers,n. 英里；一英里赛跑 其他 【名】  （Mile）（塞、匈、法）米莱（人名）,miles away: 相隔千里，千里之外；心不在焉 | run a mile: 避而远之 | last mile: （死刑犯从牢房走到刑场的）最后路程
seek,/ siːk /,to search for; to try to find; look for,v. 寻找；寻求，谋求,seek for: v. 寻找；追求；探索 | seek out: 找出；搜出；想获得 | seek advice: 征求意见；请教
ability,/ əˈbɪləti /,"power, money, knowledge, or skill to do something",n. 能力，能够；才能，技能，本领,innovation ability: 创新能力 | ability for: 在…的能力 | learning ability: 学习能力
unit,/ ˈjuːnɪt /,single thing or person; a part of something larger,n. 单位；一件（商品）,per unit: 每单位 | control unit: 控制器，控制部件 | basic unit: 基本单元
card,/ kɑːrd /,small piece of paper or plastic used as i.d.,n. 银行卡，身份证；明信片，贺卡 v. 要求出示身份证；亮牌 其他 【名】 （Card）（英）卡德（人名）,business card: 名片；商务名片 | credit card: 信用卡；记帐卡 | ic card: 智能卡
hospital,/ ˈhɑːspɪt(ə)l /,"building for sick people, with doctors and nurses",n. 医院；青年教育慈善机构 其他 【名】 （Hospital）（英）霍斯皮特尔（人名）,in hospital: 住院 | in the hospital: 在医院里 | general hospital: 总医院；综合医院
quickly,/ ˈkwɪkli /,without taking a lot of time; fast,adv. 快速地；很快，马上,as quickly as possible: 尽快
interview,/ ˈɪntərvjuː /,to formally ask questions about a given topic,v. 面试，面谈；采访，访问 n. 面试，面谈；采访，访谈,job interview: 求职面试 | telephone interview: 电话面试，电话访问 | personal interview: 个人面谈；面谈调查；私人的会谈
agreement,/ əˈɡriːmənt /,when you share the same opinion or reach a decision,n. 协议，协定，契约；共识,agreement with: 同…达成协议 | agreement on: 一致意见 | in agreement: 一致；同意；意见一致
release,/ rɪˈliːs /,"to allow to leave jail, cage, prison, etc.",v. 释放，放走；放开，松开 n. 释放，获释；排放，泄漏,release rate: 释放率；释放速度 | controlled release: 控释；长效 | press release: 新闻稿；通讯稿
tax,/ tæks /,money taken by a government from its people,n. 税款；负担，重负 v. 对……征税；缴纳车辆牌照税 其他 【名】 （Tax）（美、荷、奥、印、俄、德）塔克斯（人名）,income tax: 所得税 | tax system: 税制，课税制度 | tax revenue: 税收；赋税收入
solution,/ səˈluːʃ(ə)n /,something that ends a problem,n. （问题、困难等的）解决办法；（练习或竞赛的）解答，答案,aqueous solution: 水溶液 | optimal solution: 最优解，最佳解 | in solution: 在不断变化中；动摇不定；在溶解状态中
capital,/ ˈkæpɪt(ə)l /,"main, or major",n. 资本，资金；资本家，资方 adj. 可处死刑的；大写的 其他 【名】 （Capital）（法）卡皮塔尔（人名）,capital market: 资本市场 | foreign capital: 外国资本，外资 | human capital: 人力资本，技能资本
popular,/ ˈpɑːpjələr /,liked or enjoyed by many people,adj. 受大众喜爱的，受欢迎的；（想法、情绪或态度）普遍的,most popular: 最受欢迎；最流行 | popular with: 受…欢迎；有好评 | popular among: 受…欢迎
specific,/ spəˈsɪfɪk /,special or particular; clearly presented or stated,adj. 明确的，具体的；特定的 n. 细节，详情；特效药,specific surface: 比表面；比表面积；表面系数 | specific surface area: 比表面积 | specific gravity: 比重
beautiful,/ ˈbjuːtɪf(ə)l /,having very attractive or appealing physical qualities,adj. 美丽的，漂亮的；令人愉悦的，美妙的,so beautiful: 如此美丽；如此漂亮 | beautiful girl: 美丽姑娘 | beautiful woman: 美人；漂亮的女人
fear,/ fɪr /,unpleasant feelings caused by being aware of danger,v. 害怕，畏惧；担心，忧虑 n. 恐惧；担心,for fear: 以免，唯恐；由于害怕 | for fear of: 为了避免，唯恐 | in fear: 害怕
aim,/ eɪm /,act of pointing something at a target,n. 目标，目的；瞄准，对准 v. 瞄准，对准；旨在，致力于,aim of: 旨在；瞄准；致力于… | aim at: v. 针对；瞄准；目的在于 | aim for: 瞄准；以…为目标
television,/ ˈtelɪvɪʒ(ə)n /,"device that broadcasts programs, movies, or show",n. 电视，电视机；电视业,network television: 网络电视 | cable television: 电缆电视，有线电视 | television station: 电视台
serious,/ ˈsɪriəs /,needing thought or concentration; important; in a sober manner,adj. 严重的，危急的；认真的，严肃的,serious about: 严肃；认真对待 | serious damage: 严重损害；严重损坏 | serious illness: 重大疾病
target,/ ˈtɑːrɡɪt /,a goal or amount you are trying to achieve,n. 目标，指标；（攻击的）目标 v. 把……作为攻击目标，把……作为批评的对象；面向，把……对准（某群体）,on target: 到达目标上空；正追踪目标；切题，切中要害 | target market: [经]目标市场 | target language: 目的语；目标语言；译入语
degree,/ dɪˈɡriː /,unit for measuring temperature or angles,n. 度，度数（温度单位）；（角的）度，度数,degree of: …的程度；…的学位 | high degree: 高度；高地位 | bachelor degree: 学士学位；大学本科学位证书
pull,/ pʊl /,to hold something and move it toward you,v. 拉，拽；拖动，移走 n. 拉，拽；力，引力 其他 【名】  （Pull）（法）皮尔，（德、瑞典）普尔 （人名）,pull out: 离开，撤离；拔出；渡过难关；恢复健康；折叠的大张插页；飞机进场重新飞起 | pull something on someone: 在…方面欺骗某人 | pull down: 摧毁，推翻；拉下来；使……下跌
red,/ red /,being the color of blood,adj. 红的，红色的；（毛发）红褐色的 n. 红色，红颜料；红衣 v. 整理（同 redd） n. （Red）雷德（人名）,in the red: 负债，亏损；赤字 | in red: 穿红衣 | red wine: 红葡萄酒
husband,/ ˈhʌzbənd /,married man,n. 丈夫 v. 节约使用 其他 【名】 （Husband）（英、美、爱）赫斯本德（人名）,husband and wife: 夫妻
access,/ ˈækses /,an entrance to a place; a way in,n. 入口，通道；获得的机会，使用权 v. 接近，进入；获取，访问（计算机信息） adj. <美>（电视节目或时间等）对外公开的,access control: 访问控制 | have access to: 使用；接近；可以利用 | internet access: 互联网接入
movement,/ ˈmuːvmənt /,part of a piece of music,n. 移动，转移；（具有共同思想或目标的）运动,
treat,/ triːt /,to act in a certain way toward someone,v. 对待，看待；治疗，医治 n. （不同一般的）乐事，享受；款待，招待 其他 【名】 （Treat）特里特（人名）,
identify,/ aɪˈdentɪfaɪ /,to indicate who or what someone or something is,v. 认出，识别；查明，确认,identify oneself: 证明自己(的身份) | identify with: 认为…等同于，与一致
loss,/ lɔːs /,experience or state of failing to have or keep,n. 失去，丧失；亏损 其他 【名】 （Loss）（匈）洛什，（法、德、意）洛斯（人名）,weight loss: 失重；重量减轻 | at a loss: 亏本地；困惑不解 | water loss: 失水量；水耗
shall,/ ʃæl; ʃəl /,"expressing the future tense, to expect to happen",aux. 将要，将会（同I和we连用，表示将来）； ……好吗？要不要……？（用于主动提供帮助、建议或询问意见）,shall we: 我们…好吗 | what shall i do: 我该怎么办 | shall we dance: 我们跳舞吧
modern,/ ˈmɑːdərn /,of the present time; up to date; contemporary,adj. 近代的，现代的；当代风格的，现代派的 n. 现代人；现代派艺术家,modern society: 现代社会 | modern chinese: 现代汉语 | modern science: 现代科学；近代科学
pressure,/ ˈpreʃər /,force/weight when pressing against a thing,n. 压力，挤压；（气体或液体形成的）压力，压强 v. 对……施加压力，强迫；使……增压,under pressure: 面临压力，在压力之下；受到压力 | high pressure: 高压，高气压；高度紧张 | blood pressure: n. 血压
bus,/ bʌs /,a large road vehicle used for carrying many people,n. 公共汽车 vt. 乘公共汽车,by bus: 搭乘公共汽车 | bus stop: 公共汽车站 | bus station: n. 公交车站
treatment,/ ˈtriːtmənt /,way someone acts toward another,n. 对待，待遇；处理，讨论,heat treatment: 热处理 | water treatment: 水处理；水的处理 | wastewater treatment: 污水处理
conference,/ ˈkɑːnfərəns /,an event where people exchange ideas,n. （大型、正式的）会议，研讨会；（小型正式的）商讨，讨论,press conference: 记者招待会，新闻发布会 | news conference: 记者招待会 | international conference: 国际会议
yourself,/ jɔːrˈself /,"reflexive form of 'you', used for an emphasis",pron. 你自己,for yourself: 为你自己 | by yourself: 独自地，单独地 | do it yourself: 自己动手干
supply,/ səˈplaɪ /,to give or sell goods to others for their use,n. 供给量，储备；（商品、服务的）供应量 v. 供应，提供，供给；补充，填充,power supply: 电源；电源供应器 | supply chain: 供应链；供给链；供需链 | water supply: 供水系统；水源
village,/ ˈvɪlɪdʒ /,small town in the country,n. 乡村，村庄；在乡村的，乡村的,in the village: 在村里 | small village: 小村 | olympic village: n. 奥运村；奥林匹克村
worth,/ wɜːrθ /,how much something is worth; the value of something,adj. 价值……的，值……钱的；值得的，具有……价值的 n. 价格，价值；重要性，作用 prep. 价值……；值得 其他 【名】 （Worth）沃特（人名）,well worth: 很值得 | worth doing: 值得做；物有所值 | worth while: 值得
natural,/ ˈnætʃ(ə)rəl /,not made by humans; without human intervention,adj. 天然的，非人为的；合理的，意料之中的 n. 有天赋的人；适合人选 其他 【名】 （Natural）（西）纳图拉尔（人名）,natural gas: 天然气 | natural environment: 自然环境 | natural science: 自然科学
express,/ ɪkˈspres /,to state or show what you think or how you feel,v. 表达，表露；表现，体现 n. 快车；快递 adj. 快递的，特快的；明确的 adv. 用快递寄送,express oneself: 表达自己的思想 | express delivery: 快递，限时专送 | express way: 高速公路；快车道
indicate,/ ˈɪndɪkeɪt /,"to show something, direct attention to, or point out",v. 表明，标示；象征，暗示,
attend,/ əˈtend /,to be present at an event,v. 随同，陪同；经常去，定期去(学校、教堂等),attend a meeting: 参加会议 | attend school: 上学；去上学 | attend class: 上课
brother,/ ˈbrʌðər /,a boy or man who shares a parent with you,n. 兄弟；同事 int. 我的老兄！ n. （Brother）人名；（英）布拉泽,elder brother: 哥哥，兄长 | younger brother: 弟弟 | little brother: 小兄弟；副气旋
investment,/ ɪnˈvestmənt /,something purchased hoping its value will increase,n. 投资；值得买的东西,investment in: 对……的投资；在……方面投资 | foreign investment: 国外投资 | direct investment: [经]直接投资
score,/ skɔːr /,to get points in a sport such as kicking a ball into a goal,n. （游戏或比赛中的）得分，比分；（测验的）评分，分数 v. （在运动、比赛或考试中）得（分）；评分，打分数 其他 【名】  （Score）（英）斯科尔（人名）,total score: 总分数 | score for: 为（某队）进球/得分；为…得分；把…改写成器乐曲 | score card: 记分卡
organize,/ ˈɔːrɡənaɪz /,"to arrange and plan things (e.g., a party)",v. 组织，筹备；设法提供,
trip,/ trɪp /,journey or visit to a place,n. （尤指短程往返的）旅行，旅游；出门，出行 v. 绊，绊倒；脚步轻快地走（或跑、跳舞） 其他 【名】 （Trip）（美）特里普（人名）,on a trip: 在旅途中 | business trip: 公务旅行，出差；商务旅行 | round trip: 往返旅行；环程旅行；[牌]大团圆
beyond,/ bɪˈjɑːnd /,on or to the farther side; in addition to,prep. 在（或向）……较远的一边；晚于，迟于 adv. 在另一边，在（或向）更远处；（延续）到……之后 n. 来生，再世（the beyond）；远处的事物（the beyond）,beyond oneself: 精神错乱；忘形 | go beyond: v. 超出；胜过 | the back of beyond: [主英国口语]极远的地方；天涯海角；穷乡僻壤，僻远的地区，极偏僻的地方，内地(尤指澳大利亚内陆的荒野地带)
sleep,/ sliːp /,"to rest your body in bed, as at night time","v. 睡，睡觉；供……住宿 n. 睡眠，睡觉；（一段）	睡眠时间 其他 【名】 （Sleep）斯利普（姓氏）",go to sleep: 入睡 | sleep with someone: 与某人同眠共枕；与某人发生性关系 | sleep in: 睡过头；迟起床
fish,/ fɪʃ /,animal that swims and lives in the sea,n. 鱼；鱼肉 v. 钓鱼，捕鱼；搜寻 其他 【名】 （Fish）（美、爱）菲施（人名）,big fish: 大鱼；重要人物 | fish for: 摸索；寻找 | fish oil: 鱼油，鱼肝油
promise,/ ˈprɑːmɪs /,to say you will certainly do something,v. 承诺，保证；使很可能，预示 n. 承诺，诺言；前途，指望,promise oneself: 指望 | keep promise: 守信 | show promise: 有成功的希望
potential,/ pəˈtenʃ(ə)l /,capable of happening or becoming reality,adj. 潜在的，可能的 n. （事物的）潜力，可能性；（人的）潜能，潜力,market potential: [经]市场潜力；市场潜在需求量 | potential energy: 势能 | development potential: 发展潜力；发展前景
energy,/ ˈenərdʒi /,physical or mental strength,n. 能力，力气；精力，活力,energy consumption: [化]能量损耗 | energy saving: 节能，能源节省 | energy conservation: 能量守恒；能源节约
trouble,/ ˈtrʌb(ə)l /,state of difficulty or stress,n. 困难，难题，苦恼；险境，困境 v. 使忧虑，苦恼；费神，费力,in trouble: 在监禁中；处于不幸中；处困难中 | get into trouble: 使自己或他人陷入困扰之境 | have trouble: v. 在...有困难
relation,/ rɪˈleɪʃn /,"manner in which people, groups, or countries behave toward one another",n. （人或物间的）联系；（国家、公司、组织等之间的）（正式）关系,in relation to: 关于；涉及 | public relation: 公共关系 | direct relation: 直接联系
touch,/ tʌtʃ /,"to feel an object with your fingers, etc.",v. 触摸，碰；接触，触及 n. 触觉，触感；触摸，碰 其他 【名】 （Touch）（柬）杜（人名）,in touch: 联系；能达到的；在…的附近 | in touch with: 同……有联系，和……有接触 | keep in touch: 保持联络
file,/ faɪl /,"to submit documents to an authority (e.g., city hall)",n. 文件夹（或箱、柜等）；（计算机的）文档 v. （把文件等）归档，存档；提起（诉讼），提出（申请） 其他 【名】 （File）（匈、塞）菲莱（人名）,file in: 陆续编入；编入档内 | on file: 存档；记录下来备查 | file system: [计]文件系统
middle,/ ˈmɪd(ə)l /,place that is halfway between two things,adj. 中间的，中等的；折中的，中庸之道的 n. 中间，中部，中等；腰部 v. （板球、网球等中）用球棒（或拍）中部击（球）,in the middle: 在中间；在中部 | in the middle of: 在…中间 | middle school: n. 中学
bar,/ bɑːr /,"to prevent entry, exit, or an action",n. 酒吧；吧台 v. 封，堵；阻挡，拦住 prep. 除……外 其他 【名】 （Bar）（德、法、俄、罗、捷、波、葡、以、阿拉伯）巴尔（人名）,at the bar: 在酒吧；受到公开审问 | bar code: 条形码；电脑条码 | steel bar: 钢筋；棒材；型钢；条钢
suffer,/ ˈsʌfər /,"to experience pain, illness, or injury",v. （因疾病、痛苦、悲伤等）受苦，受折磨；经受，遭受（坏事）,suffer from: 忍受，遭受；患…病；受…之苦 | suffer for: 因…而遭受 | suffer loss: 遭受损失
strategy,/ ˈstrætədʒi /,careful plan or method for achieving a goal,n. （尤指为获得某物制定长期的）策略，行动计划；战略，战略学,development strategy: 发展战略 | control strategy: 控制策略 | marketing strategy: 行销策略；市场战略
deep,/ diːp /,going far down from the surface,adj. 深的，厚的；纵深的，宽的 adv. 深深地，至深处；有……深 n. <文>海洋（the deep）；海洋深处（deeps） 其他 【名】 （Deep）迪普（人名）,in deep: —深陷其中，深深卷入(尤指麻烦) | deep in: 深陷(于)，专心致力(于)，埋头(于)；沉湎于…中，全神贯注的 | deep water: 深层水，深水
except,/ ɪkˈsept /,not including; other than,prep. 除……外，不包括 conj. 除了，只是；要不是 v. 不包括，把……排除在外,except for: 除了…以外；要不是由于 | except as: 除…之外
clean,/ kliːn /,being free from dirt or marks because it was washed,adj. 洁净的，干净的；讲卫生的，爱干净的 v. （使）清洁，清理；变干净 n. 清洁，清扫，打扫 adv. 彻底地，完全地；干净地，纯洁地 其他 【名】 （Clean）（英）克林（人名）,clean up: 清理；大捞一笔 | clean water: 清洁（饮）水 | clean energy: 清洁能源
tend,/ tend /,to regularly behave in a certain way,v. 倾向于，往往会；照顾，护理,tend to be: 倾向于；趋向于 | tend towards: 走向；趋向；有助于；造成 | tend to do: 倾向于做某事
advance,/ ədˈvæns /,to move forward in a certain direction,v. （使）前进，（使）向前移动；发展，进步 n. 前进；进步，进展 adj. 预先的，事先的；先行的，先遣的,in advance: adv. 预先，提前 | in advance of: 超过；在…前面 | advance in: 进步；改进
fill,/ fɪl /,to make something full,v. （使）充满，占满；堵塞，填补 n. 总量，（某人的）需求总量；填充物，填方，填土 其他 【名】 （Fill）（德、俄、匈）菲尔（人名）,fill in: 填写；填充；替代 | fill out: 填写；变丰满，变大 | fill up: 填补；装满；堵塞
star,/ stɑːr /,a bright planet of gas in the night sky,n. 星，恒星；演艺界明星，体坛名将 v. 主演，使主演；给……加上星号 adj. 最好的，最出色的 其他 【名】 （Star）（瑞典）斯塔尔，（德）施塔尔（人名）,movie star: 电影明星 | film star: n. 电影明星 | pop star: 歌星；流行歌手
network,/ ˈnetwɜːrk /,system of connections,n. 网络，网状系统；人际关系网，联络网 v. 使（计算机）联网；（尤指工作中）建立关系网，建立人脉,neural network: 神经网络 | computer network: 计算机网络 | network environment: 网络环境
generally,/ ˈdʒen(ə)rəli /,"usually; as a rule; by, to, or for most people",adv. 笼统地，大概；通常，普遍地,generally speaking: adv. 一般而言 | generally accepted accounting principles: 公认会计原则
operation,/ ˌɑːpəˈreɪʃ(ə)n /,functioning; use,n. 运作，实施；运转，操作,and operation: 与操作 | in operation: 生效；运转着 | normal operation: 正常运行，常规操作
match,/ mætʃ /,a sports competition between two people or teams,n. 比赛，竞赛；火柴 v. 比得上，敌得过；使成对，使相配，使相称,football match: 足球赛；足球比赛 | match with: 使和……相匹配 | well matched: 相称，相配
avoid,/ əˈvɔɪd /,"to prevent from happening, or stay away from",v. 避免，防止；回避，避开,avoid doing: 避免做某事；逃避…
seat,/ siːt /,something on which a person can sit,n. 座位；（椅子等的）座部 v. 使坐下，使就座；容纳，坐得下,back seat: 后座 | seat belt: 安全带 | valve seat: 阀座，气门座
throw,/ θroʊ /,to use your arm to make a thing fly through the air,v. 投，掷，抛，扔；掷（色子），掷出（色子的点数） n. 投，掷；投射距离,throw away: 扔掉，丢弃 | throw out: v. 扔掉；伸出；说出；否决；突出 | throw in: 扔进；边线发球，掷界外球
task,/ tæsk /,big or small piece of work someone has to do,n. （尤指困难的或必须定期做的）工作，任务；（尤指语言教学中旨在帮助达到某一学习目的的）活动 v. 派给……任务；对（手段，能力）要求极高，考验,main task: 主任务 | task force: 特遣部队；特别小组 | task group: n. [军]特遣部队；工作组
normal,/ ˈnɔːrm(ə)l /,standard or regular way of doing something,adj. 正常的，标准的；（身心）健康的，（人）普通的 n. 常态，通常标准；<非正式>正常人，循规蹈矩者 其他 【名】 （Normal）（德）诺马尔（人名）,normal university: 师范大学 | normal operation: 正常运行，常规操作 | normal temperature: 正常体温；标准温度
goal,/ ɡoʊl /,something you try to do or achieve; an aim,n. 球门；进球得分 v. 射门，射门得分,ultimate goal: 最终目标；终极目标 | strategic goal: 战略目标 | common goal: 共同目标
associate,/ əˈsoʊsieɪt; əˈsoʊʃieɪt /,"partner in professional work (e.g., in law)",v. 联想，联系；支持，同意 n. 同事，伙伴；副学士，准学士 adj. 副的，准的，非正式的；联合的，有关连的,associate professor: 副教授 | associate with: v. 联合；与…联系在一起；和…来往 | associate degree: n. 美国大学修满二年课程的肄业证书
blue,/ bluː /,color of the clear sky,adj. 蓝色的；忧郁的，沮丧的 n. 天蓝色，蓝色；天空，大海 v. （使）变成蓝色；<史>用蓝色漂白剂洗（白色衣服） 其他 【名】 （Blue）（英、美、加、澳、新）布卢（人名）,blue sky: 蓝天 | out of the blue: 突然地；意外地 | dark blue: 深蓝色，深蓝的
positive,/ ˈpɑːzətɪv /,"good or useful in qualities, constructive, confident",adj. 乐观的，有信心的；积极的，建设性的 n. 优势，优点；阳性结果,positive effect: 积极的效果；明显效果 | positive and negative: 正反；肯定和否定 | positive attitude: 积极态度
option,/ ˈɑːpʃ(ə)n /,possibility out of several that can be chosen; choice,n. 可选择的事物；选择，选择权 v. 买卖（某物的）期权,stock option: 职工优先认股权 | put option: 出售选择权；卖出选择权；卖出期权 | call option: 看涨期权；购买选择权
box,/ bɑːks /,a container with (usually) four straight sides and a lid,n. 盒，箱，匣；（戏院的）包厢，（法庭的）专席 v. 把……装箱；（与……）斗拳，参加拳击比赛 其他 【名】 （Box）（英、法、西）博克斯（人名）,dialog box: [计]对话框，对话窗口 | in the box: 在盒子里；在方框中 | box girder: n. [建]箱形梁
huge,/ hjuːdʒ /,very very large,adj. 庞大的，极大的；<非正式>很受欢迎的，著名的 其他 【名】 （Huge）（英）休奇（人名）,huge amounts of: 大量的 | huge system: 巨系统 | sudden huge profits: 暴利
message,/ ˈmesɪdʒ /,piece of information that is told/given to someone,n. 口信，消息；（书籍、演讲等的）要旨，主题思想 v. （尤指以电子形式）传送（信息）；通报,your message: 您的消息 | short message: 短讯；短报文 | message from: 来自…的消息
instance,/ ˈɪnstəns /,an example of something; case,n. 例子，实例 v. 举……为例,for instance: 例如 | instance of: （类的）实例；（某类别的） 实体 | in the first instance: 首先；起初；在初审时
style,/ staɪl /,the particular way something is done or made,n. 方式，作风；款式，样式 v. 设计，给……造型；称呼，命名 其他 【名】 （Style）（英）斯泰尔（人名）,in style: 流行；时髦地 | life style: 生活方式，生活习惯；格调 | new style: n. 新历
refer,/ rɪˈfɜːr /,to talk about or write about something,v. 提到，谈及（refer to）；描述，涉及（refer to）,refer to as: 把…称作… | refer a friend: 介绍朋友；引见朋友
cold,/ koʊld /,having a very low temperature,adj. 冷的，凉的；冷淡的，冷漠的 n. 感冒，伤风；寒冷，低温 adv. 突然地，彻底地；毫无准备地,in the cold: 被忽视，被冷落， 孤零零地未介入 | catch a cold: 感冒 | cold water: 冷水；凉水；凉开水
push,/ pʊʃ /,to force something away from you,v. 推，移动；按 n. 推 ；按,push oneself: 鞭策自己；发愤；自强；加劲 | push forward: 推进；抓紧进行 | push for: 奋力争取
quarter,/ ˈkwɔːrtər /,one of four equal parts of something,n. 四分之一；一刻钟，十五分钟 v. 将……四等分；把……降至原先的四分之一 adj. 四分之一的,first quarter: 第一个季度；上弦月；上弦 | fourth quarter: 第四季度；第四节 | a quarter of: 四分之一的；四分之一
assume,/ əˈsuːm /,"to believe, based on the evidence; suppose",v. 假定，假设，认为；装出，做出,assume responsibility: 承担责任 | assume liability: 承担责任 | subjective assume: 主观臆断
baby,/ ˈbeɪbi /,"very young child, who cannot yet speak",n. 婴儿，婴孩；动物幼崽 v. 把……当婴儿般对待，对……娇生惯养；小心翼翼地操作，小心对待 adj. （蔬菜）幼嫩的；（幼）小的，小型的,baby girl: 女婴；小女孩 | have a baby: 生孩子 | baby boy: 男婴；小男孩
successful,/ səkˈsesf(ə)l /,having the desired effect or result,adj. 成功的，如愿以偿的；事业有成的，飞黄腾达的,successful in: 在…成功的 | successful person: 成功的人 | successful marriage: 成功的婚姻
sing,/ sɪŋ /,to make musical sounds with your voice,v. 唱（歌），演唱；鸣，啼 n. <非正式> 唱歌，演唱；<美，非正式> 业余演唱会 abbr. 单数（singular 的缩写形式） 其他 【名】 （Sing）（老、德、泰）辛（人名）,sing a song: 唱一首歌，唱支歌 | sing out: 大声喊出；向法院或警方自供 | sing on: 唱下去
doubt,/ daʊt /,not being sure of something; lack of certainty,v. 怀疑，不确定；不信任 n. 怀疑，不确定,no doubt: adv. 无疑地；很可能地 | in doubt: 可怀疑的；不能肯定的 | there is no doubt: 毫无疑问
competition,/ ˌkɑːmpəˈtɪʃ(ə)n /,fighting against others when trying to win something,n. 竞争；比赛，竞赛,market competition: 市场竞争 | fierce competition: 激烈的竞争 | intense competition: 激烈的竞争
theory,/ ˈθiːəri /,idea or set of ideas that try to explain facts or events,n. 学说，理论；（某一学科基于的）理论，原理,in theory: 理论上 | basic theory: 基本理论 | control theory: 控制理论，控制论
propose,/ prəˈpoʊz /,to offer or put forward an idea for consideration,v. 提议，建议；提出（理论或解释）,propose to someone: 向某人求婚 | propose a toast: 敬酒；举杯 | propose someone for: 推荐某人(参加某组织)；提名某人(任某职)
reference,/ ˈrefrəns /,to cite a piece of research in speech or in writing,n. 提及，谈到；参考，查阅 adj. 参考的，用于查阅的；文献索引的，参照的 v. 列出……的参考书目；提及，提到,for reference: 以供参考；备案 | with reference to: 关于（等于in reference to） | reference value: 参考值；标准值；参照值
argument,/ ˈɑːrɡjumənt /,a discussion in which you disagree with another's opinion,n. 争论，争吵；论据，理由,argument list: 变元表 | same argument: 同理 | template argument: 模板实参；范本自变量；模板参数
adult,/ əˈdʌlt; ˈædʌlt /,person or animal that is fully grown,n. 成年人或动物 adj. 成年的，发育成熟的；成人的，理智的 v. <非正式>像成年人一样表现；<非正式>变成熟,adult education: 成人教育 | young adult: 年轻人；大学生 | adult population: 成年人口
fly,/ flaɪ /,to travel through the air using wings,v. 飞，飞行；乘飞机，搭乘（某公司航班） n. 苍蝇，假蝇；裤门襟 adj. <非正式>时髦漂亮的；<英>机灵的 其他 【名】 （Fly）（英）弗莱，（法）弗利（人名）,fly ash: 粉煤灰；飞灰 | on the fly: 在飞行中；忙忙碌碌 | fly in: 降落；乘飞机旅行
document,/ ˈdɑːkjumənt /,official (printed) record that gives information,n. 文件，公文，文献；证件，单据 v. 记录，记载（详情）,document management: 文件管理；资料管理 | document retrieval: [计]文档检索 | official document: 官方文件，公文
pattern,/ ˈpætərn /,regular repeated behavior,n. 模式，方式；图案，花样 v. 用图案装饰，给……加上花样；仿照，模仿,pattern recognition: 模式识别 | growth pattern: 生长模型；生长模式 | flow pattern: 流型，流动型态；活动模；流线谱
application,/ ˌæplɪˈkeɪʃ(ə)n /,"formal request for a job, building permission, etc.",n. 正式申请，书面申请；申请书，申请表,practical application: 实际应用 | application for: 申请 | clinical application: 临床应用
hot,/ hɑːt /,having a high temperature,adj. 热的，高温的；（使人）感到热的 v. <西印度>使热，变热（hot up）；变得激烈（hot up） adv. 热；热切地，紧迫地 其他 【名】 （Hot）（塞）霍特，（法）奥特（人名）,hot and cold: 冷热水；热的和冷的 | hot topic: 热门话题；新锐 | hot spot: [生化]热点；过热点；潜在的危险地区
obviously,/ ˈɑːbviəsli /,in a way that is obvious/easy to see or understand,adv. （用于强调）显然，显而易见；明显地,
unclear,/ ˌʌnˈklɪr /,not easy to understand; not obvious,adj. 不清楚的；不易了解的,
bill,/ bɪl /,piece of paper showing what you have to pay,n. （商品、服务或餐馆的）账单；议案，法案 v. 开账单；把……宣传为,
search,/ sɜːrtʃ /,to carefully look for something,v. 搜查，搜寻；搜查（地方，车辆），搜……的身 n. 搜寻，搜查；探索，寻求 其他 【名】 （Search）（印、美）瑟奇（人名）,search for: v. 寻找；搜索 | in search of: 寻找；搜寻 | search engine: 搜索引擎
separate,/ ˈseprət /,"to divide into parts, or to make something divide into parts",adj. 单独的，分开的；不同的，不相关的 v. （使）分离；（把……）分成不同部分 n. 可搭配穿着的单件衣服（separates）；独立音响设备（separates）,separate from: 分离；把…和…分开 | separate out: 析出；分出 | separate ways: 分别，分道扬镳
central,/ ˈsentrəl /,being in the middle,adj. 中央的，中心的；起支配作用的，有控制力的 n. <美，非正式>活动中心,central committee: 中央委员会 | central bank: [经]中央银行 | central government: n. 中央政府
career,/ kəˈrɪr /,particular occupation in professional life,n. 职业，事业；职业生涯 adj. 就业的，职业的；终身从事的 v. 猛冲,career development: 职业发展，职业培训 | career planning: 生涯规划；职业规划；事业前途策划 | career opportunities: 就业机会，人事广告
anyway,/ ˈeniweɪ /,a word people use to change the topic of a conversation,adv. 不管怎样，无论如何；而且，加之,
speech,/ spiːtʃ /,expression of ideas or opinions,n. 演说，发言，谈话；说话的能力,speech recognition: 语音辨识 | freedom of speech: 言论自由 | speech signal: 语言信号，语音信号
dog,/ dɔːɡ /,small 4-legged animal that barks kept as a pet,n. 狗，犬；公狗，公狐，公狼 v. 困扰，纠缠；跟踪，尾随,let sleeping dogs lie: [口语]莫惹是非，别惹麻烦，不自找麻烦；别多事[亦作 don't wake a sleeping dog] | little dog: n. [天]小犬座（等于Canis Minor） | hot dog: 热狗（面包夹熏红肠）
officer,/ ˈɑːfɪsər /,person with an important position in an organization,n. 军官；（政府或大机构的）官员，高级职员 v. 配备军官；指挥 其他 【名】 （Officer）（英）奥菲瑟（人名）,police officer: n. 警官；警员 | executive officer: 主任参谋，执行官 | chief executive officer: 首席执行官；总裁
throughout,/ θruːˈaʊt /,"over or across an entire thing or place, or in every part of something",prep. 遍及，到处；自始至终，贯穿整个时期 adv. 遍及，到处；自始至终，贯穿整个时期,
oil,/ ɔɪl /,"thick, black liquid in the ground used as fuel",n. 燃油，润滑油；石油，原油 v. 加油于……，给……加润滑油；给（皮肤）涂油，抹油,oil and gas: 油和天然气；油和煤气 | oil field: 油田 | crude oil: [化]原油
dress,/ dres /,women's garment with a top part and a skirt,n. 连衣裙，套裙；（特定种类的）服装，衣服 v. 穿衣；给……穿衣服 其他 【名】 （Dress）（美、巴）德雷斯（人名）,dress oneself: 打扮；给自己穿衣服 | dress up: v. 打扮，装饰；穿上盛装 | dress in: （使）穿…的服装；乔装打扮
profit,/ ˈprɑːfɪt /,to earn money from something,n. 利润，盈利；<正式> 利益，好处 v. 获益，得益（于）；赢利，获利 其他 【名】 （Profit）（法）普罗菲（人名）,profit from: 得益于；利用 | net profit: 净利润 | economic profit: 经济利润，经济盈利
guess,/ ɡes /,to give an answer without knowing if it is correct,v. 猜测，估计；猜中，猜到 n. 猜测，推测 其他 【名】 （Guess）（英）格斯，（德）居斯（人名）,guess what: 猜怎么了；猜猜看；猜怎么着 | guess who: 猜猜是谁 | guess at: 猜测；估计
fun,/ fʌn /,amusing and enjoyable,n. 乐趣，享受；嬉戏，玩笑 adj. 有趣的，令人愉快的 v. <美，非正式> 开玩笑，取笑,have fun: 玩得开心 | for fun: 开玩笑地；闹着玩地 | make fun of someone: [口语]取笑(或嘲弄、奚落)某人，拿某人开玩笑
protect,/ prəˈtekt /,to defend someone or something from harm or danger,v. 保护，防护；（制订法律）保护,protect the environment: 环境保护 | protect against: 使免受 | protect from: 使免受，保护
resource,/ ˈriːsɔːrs /,essential supply of something,n. 自然资源；资源（指钱、物、人等） v. 向……提供资金（或设备）,human resource: 人的资源 | resource management: 资源管理 | water resource: 水资源
science,/ ˈsaɪəns /,knowledge of the physical world based on facts,n. 科学，科学知识；专门科学 其他 【名】 （Science）（英）赛恩斯（人名）,science and technology: 科学与技术 | computer science: 计算机科学 | modern science: 现代科学；近代科学
disease,/ dɪˈziːz /,"illness that affects a person, animal, or plant",n. 疾病，病害；弊病，恶习 v. 传染，使……有病,heart disease: 心脏病 | coronary heart disease: 冠心病 | cardiovascular disease: 心血管疾病；冠心病
balance,/ ˈbæləns /,to make two or more things equal,n. 平衡，均衡，均势；平衡能力 v. 保持平衡；权衡，斟酌 其他 【名】  (Balance) （西）巴兰赛（人名）,balance of: 平衡 | in balance: adv. 总而言之，总的来说 | in the balance: 悬而未决；在危急状态中
damage,/ ˈdæmɪdʒ /,physical harm that is done to something,n. （有形的）损坏，损失；损害，伤害 v. 损坏，损害；对……造成坏影响,serious damage: 严重损害；严重损坏 | brain damage: 脑损伤 | formation damage: 地层损害，油层损害；生产层损坏
basis,/ ˈbeɪsɪs /,"starting situation, fact, idea to develop from",n. 基础，要素；基准，方式,on the basis of: 根据；基于… | basis for: 以…作基础；为…打基础 | theoretical basis: 理论基础
author,/ ˈɔːθər /,"person who writes books, plays, poems, etc.",n. 作者，著者；作家 v. 撰写，写作；发起，创造,original author: 原著者 | main author: 主要作者 | corresponding author: n. 通讯作者；联系人
basic,/ ˈbeɪsɪk /,at the most important or easiest (beginner) level,adj. 最重要的，基本的；最简单的，初级的 n. 基本要素，基本原则,basic principle: 基本原理 | basic theory: 基本理论 | basic level: 基本水平
encourage,/ ɪnˈkɜːrɪdʒ /,to make someone more determined or confident,v. 鼓励，激励；鼓动，怂恿,encourage investment: 鼓励投资
hair,/ her /,long thin strands on your head or body,n. 毛发，（尤指）头发；些微 comb. 有……毛发（或头发）的 (-haired),long hair: 长发 | black hair: 黑发 | human hair: 人发；人的头发
male,/ meɪl /,characteristic of boys or men,adj. 男性的；（动物）公的，雄性的 n. 男子，男孩；雄性动物 其他 【名】 （Male）（英）梅尔，（柬）马尔，（意、西、塞）马莱（人名）,male and female: 雌雄；[化]凹凸面 | male sterility: 雄性不育；男性不育；雄性不育性；男性不育症 | male parent: 父本；父亲
operate,/ ˈɑːpəreɪt /,to be working or being used,v. 操纵，操作（机器或设备）；（机器等）运转，运行 ,easy to operate: 易操作的 | operate on: 对…动手术；对…起作用 | operate mode: 操作方式，运算方式；工作状态
reflect,/ rɪˈflekt /,"to bounce back off a surface (e.g., light)",v. 反射（光、热或声音）；反映，照出（影像）,reflect on: 仔细考虑，思考；反省；回想，回顾；怀疑 | reflect upon: vt. 考虑（回想；回顾）
exercise,/ ˈeksərsaɪz /,to work out to become stronger and healthier,n. 运动，锻炼；（一套）动作，体操 v. 运动，锻炼；运用，行使,take exercise: 做运动；做体操 | physical exercise: 体育运动；身体操练 | regular exercise: 常规性的锻炼；经常操练，按时训练
useful,/ ˈjuːsf(ə)l /,that can help with a particular task,adj. 有用的，有益的；<英，非正式>好的，熟练的,be useful for: 对…有用；具有…用途 | useful life: 使用寿命；有效期 | useful data: 有用数据和资料
restaurant,/ ˈrestrɑːnt /,"place where you can order, buy and eat a meal",n. 餐馆，饭店,chinese restaurant: 中餐厅；中餐馆 | fast food restaurant: 速食店 | thai restaurant: 泰式餐厅；泰国菜馆
income,/ ˈɪnkʌm /,"earned money from work, investments, or business",n. 收入，收益,income tax: 所得税 | income gap: 收入差距 | income distribution: [经]收入分配
property,/ ˈprɑːpərti /,"things, buildings, or pieces of land owned by someone",n. 所有物，财产；地产，房地产,intellectual property: 知识产权；著作权 | property right: 产权 | property management: 物业管理；资产管理；物业管理专员
previous,/ ˈpriːviəs /,existing or happening before the present time,adj. 以前的，先前的；（时间或顺序上）稍前的 n. <英，非正式>前科，犯罪记录,previous year: 前一年 | previous generation: 前代；当代 | previous period: 前期
dark,/ dɑːrk /,having little or no light; not light in color,adj. 黑暗的，昏暗的；深色的，暗色的 n. 黑暗，暗处；暗色，阴影 其他 【名】 （Dark）（英）达克（人名）,in the dark: 在黑暗中；不知道；秘密地 | dark green: 深绿色；青绿色；黛绿 | before dark: 黄昏以前
imagine,/ ɪˈmædʒɪn /,to think creatively about; form a mental picture of,v. 想象，设想；料想，认为,
okay,/ oʊˈkeɪ /,yes; alright,int. 好，行 adj. 可以；对 adv. 可以；对 n. 同意，批准 v. 同意，批准,
earn,/ ɜːrn /,to get money for work,v. 赚得，挣钱；盈（利），生（利） 其他 【名】 （Earn）（泰）炎（人名）,earn money: 赚钱 | earn a living: 谋生；活命 | earn interest: 赚取利息
daughter,/ ˈdɔːtər /,a female child of someone,n. 女儿；[遗][农学] 子代 adj. 女儿的；子代的,only daughter: 独生女 | eldest daughter: 长女 | father and daughter: 父与女（动画短片，曾获奥斯卡最佳动画短片奖）
post,/ poʊst /,to send a letter or package using the post office,n. <英>邮政，邮递；<英>邮件，包裹 v. <英>邮寄；把……放入（或塞入） prep. 在……之后 其他 【名】 （Post）（英、西、捷、瑞典、荷）波斯特（人名）,post office: n. 邮局 | by post: 以写信的方式 | washington post: 华盛顿邮报
newspaper,/ ˈnuːzpeɪpər /,sheets of paper (or online) containing news stories,n. 报纸，报；报社,in the newspaper: 在报纸上 | newspaper reporter: 记者 | newspaper office: n. 报社
define,/ dɪˈfaɪn /,to explain the meaning of words,v. 给……下定义，解释；阐明，使清楚 其他 【名】 （Define）（英）德法恩，（葡）德菲内（人名）,define as: vt. 解释为
conclusion,/ kənˈkluːʒ(ə)n /,judgment or opinion after thinking for a while,n. 结论，推论；结局，结尾,in conclusion: 总之；最后 | draw a conclusion: 得出结论；作结论 | come to a conclusion: 得出结论；告终
clock,/ klɑːk /,a device that shows the time,n. 时钟，时钟的；考勤钟（the clock） v. 达到，记录下（一定时间，距离，速度）；记录（时间，速度） 其他 【名】 （Clock）（英）克洛克（人名）,alarm clock: 闹钟 | around the clock: 日以继夜地，连续一整天 | clock in: 打卡上班；记录上班时间
everybody,/ ˈevribɑːdi; ˈevribʌdi /,every person; everyone,pron. 每个人，人人,
weekend,/ ˈwiːkend /,Saturday and Sunday,n. 周末；周末旅行，周末度假 adj. 周末的 v. 度周末,last weekend: 上周末 | at the weekend: 在周末 | over the weekend: 在周末；整个周末；经过周末
perform,/ pərˈfɔːrm /,to carry out an action well or successfully,v. 演出，表演；执行，履行（尤指复杂的任务或行动）,perform an operation: 动手术；做手术 | perform on: 表演；上演；演奏 | opportunity to perform: 实践的机会；表现机会
professional,/ prəˈfeʃən(ə)l /,"about a job such as a doctor, lawyer, accountant, etc.",adj. 职业的，专业的；非常内行的，极为称职的 n. 专业人员，专业人士；内行，专家,professional development: 专业发展 | professional knowledge: 专业知识；专门知识 | professional design: 专业设计；设计合理
mine,/ maɪn /,that thing that belongs to me,pron. 我的；<英，非正式>我的家 n. 矿，矿井；地雷，水雷 v. 采（煤等矿物）；布雷，用雷炸毁（车辆） 其他 【名】 （Mine）（德、塞、土、毛里塔）米内（人名）,coal mine: 煤矿，煤矿坑 | gold mine: 金矿，金山 | friend of mine: 我的朋友
debate,/ dɪˈbeɪt /,general public discussion of a topic,n. 讨论，辩论 v. 反复思考，斟酌；讨论，辩论,debate on: 关于…进行辩论 | public debate: 公开辩论 | under debate: 在争论中
memory,/ ˈmeməri /,something that has been remembered,n. 记忆力，记性；记忆，回忆 其他 【名】 （Memory）（英）梅默里（人名）,in memory of: 纪念… | shape memory: 形状记忆；外形记忆 | from memory: 根据记忆
green,/ ɡriːn /,color of young leaves,adj. 绿色的；青春的 n. 绿色；青春 vt. 使……变绿色 vi. 变绿色 n. （Green）人名；（英、意）格林,in the green: 在年富力强时 | on the green: 在果岭上；在草地上 | green tea: 绿茶
song,/ sɔːŋ /,some music with words in verse,n. 歌，歌曲；歌唱，声乐 其他 【名】 （Song）（英）桑，（汉语）宋（人名）,song dynasty: 宋朝 | folk song: 民歌 | sing a song: 唱一首歌，唱支歌
object,/ ˈɑːbdʒekt /,to disagree; to protest against an idea or plan,n. 物体，实物；目的，目标 v. 反对；反对说，反对的理由是,object oriented: 面向对象的；对象趋向的；物件导向的 | object of study: 研究对象 | object function: 目标函数；原函数
maintain,/ meɪnˈteɪn /,"to keep, exist or continue without changing",v. 保持，维持；维修，保养,maintain in: 维持…；保持… | maintain order: 维持秩序 | maintain world peace: 维护世界和平
credit,/ ˈkredɪt /,system to buy something and pay for it later,n. 信用，信贷，赊购；赞扬，信誉，声望 v. 把（钱）记入总账，把钱存入（账户）；相信，信任,credit card: 信用卡；记帐卡 | letter of credit: n. [商]（银行发行的）信用证 | credit system: 信用制度；信贷制度；赊购或赊销制度
ring,/ rɪŋ /,"to produce a sound from a bell, alarm, or telephone; a piece of jewelry worn on a finger",n. 戒指，指环；环状物，圈形物 v. 包围；<英>绕……画圆，把……圈起来 其他 【名】 （Ring） （美、挪、德、爱、英、波、丹）林（人名）,ring road: 环形公路 | ring in: 包围；用考勤钟打下个人上班的时间；与…通电话 | ring with: 充满…声音；回荡着
discover,/ dɪˈskʌvər /,to find something new that was not known before,v. 发现，找到；了解到，发觉，查明,
dead,/ ded /,not alive,adj. 死的，去世的；不再使用的，用尽的 adv. 恰好，精确地；完全地，全然地 n. 死人，死者；死,dead on: adj. 完全正确的；十分精确的（等于dead-on） | dead body: 死尸 | dead against: 正对着；竭力反对
afternoon,/ ˌæftərˈnuːn /,time after 12:00 and before the evening meal,n. 午后，下午,in the afternoon: adv. 在下午 | good afternoon: int. 下午好 | tomorrow afternoon: 明天下午
prefer,/ prɪˈfɜːr /,to like something better than something else,v. 更喜爱，宁可；<法律>举报，提出（控告）,would prefer: 宁愿；更喜欢 | prefer to do: 宁可做某事；更喜欢做某事 | prefer doing: 喜欢做某事
extend,/ ɪkˈstend /,"to straighten or stretch something out (e.g., your leg)",v. 延伸；扩大，延长,extend one's business: 扩大其营业
possibility,/ ˌpɑːsəˈbɪləti /,something with a chance of happening or being true,n. 可能，可能性；可能的选项，可能的途径,production possibility: 生产可能性 | by any possibility: 万一；可能
direction,/ dəˈrekʃn; daɪˈrekʃn /,"describes the way you are going (e.g., north)",n. 方向，方位；趋势，动向,in the direction: 朝…方向；在…方向 | in all directions: 四面八方；全面地；向各方面 | in the direction of: 朝…方向，向…方向
facility,/ fəˈsɪləti /,piece of equipment or buildings with a special use,n. 设施，设备；卫生间,manufacturing facility: 制造设施，生产设施；生产设备 | production facility: 生产设备，生产设施 | facility management: 设施管理；设备管理
variety,/ vəˈraɪəti /,particular types of things or persons,n. 多样化，变化；种类，品种,variety of: 各种各样的 | product variety: 货品种类，产品种类；产品多样化；积簇 | a great variety of: 各种各样的；大量的
daily,/ ˈdeɪli /,happening every day,adj. 每日的，日常的；一天的，按天计算的 adv. 每日，每天；日常地 n. 日报；<英>日工，女佣 其他 【名】 （Daily）（英）戴利（人名）,daily life: 日常生活 | daily necessities: 日用品；生活必需品 | daily work: 每日作业
clothes,/ kloʊðz /,"things you wear on your body (e.g., shirt, dress, tie)",n. 衣服，衣物；（在特定场合、特定时间或由特定人群穿着的）服装，礼服,clothes rack: 衣架 | clothes shop: n. 服装店 | clothes hanger: 挂衣服的架子；衣架（等于coat hanger）
screen,/ skriːn /,"flat surface on a computer, or tv that shows images",n. 屏幕，荧光屏；银幕 v. 隐藏，遮蔽；庇护，包庇 其他 【名】 （Screen）斯克林（人名）,screen printing: 丝网印刷术 | touch screen: 接触式屏幕；触感屏幕 | silver screen: 银幕；电影
track,/ træk /,to follow behind someone to see what they are doing,n. 小道，小径；踪迹，足迹，车辙 v. 追查，追踪；（尤指用特殊电子设备）跟踪,track and field: 田径；田径赛 | on track: 走上正轨 | keep track: 通晓事态，注意动向
dance,/ dæns /,to move your body rhythmically to music,v. 跳舞；跳（某种舞） n. 舞蹈，舞步；舞蹈（艺术） 其他 【名】 （Dance）人名，（英）丹斯，（法）当斯,dance with: 与…跳舞 | song and dance: 不着边际的废话；大肆宣扬 | folk dance: 民间舞蹈；土风舞
completely,/ kəmˈpliːtli /,in every way or as much as possible,adv. 完全地，彻底地,
female,/ ˈfiːmeɪl /,person of the sex that gives birth to babies,adj. 女性的，妇女的；女性特有的 n. 雌性动物，雌性植物；女子,male and female: 雌雄；[化]凹凸面 | female flower: 雌花 | female parent: [生]母本
responsibility,/ rɪˌspɑːnsəˈbɪləti /,state of being dependable or reliable,n. 责任，负责；（对不良事件所负的）责任,responsibility for: 责任；负责 | sense of responsibility: 责任感，责任心 | social responsibility: 社会责任
original,/ əˈrɪdʒən(ə)l /,"being first made, thought, or performed; fresh",adj. 起初的，原先的；原作的，真迹的 n. （艺术作品或文件的）原件，原稿；（文学作品中人物或地点的）原型,original design: 原设计；初始设计 | original data: 原始资料；源数据 | original image: 原始图像
sister,/ ˈsɪstər /,female you share a parent with,n. 姐姐，妹妹；（称志同道合者）姐妹 adj. 同类的，同质的，如同姐妹的,younger sister: 妹妹 | elder sister: 姐姐，姊姊 | little sister: 小妹妹，小女孩
rock,/ rɑːk /,"big stone; hard, solid substance forming mountains",n. 岩石；礁石 v. （使）轻轻摇晃，缓缓摆动；（使）剧烈摇摆，猛烈晃动 其他 【名】 （Rock）（英、德、匈、意、瑞典）罗克（人名）,rock mass: 岩体；岩块，岩块体；岩石层 | source rock: 源岩；生油岩层 | soft rock: 比较轻柔的摇滚乐；软岩石
dream,/ driːm /,"images, thoughts, and feelings that are experienced during sleep",n. 梦；梦想 v. 做梦，梦见；梦想，想象 adj. 理想的，完美的,dream of: 梦想；梦见 | have a dream: 做梦 | like a dream: 毫不费力地；轻而易举地；完美地
nor,/ nɔːr /,used to show two things that are both untrue or do not happen,conj. 也不（通常与 neither 连用）； （用于肯定动词前，表示同意刚提及的否定命题）也不 adv. 也不（通常与 neither 连用）；（用于肯定动词前，表示同意刚提及的否定命题）也不 n. （电子）“或非” 其他 【名】 （Nor）（中）挪（广东话·威妥玛），（马来、俄）诺尔，（柬）诺（人名）,nor yet: 也没有，也不
university,/ ˌjuːnɪˈvɜːrsəti /,high-level educational institution; college,n. 大学，综合性大学；大学校舍,normal university: 师范大学 | university student: 大学生 | beijing university: 北京大学
easily,/ ˈiːzəli /,without difficulty,adv. 容易地；很可能，多半,
agency,/ ˈeɪdʒənsi /,business that provides some service for others,n. 代理行，经销处；政府专门机构，政府内的局，部，处,news agency: 通讯社；新闻通讯社 | xinhua news agency: 新华社 | travel agency: 旅行社
dollar,/ ˈdɑːlər /,a basic unit of money equal to 100 cent,n. 美元；元 (美国、加拿大、澳大利亚以及其他一些国家的货币单位) n. (Dollar)人名；(英)多拉尔,us dollar: 美元 | hong kong dollar: 港元 | dollar bill: 美元钞票
garden,/ ˈɡɑːrdn /,yard; ground outside your house to grow plants,n. 花园，菜园，果园；庭园 v. 做园艺工作，种植花木 其他 【名】  (Garden）（英、意、巴基）加登（人名）,in the garden: 在花园里 | tea garden: 茶叶种植场；茶室 | botanical garden: 植物园
fix,/ fɪks /,to make something whole or able to work again,v. 修理，维修；确定（时间、地点、价格等） n. 解决方案（或措施）；窘境，困境 其他 【名】 （Fix）（美）菲克斯（人名）,fix on: 确定；固定；使集中于 | in a fix: [美国英语]进退两难，处境艰难，陷于困境 | fix up: 修理；解决；改进；为…作好安排；商妥
ahead,/ əˈhed /,in or toward the front,adv. 在前面，朝前面；领先，占优势 adj. 在前的，提前的,ahead of: 在…之前 | go ahead: 前进；进行 | forge ahead: 继续进行，取得进展
cross,/ krɔːs /,to meet at one point,v. 反对；杂交 n. 十字标记，十字形（或叉形）物；杂交，混合物 adj. 恼怒的；脾气坏的，易怒的,cross oneself: 在自己身上用手画十字(表示祈求上帝保佑) | on the cross: 不光明正大地；对角 | red cross: n. 红十字会
yeah,/ jeə /,yes (informal),int. 是，对 n. 是，对 adv. 是，对；表示惊讶或反对,
candidate,/ ˈkændɪdət /,a person being considered for a job or position in office,n. 候选人，申请者；有望体验（得到）……的人（物）,candidate for: 候选人；人选 | presidential candidate: 总统候选人 | qualified candidate: 合格的候选人；合资格人员
weight,/ weɪt /,how heavy something is,n. 重量，分量，体重；重 v. 加重量于，使变重；（经改动）使倾向于…… 其他 【名】 （Weight）（英）韦特，（捷）魏格特（人名）,light weight: 轻量；空载排水量；车辆自重 | molecular weight: [化]分子量 | of weight: 有权势的；有影响的，有分量的
legal,/ ˈliːɡ(ə)l /,concerning the law; allowed by law,adj. 法律允许的，合法的；与法律有关的，法律的 其他 【名】 （Legal）（法）勒加尔（人名）,legal system: 法律制度 | legal status: 法律地位 | legal protection: 法律保护；合法保护
proposal,/ prəˈpoʊz(ə)l /,offer or plan to people who can decide about it,n. 提议，建议；提案,proposal for sth: 预备；提建议 | design proposal: 设计方案，设计建议 | to table a proposal: 提出建议
version,/ ˈvɜːrʒ(ə)n /,particular form of something and other forms,n. （同一种物件稍有不同的）样式，型号；（从不同角度的）说法，描述 v. 创制……的新版本，更新……的版本,english version: 英文版本；英译本 | latest version: 最新版本 | original version: 原始著作，原始版本
conversation,/ ˌkɑːnvərˈseɪʃ(ə)n /,when you talk with other people; discussion or chat,n. （非正式的）谈话，交谈；<旧>社交，交际,in conversation: 在谈话；交谈中 | english conversation: 英语会话；英文会话 | telephone conversation: 打电话
somebody,/ ˈsʌmbɑːdi /,person who is not known or named,pron. 某人，有人；重要人物，当权人物 n. 大人物，重要人物,somebody else: 别人 | or somebody: 诸如此类的人 | somebody up there: 上帝，神
pound,/ paʊnd /,unit of weight equal to 16 ounces or 0.4536 kg,n. 磅（重量单位）；英镑（英国货币单位） v. 连续重击，猛打；（心脏）剧烈地跳动,pound of flesh: 合乎法律的无礼要求 | in the pound: 每镑 | pound sterling: n. 英镑
magazine,/ ˈmæɡəziːn /,weekly or monthly publication with pictures and stories,n. 杂志，期刊；（电视、广播）专题节目,weekly magazine: 周刊 | fortune magazine: 财富杂志 | trade magazine: 商业类杂志；行业性杂志；专业杂志
shape,/ ʃeɪp /,"outer form of something, what it looks like",n. 形状，外形；形态，特征 vt. 形成，影响；使成形，塑造 其他 【名】 （Shape）（瑞典）沙佩（人名）,in shape: 在外形上；处于良好状态 | take shape: v. 形成；成形；体现；具体化 | in the shape of: 以…的形式；呈…的形状
sea,/ siː /,place with a large amount of salt water,n. 海洋；内海,china sea: 中国海 | in the sea: 在海上；在海洋里 | at sea: 在海上；茫然；感觉困惑
immediately,/ ɪˈmiːdiətli /,without any delay; straight away; right (after or before),adv. 立即，马上；紧接地，紧靠地 conj. <英>一……就,immediately after: 立即；接在…之后 | immediately following: 紧跟着 | reply immediately: 速复
welcome,/ ˈwelkəm /,friendly greeting to someone who has arrived,v. 欢迎，迎接；迎新 adj. （某人）受欢迎的；令人愉快的 n. 欢迎，迎接；（对观念的）接受 int. 欢迎 其他 【名】 （Welcome） （美、印）韦尔科姆（人名）,and welcome: 别客气；欢迎之至 | warm welcome: 热烈欢迎 | welcome in: 款待
smile,/ smaɪl /,to show happiness by pulling up the corners of your mouth,v. 微笑；微笑着说，以微笑表示 n. 微笑，笑容；一脸笑意，喜滋滋的（all smiles） 其他 【名】 （Smile）（俄、印、美）斯米莱（人名）,smile to oneself: 暗笑 | smile on: 向…微笑；对…加以赞许 | all smiles: 满面笑容；喜气洋洋
communication,/ kəˌmjuːnɪˈkeɪʃn /,talking to people; giving information to people,n. 表达，交流，交际；信息，书信，电话,communication system: 通信系统 | communication with: 与……交流；与……通讯 | communication technology: 通信技术
agent,/ ˈeɪdʒənt /,person who can represent and decide for others,n. 代理人，代理商；（艺术界的）经纪人 其他 【名】 （Agent）（罗）阿真特（人名）,coupling agent: [化]偶联剂 | curing agent: 固化剂；[化]硬化剂 | sales agent: 销售代理商
traditional,/ trəˈdɪʃən(ə)l /,involved in a tradition,adj. 传统的；根据传统而制造（或使用）的,traditional chinese: 繁体中文 | traditional culture: 传统文化 | traditional medicine: 传统医学；传统医药
replace,/ rɪˈpleɪs /,to use instead of something else,v. 取代；（用……）替换，（以……）接替,replace with: 替换为；以…代替 | replace by: 取代；以…代替
judge,/ dʒʌdʒ /,to form an opinion after careful consideration,n. 法官，审判官；裁判员，评判员 v. 判断，认为；裁判，评判 其他 【名】 （Judge）（英、美、爱）贾奇（人名）,judge of: 判断；评价 | judge by: 根据…作出判断 | presiding judge: 审判长；首席法官；法庭庭长
herself,/ hɜːrˈself /,female person that did the original action,pron. 她自己（she 的反身代词）；她亲自,by herself: 她自己；她独立地
suddenly,/ ˈsʌd(ə)nli /,in an unexpected or very quick manner,adv. 突然地，出乎意料地,
generation,/ ˌdʒenəˈreɪʃ(ə)n /,people born and living at about the same time,n. 一代（人）；一代人的时间,new generation: 新世代，新一代；新生代 | power generation: 发电，发电量；发电机设备 | from generation to generation: 代代相传
estimate,/ ˈestɪmət; ˈestɪmeɪt /,"guess or calculation of cost, size, or value",v. 估计；判断，评价 n. 估计，估价；估价单,estimate for: 对…估价、估计 | cost estimate: 成本估算，成本估计 | rough estimate: 粗略的估计，粗算
favorite,/ ˈfeɪvərɪt /,most liked; best loved,adj. （同类中）最受喜爱的（等于favourite） n. 受喜爱的人（或事物）；（比赛或竞赛中）最有希望的获胜者 v. 把……添加到收藏夹（等于favourite） n. （Favorite）（美）费沃里特（人名）,new favorite: 新宠；新欢 | favorite kind of: 最喜爱的…种类
difficulty,/ ˈdɪfɪkəlti /,something that is hard to do,n. 难题，困难,with difficulty: 困难地；吃力地 | have difficulty: 有困难 | in difficulty: 处境困难
purchase,/ ˈpɜːrtʃəs /,to buy something; to get by paying money for it,n. <正式>购买，采购；<正式>购买的东西 v. <正式> 购买，采购；<古>（努力或艰难地）获得，得到,purchase price: 买价，进货价格 | purchase order: 订购单，采购订单 | purchase contract: 购货合同
shoot,/ ʃuːt /,to kick or throw a ball at a goal,v. 开（枪），射击；射杀，射伤 n. 嫩芽，新枝；拍摄 int. 说吧，请讲；<美>糟糕，哎呀,bamboo shoot: 竹笋，笋 | shoot at: 力争；向…射击 | shoot down: 击落；驳倒，否决
announce,/ əˈnaʊns /,"to make a public statement about a plan, decision",v. 宣布，公布；声称，郑重地说,
unless,/ ənˈles /,negative of 'if',conj. 除非，除非在……情况下；若非，如果不 prep. 除……之外；除……之外,unless and until: 直到…才
independent,/ ˌɪndɪˈpendənt /,making your own decisions; not controlled by others,adj. 自治的，独立的；自立的，自力更生的 n. 独立自主者，独立团体；无党派政治家,independent of: 不依赖…的；不受…支配的 | independent director: 独立董事 | independent thinking: 独立思考
recommend,/ ˌrekəˈmend /,to say something is good and deserves to be chosen,v. 建议，劝告 ；推荐，介绍,recommend for: 推荐；由于…而称赞
survey,/ ˈsɜːrveɪ /,to ask people a question about a particular topic,n. 民意调查，民意测验；考察，调查 v. 做民意测验，做民意调查；（尤指认真地）审视，检查,questionnaire survey: 问卷调查 | survey data: 测量数据，测量资料 | field survey: n. 实地调查；实地考察
majority,/ məˈdʒɔːrəti /,amount that is more than half of a group,n. 大多数；<英>多数票 adj. 多数人的,majority of: 大多数；大部分 | overwhelming majority: 压倒性多数 | the great majority: 很大一部分
stick,/ stɪk /,long thin piece of wood from a tree,v. 粘，贴；刺，戳，插 n. 枯枝，枝条；条状物，棍状物 其他 【名】 （Stick）（芬）斯蒂克（人名）,stick with: 坚持；继续做；保持联系 | stick it out: 坚持到底 | stick in: 在家
request,/ rɪˈkwest /,to ask for something,n. 要求，请求；要求的事，点播的歌曲 v. <正式>请求，要求；要求（某人）做……，请求（某人）做……,request for: 要求；对…有请求 | at the request of: 应…的邀请，应…的要求 | on request: 应要求；承索（即寄等）
rich,/ rɪtʃ /,"having a lot of money, possessions, or resources",adj. 有钱的，富有的；富含……的，丰富的 其他 【名】 （Rich）（丹）里克，（捷）里赫，（英、西）里奇，（葡、法）里什（人名）,rich in: 富有；富于 | rich experience: 丰富的经验 | rich man: 富翁；财主；阔佬
wind,/ wɪnd /,natural movement of outside air as part of the weather,n. 风，气流；风向，逼近的形势 v. 弯曲前进，蜿蜒而行；卷缠，缠绕，绕成团 adj. 管乐的 其他 【名】 （Wind）（英、德、瑞典）温德（人名）,wind power: 风力，风能 | with the wind: 随风；顺着风 | in the wind: 即将发生；在进行
none,/ nʌn /,not one of a group; not at all or in no way,pron. 全无 adv. 毫无，绝不（none the）；（与 too 加形容词或副词连用）绝不 n. 申初经（天主教七段祈祷时间中的一部分，通常在一天中的第九个小时 下午3点） 其他 【名】 （None）（葡、罗）诺内（人名）,
exchange,/ ɪksˈtʃeɪndʒ /,to give things of similar value to each other,n. 交换，互换；短暂的交谈，争吵 v. 调换，更换；交流，交谈,exchange rate: 汇率；兑换率 | foreign exchange: 外汇；国际汇兑；外国汇票 | stock exchange: 证券交易所
budget,/ ˈbʌdʒɪt /,amount of money planned to be spent on something,n. 预算；政府预算案 v. 制定预算，制定开支计划；计划，安排 adj. 廉价的，经济型的,budget deficit: 预算赤字 | budget for: 为…作预算 | project budget: 项目预算，工程预算
famous,/ ˈfeɪməs /,widely known; recognized by many people,adj. 著名的，出名的；<非正式>极好的，了不起的,famous brand: 名牌，名牌货 | famous for: 以…著称，闻名 | famous trademark: 著名商标；驰名商标
blood,/ blʌd /,red liquid in the bodies of people and animals,n. 血，血液；出身，血统 v. 使取得初次经验；用猎物的血涂（新手的）脸 其他 【名】 （Blood）（英、西）布拉德（人名）,blood pressure: n. 血压 | in blood: [废语](动物)充满活力的，生气勃勃的 | blood circulation: 血液循环，血循环
appropriate,/ əˈproʊpriət /,right or suitable for some situation or purpose,adj. 合适的，相称的 v. 拨出（款项）；私占，挪用,as appropriate: 酌情；[拉丁语]视情况而定 | appropriate time: 适当时间 | if appropriate: 任选地；如果有的话
block,/ blɑːk /,to stop from going forward or making progress,n. 大块，一块（木料、石头等）；（四面临街的）街段，街区 v. 阻塞，堵塞（道路、管道等）；遮住（视线） 其他 【名】 （Block）（英、法、德、西、葡、芬、罗）布洛克（人名）,in block: 块装；整批 | block in: 草拟，画草图 | block up: 阻碍；垫高；停用；阻塞
warm,/ wɔːrm /,slightly hot; not very hot,adj. 暖和的，温暖的；（衣服或建筑物）保暖的，防寒的 v. （使）温暖，（使）变暖和；（对某人） 产生好感，（对想法） 开始感兴趣 n. 暖和的地方（或地区）（the warm）；取暖 adv. 温暖地 其他 【名】 （Warm）沃姆（人名）,warm welcome: 热烈欢迎 | warm water: 温水；暖水海洋，暖水区 | in the warm: 在暖和的地方
count,/ kaʊnt /,to add things together to find the total number,v. （按顺序）数数；计数，点数目 n. 计算，总数；数数 其他 【名】 （Count）（美）康特（人名）,count on: 指望；依靠 | count for: 有价值，有重要性 | count in: 把…计算在内
scene,/ siːn /,part of an act in a play,n. 事发地，现场；事件，场面,on the scene: 在场；出现；到场 | night scene: 夜景 | new scene: 新建场景；建立新场景；新场景
writer,/ ˈraɪtər /,"professional who writes books, articles, etc.",n. （职业的）作家，作者；执笔者，撰写人,freelance writer: 自由撰稿人 | ghost writer: n. 为人代写的作者 | staff writer: 特约撰稿人，本报记者
content,/ ˈkɑːntent; kənˈtent /,"information in something (e.g., a book or computer program)",adj. 满足的，满意的，甘愿的 n. 目录；所含物，容纳的东西 v. 使满意，使满足 其他 【名】 （Content）（法）孔唐（人名）,main content: 主要内容 | water content: 含水量 | moisture content: 水分含量；含湿量
prevent,/ prɪˈvent /,to stop something from happening or existing,v. 阻止，阻碍；防止，预防,prevent from: 阻止，制止；妨碍 | prevent and control pollution: 防治污染；预防和控制污染
safe,/ seɪf /,being out of danger,adj. 安全的，平安的；不损害（或危害）健康的 n. 保险箱；<美，非正式> 阴茎套，安全套 int. <英，非正式> 嗨，喂（年轻人打招呼时说） adv. <美，非正式> 安全地，平安地 其他 【名】 （Safe）（几）萨菲（人名）,safe operation: 安全操作 | safe and sound: 安然无恙 | on the safe side: 安全可靠，稳妥
invite,/ ɪnˈvaɪt /,to ask someone to go somewhere or do something,v. 邀请，约请；征求，请求 n. <非正式>请柬，请帖,invite public bidding: （公开）招标
mix,/ mɪks /,to combine two or more things to make one,v. （使）混合，（使）调和；使结合，组合 n. 混合体；（制作糕点、调味汁等的）混合原料，混合配料 其他 【名】 （Mix）（美、俄、巴）米克斯（人名）,mix well: 调匀，搅匀；善于与人相处 | mix with: 和…混合 | mix in: 混合；相处
element,/ ˈelɪmənt /,essential or particular part of something,n. 基本部分，要素；元素 其他 【名】 （Element）（英）埃利门特，（德）埃勒门特（人名）,finite element: 有限元 | finite element method (fem): 有限元素法 | finite element method: [计]有限元法；[化]有限单元法
effective,/ ɪˈfektɪv; əˈfektɪv /,working efficiently to produce a desired result,adj. 产生预期结果的，有效的；实际的，事实上的 n. 实际可作战的士兵,effective management: 有效管理 | effective measure: 有效措施 | cost effective: 有成本效益的；划算的；成本效率
correct,/ kəˈrekt /,true or accurate,adj. 正确的，无误的；恰当的，合适的 v. 改正，纠正；批改,correct operation: 正确动作 | correct time: 正确时间 | correct pronunciation: 正音；正确发音
medical,/ ˈmedɪk(ə)l /,of or relating to physical health or medicine,adj. 医学的，医疗的；内科的 n. 体格检查，健康检查,medical treatment: 治疗，医疗 | medical equipment: 医疗设备；医疗器材 | medical service: 医疗服务
admit,/ ædˈmɪt /,"to agree that you did something bad, or that something bad is true",v. （勉强）承认；招认，招供,admit of: 容许，有…的可能
beat,/ biːt /,to win against another person or team; defeat,v. （反复地）敲，击，打；狠打，猛抽 n. 敲，击；（音乐或诗歌的）强音拍 adj. <非正式>筋疲力尽，疲惫不堪；垮掉的一代的 其他 【名】 （Beat）贝亚特（人名）,beat all: [口]意想不到；压倒一切；了不起 | beat someone to something: 在某件事上占某人之先 | heart beat: [医]心搏
telephone,/ ˈtelɪfoʊn /,machine used to talk to someone who is far away,n. 电话通讯系统；电话 v. （给……）打电话,telephone number: n. 电话号码 | on the telephone: 在通电话 | by telephone: 通过电话；用电话
copy,/ ˈkɑːpi /,to make something that looks the same as the original,v. 抄写，誊写；模仿，效法 n. 一本，一册，一份；复印件，副本,a copy of: 一份，一本 | original copy: 原本，正本 | hard copy: 硬拷贝；复印件
committee,/ kəˈmɪti /,group of people who do or decide something,n. 委员会；<英>受托人，监护人,party committee: 党委 | standing committee: 常务委员会 | central committee: 中央委员会
aware,/ əˈwer /,knowing or feeling that something exists,adj. 知道的，明白的；察觉到的，意识到的 其他 【名】 （Aware）（阿拉伯、索）阿瓦雷（人名）,aware of: 意识到，知道 | become aware of: 知道；发觉 | acutely aware: 清醒地看到
advice,/ ədˈvaɪs /,suggestion about what someone should do,n. 忠告，劝告，建议；（金融交易）正式通知,seek advice: 征求意见；请教 | good advice: 好建议 | give advice: 劝告，忠告
handle,/ ˈhænd(ə)l /,to have the ability to cope with or take responsibility for,v. 拿；处理，应付 n. 把手，拉手；柄，提手 comb. 有……个柄的，有……柄的,handle with: 处理 | door handle: 门把手 | get a handle on: [口语]控制，掌握，驾驭，左右
glass,/ ɡlæs /,hard transparent material used for making windows,n. 玻璃；玻璃杯 v. 用玻璃覆盖，给……装玻璃；（尤指在打猎时）用望远镜观察（周围环境） 其他 【名】  （Glass） （英、法、德、意）格拉斯（人名）,glass fiber: 玻璃纤维 | a glass of: 一杯 | glass in: 用玻璃把…围(或封)住
trial,/ ˈtraɪəl /,concerning or used in a trial,n. 审判，审理；试验，试用 v. 测试，试验；（马、狗等动物）参加比赛 adj. 试验性的 其他 【名】 （Trial）（法）特里亚尔（人名）,on trial: 在试验中；在受审 | clinical trial: 临床试验；诊治试验 | trial production: 产品试制
stress,/ stres /,to be in a state of mental tension due to problems,n. 精神压力，紧张；压力，应力 v. 强调，着重；重读 其他 【名】 （Stress）（意）斯特雷斯 （人名）,stress on: 对…的强调 | stress distribution: 应力分布 | stress field: n. 应力场；胁强场
radio,/ ˈreɪdioʊ /,system for sending and receiving signals through the air,n. 收音机；无线电收发设备 v. 用无线电通讯（或发送信息） 其他 【名】 （Radio）（西）拉迪奥（人名）,radio frequency: 无线电频率 | on the radio: 在广播中 | radio station: 无线电台
administration,/ ədˌmɪnɪˈstreɪʃn /,"the work of running something (e.g., a business)",n. 管理，行政；管理部门，行政部门,administration of: ◎(法律、惩罚等的)施行，执行，实行，实施；(药的)服用；用法；给与；(庄严的誓言或诺言的)提出，宣誓 | business administration: 企业管理；经营管理 | public administration: 公共行政；公共管理；行政管理
complex,/ kəmˈpleks /,"difficult, not easy to understand or explain",adj. 复杂的，难懂的；组合的，合成的 n. 综合大楼，建筑群；复合体，综合体,complex system: 复杂系统 | complex structure: 复合结构；复结构；复数结构 | complex function: 复值函数
text,/ tekst /,written part of a book or other work,n. （书、杂志等中区别于图片的）正文，文字材料；（演说等的）原文 v. （用手机）给……发短信,full text: 全文 | text file: [计]文本文件 | original text: 原文
context,/ ˈkɑːntekst /,set of facts surrounding a person or event,n. 背景，环境；上下文，语境,in the context of: 在…情况下；在…背景下 | in this context: 关于这点；由此而论；由于这个原因；在这个背景下 | cultural context: 文化环境，文化脉络
ride,/ raɪd /,to sit on and control a horse or vehicle,v. 骑马，骑车；乘坐 n. 乘骑旅行，搭乘旅行；大型游乐设施，乘坐装置 其他 【名】  (Ride) （英、美、法）赖德（人名）,ride on: 依靠；骑在…上面；取决于 | ride comfort: n. 行驶舒适，（车辆）乘坐平顺性；运行舒适感 | go for a ride: 骑车兜风，骑马出游
directly,/ dəˈrektli; daɪˈrektli /,in a frank and honest way,adv. 直接地，径直地；坦率地 conj. 一……就……,directly proportional: 直接比例的 | directly address: 直接寻址
heavy,/ ˈhevi /,having a lot of weight,adj. 重的，沉的；大量的，严重的 n. 保镖，打手；（电影或戏剧中的）反派 adv. 浓浓地，沉重地；使不安，使担忧,heavy metal: 重金属摇滚乐 | heavy oil: 重油（将焦油蒸馏得到的比重大于水） | heavy rain: 暴雨
remove,/ rɪˈmuːv /,"to move, erase or take away from a place",vt. 移开，拿开；除去，废除 n. <正式> 距离，间距；<史>（一些英国学校中的）年级,"remove oneself: [戏谑语]挪动挪动;走开,离开：

She removed herself reluctantly.
她勉强地走开了。 | remove all: 删除所有；全部移除 | remove from: 除掉；移动"
conduct,/ kənˈdʌkt /,"to direct, lead or guide something",v. 实施，进行；指挥 n. 行为，举止；经营方式，管理方法,conduct oneself: （行为）表现 | code of conduct: 行为准则；规范 | conduct research: 进行研究
equipment,/ ɪˈkwɪpmənt /,tools or materials used to perform a task,n. 设备，用具；（对某人或某物的）装备过程,production equipment: 生产设备；生产装备 | medical equipment: 医疗设备；医疗器材 | testing equipment: 测试设备；试验设备
otherwise,/ ˈʌðərwaɪz /,"indicates that there will be a bad result if something is done, not done, or done improperly",adv. 否则，不然；除此以外，在其他方面 adj. 不是那样的，另外情况下的,or otherwise: 或相反；或其反面 | and otherwise: 等等 | otherwise than: 不像；除…外；与…不同
title,/ ˈtaɪt(ə)l /,name given to something to identify or describe it,n. （书籍、诗歌、图画、乐曲等的）名称，标题；（书刊的）一种，一本 v. （给书籍、乐曲等）加标题，定题目；赋予头衔，把……称为 adj. 与（电影、戏剧等）同名的；冠军的,job title: n. 职称 | title bar: 标题栏 | professional title: 职称；专业头衔
extra,/ ˈekstrə /,more than necessary; additional,adj. 额外的；另外收费的 n. 另收费的事物；临时演员 adv. 额外；特别，格外,extra time: 额外时间；[体]加赛时间 | extra money: 额外的钱；[英国俚语]超速罚款单 | extra work: 加班；额外工作
executive,/ ɪɡˈzekjətɪv /,a senior manager in a business or organization,adj. 行政的，有执行权的；高档的，豪华的 n. 主管，经理；行政部门，执行委员会,chief executive: 行政长官；董事长；美国总统；（美国的）州长 | executive director: 执行理事；常务董事 | executive committee: 执行委员会
chair,/ tʃer /,a piece of furniture you sit on when sitting at a table or desk,n. 椅子；主席，委员长 v. 主席，主持；用椅子把某人高高抬起 其他 【名】 （Chair）（法）谢尔 （人名）,office chair: n. 办公椅 | in the chair: 处在主席地位；担任主席 | rocking chair: 摇椅，安乐椅
expensive,/ ɪkˈspensɪv /,costing a lot of money,adj. 花钱多的，昂贵的；（错误或决定）代价高的,less expensive: adj. 比较便宜的 | expensive thing: 昂贵的东西 | a bit expensive: 有点贵
sample,/ ˈsæmp(ə)l /,"to try something to see if you like it (e.g., food)",n. 样本，样品；试用产品，试样 v. 品尝，尝试（食品、饮料）；体验（活动） adj. 样品的，实例的 其他 【名】 （Sample）（美、英、爱尔兰）桑普尔（人名）,sample preparation: 样品制备；样品处理；样品加工 | sample data: 样本数据；抽样资料 | sample size: 样本量；样本大小
sex,/ seks /,state of being male or female mostly biological,n. 性行为，性交；性，性别 v. 辨别......的性别，辨识......的雌雄；<非正式> 引起……的性欲,sex education: 性教育 | have sex: 性交 | opposite sex: 异性
deliver,/ dɪˈlɪvər /,to take something to a person or place,v. 投递，运送；履行，兑现,deliver the goods: 交货；履行诺言 | deliver goods: 交货 | deliver a speech: 发表演讲；发表讲话
video,/ ˈvɪdioʊ /,recording capturing action with sound ,n. （某个事件或场合的）录像；（指方法）录影 adj. 电视的，视频的；图像的，画面的 v. 录下（电视节目）；（用摄像机）拍摄,digital video: 数字视频，数字录像 | video game: 视频游戏；电视游戏 | video frequency: 视频率
connection,/ kəˈnekʃ(ə)n /,something that joins things together; being joined,n. 关系，联系；连接，接通,in connection with: 与……有关；与……相连 | connection with: 与…的关系 | close connection: 紧密联系
primary,/ ˈpraɪmeri /,"most important, most basic or essential",adj. 主要的，首要的；<英>小学教育的，初级教育的 n. （选举过程中的党内）初选（=primary election）；原色,primary school: 小学 | primary stage: 初始阶段 | primary purpose: 主要目的；根本目的
weather,/ ˈweðər /,"whether it is raining, sunny, cold, etc., outside",n. 天气，气象；恶劣天气（指寒冷、潮湿等），自然力 v. （受风吹雨打而）（使）褪色，（使）风化；平安度过（困境） adj. 露天的；迎风的 其他 【名】 （Weather）（英）韦瑟（人名）,bad weather: 恶劣的天气 | cold weather: 寒冷的天气 | weather forecast: 天气预测，天气预报
collect,/ kəˈlekt /,to gather things/people together in one place,v. 聚集，聚积；收集，采集 n. （某些基督教仪式上的）短祷文；<非正式>打赢的赌，赢钱的赌注 adj. 对方付通话费的 adv. 对方付通话费地 其他 【名】 （Collect）（英）科莱克特（人名）,collect oneself: 镇定下来，使自己平心静气 | collect data: 收集资料 | collect money: 集资；筹钱
inform,/ ɪnˈfɔːrm /,to give information or facts about something,v. 通知，告知；告发，检举（inform on）,inform against: 检举；告发 | inform of: 通知；报告 | inform about: 告发；通知；告诉
principle,/ ˈprɪnsəp(ə)l /,strong belief that influences a person's actions; basic law or belief,n. （行为）准则，（道德）原则；道义，正直,working principle: 工作原理 | basic principle: 基本原理 | on the principle of: 根据...的原则
straight,/ streɪt /,"not having curves, bends, or angles",adj. 直的，笔直的；端正的，竖直的 adv. 直线地，径直地；竖直地，直立地 n. 异性恋者；直线跑道 v. 使变直 其他 【名】 （Straight）斯特雷特（人名）,go straight: 改过自新 | straight up: 直率地；真实地；（酒）不加冰块的 | straight line: 直线
appeal,/ əˈpiːl /,to request a judge or others change a decision,n. 呼吁，恳求；上诉，申诉 v. 呼吁，恳求；上诉，申诉,appeal for: vt. 恳求，请求；要求 | sex appeal: 性感；吸引力 | appeal against: 提出上诉
highly,/ ˈhaɪli /,more than usual; to a great degree,adv. 极其，非常；高度地，高水平地,highly appreciated: 高度支持；深受青睐 | highly sensitive: 高灵敏度的 | highly motivated: 积极性高
trust,/ trʌst /,to be confident that someone is honest and reliable ,n. 信任，信赖；（金钱或财产的）信托，托管 v. 信任，相信；对……有把握，信得过 其他 【名】 （Trust）（英）特拉斯特（人名）,trust in: vt. 信任；依靠；存放 | on trust: 不加深究地，不加考察地；不赁证据 | in trust: 被托管
wonderful,/ ˈwʌndərf(ə)l /,producing feelings of enjoyment or delight,adj. 绝妙的，令人惊叹的，极好的,wonderful life: 美妙人生（电视剧） | have a wonderful time: 玩得快活极了 | wonderful memories: 许多美好的记忆
flat,/ flæt /,level; even; without curves or bumps,adj. 平的，水平的；平坦的 adv. 水平地；平整地 n. <英>公寓，单元房；（通常指近水的）浅滩，洼地 v. 住公寓，伙住公寓；<美>（乐）把（音调）降半音 其他 【名】 （Flat）（法）弗拉特，（英）弗莱特（人名）,flat surface: 平面；平整表面 | flat out: v. 竭尽全力；用全速；疲惫 | flat panel: 扁平面板
absolutely,/ ˌæbsəˈluːtli /,completely; totally; very,adv. 绝对地，完全地；确实地，极其,absolutely necessary: 绝对必要
flow,/ floʊ /,to move steadily and easily in a certain direction,v. 流动，流淌；（人，物）涌向，涌进 n. 流，流动；持续生产，不断供应 其他 【名】 （Flow）（美）弗洛（人名）,flow in: 流入 | flow field: 流场，痢 | flow rate: 流量；流速
fair,/ fer /,treating all people the same way,adj. 公平的；合理的，公正的 adv. 公平地，公正地；非常 n. 集市，展览会；露天游乐场 v. 变得晴朗；使（车辆，船舶，飞机）具有流线型 其他 【名】 （Fair）（英、芬）费尔（人名）,fair play: 公平竞争；公平比赛；平等对待 | fair competition: 公平竞争 | fair value: 公允价值；[经]公平价格
additional,/ əˈdɪʃən(ə)l /,further or added,adj. 附加的，额外的,additional information: 附加信息；其他信息 | additional cost: 额外费用，追加成本 | additional premium: 附加保险费；追加保费
responsible,/ rɪˈspɑːnsəb(ə)l /,having the duty of dealing with something; being the cause or creator of something; behaving in a mature and reasonable manner,adj. （对某人、某事）负责的；（对事故、错误、罪行等）负有责任的，应承担责任的,responsible for: 是…的原由；为…负责 | responsible person: 负责人 | be responsible to sb: 对某人负责
farm,/ fɑːrm /,land used for growing crops or raising animals,n. 农场，养殖场；农舍 v. 耕种，养殖；（收取一定费用）将（税收）包出,farm products: 农产品 | farm produce: 农产品 | wind farm: 有许多风车的农场
collection,/ kəˈlekʃ(ə)n /,group of similar things gathered as a hobby,n. 收藏品，收集物；募捐,a collection of: 一批，一些；收藏的；许多的；集…为一体的 | data collection: 数据收集；资料收集 | collection system: 收集系统；拖收系统
hang,/ hæŋ /,"to attach a picture, photograph, etc., onto a wall",v. 悬挂，吊；（使）挂在墙上 n. 悬挂方式；下垂，低垂 其他 【名】 （Hang）（英）杭，（罗）汉格，（东南亚国家华语）康，（老）汉，（柬）韩（用于名字第一节）（人名）,hang on: 坚持下去；不挂断；握住不放 | hang out: 挂出；闲逛 | hang up: 挂断电话；搁置，拖延
negative,/ ˈneɡətɪv /,"being harmful, unwanted, or unhelpful",adj. 有害的，负面的；悲观的，消极的 n. 底片，负片；否定词，否定句 v. 拒绝，否定；推翻，证伪,negative effect: 负面影响；负效应；负磁力效应 | positive and negative: 正反；肯定和否定 | negative influence: 不利影响；消极作用；负影响
band,/ bænd /,"group of people who work together (e.g., play music)",n. 乐队；一伙，一群 v. 给……分级，把……分段；用带绑扎,frequency band: 频带；频段 | wide band: 宽频带；规定较大幅度的浮动汇率制度 | band gap: 带隙
relative,/ ˈrelətɪv /,measured or considered in comparison to something else,n. 亲戚，亲属；同类事物，亲缘动物（或植物） adj. 相比较而言的，比较的；相对的，相关联的,relative humidity: 相对湿度 | relative error: 相对误差 | relative position: 相对位置
tour,/ tʊr /,a journey to visit several places for pleasure,n. 旅行，旅游；游览，参观，观光 v. 旅游，观光，参观；（在……）进行巡回演出 其他 【名】 （Tour）（瑞典、英）托尔，图尔（人名）,tour guide: 导游人员 | on tour: 巡回中 | guided tour: 有导游的游览
alternative,/ ɔːlˈtɜːrnətɪv /,other choices,n. 可供选择的事物，替代物 adj. 可替代的，备选的；非传统的，另类的,alternative energy: 替代能源；新能源 | alternative medicine: 非传统医学 | have no alternative: 没有别的办法了；没有其他选择
software,/ ˈsɔːftwer /,market for software is expected to expand,n. 软件,software development: 软体开发 | software design: 软件设计，软件开发 | software system: 软件系统
pair,/ per /,"two of the same thing (e.g., socks)",n. （成双的两物品）一对，一双；（由两个相连的类似部分组成的）一套，一副 v. 使成对，配对；（使）结成一对（恋人）（pair off/up） 其他 【名】 （Pair）佩尔（姓氏）,pair of: 一对；一双 | one pair: 一对；对子 | a pair of shoes: 一双鞋子
ship,/ ʃɪp /,large boat,n. （大）船，舰；三（或多）桅帆船 v. （用船、飞机、卡车）运送，运输；遣送（某人） 其他 【名】  (Ship) （美、俄、英）摄（人名）,by ship: 坐轮船，乘船；航运 | ship lock: 船闸 | container ship: 集装箱运货船；货柜船
attitude,/ ˈætɪtuːd /,"way you act, think, and feel about something",n. 态度，看法；姿势,attitude towards: 态度，看法 | positive attitude: 积极态度 | attitude toward: 对...的态度；意见
cheap,/ tʃiːp /,not costing a lot of money,adj. 便宜的，廉价的；价低质劣的 adv. 低价地，便宜地,on the cheap: 便宜地；经济地 | cheap labor: 廉价劳动 | cheap labour: 廉价劳动力；廉价劳工
double,/ ˈdʌb(ə)l /,two times the amount or degree; twice,adj. 两倍的，双的；供两人用的 adv. 两倍地 v. 加倍；对折 n. 两倍，两倍量；酷似的人 det. 是……两倍 pron. 双倍数（或量） 其他 【名】 （Double）（美）杜布勒（人名）,double layer: 双层 | double room: 双人房 | double deck: n. 楼中楼；双层甲板
leg,/ leɡ /,part of the body from the thigh down,n. 腿；动物腿，腿肉 comb. 有……腿的(-legged) v. （撑船者）用腿蹬洞顶或洞壁使（船）通过运河隧洞,on the leg: (狗)腿长的 | break a leg: 祝好运；大获成功（用于祝愿演员演出成功） | leg up: n. 帮助（对上马或跨跃障碍时的）
observe,/ əbˈzɜːrv /,to watch carefully; to make a comment ,v. 注意到，观察到；注视，监视,observe on: 评论
sentence,/ ˈsentəns /,set of spoken or written words that make a whole statement,n. 句子，句；判决，判刑 v. 判决，宣判，判刑,
print,/ prɪnt /,"to make many copies of a page, magazine, or book",v. 打印；印刷，出版 n. 印刷；印刷字体,in print: 已出版；在销售中 | blue print: n. 蓝图；方案；设计图 | print out: （打）印出
progress,/ ˈprɑːɡres /,to move forward or toward a place or goal,n. 进步，进展；前进，行进 v. 进步，进展；使（任务，事业）取得持续进展 其他 【名】  （Progress）（赞）普罗格雷斯（人名）,progress in: 在…有进展 | economic progress: 经济发展；经济进步 | social progress: 社会进步
truth,/ truːθ /,real facts about something,n. 事实，真相；真实性,tell the truth: 说实话 | in truth: 真实地；实在 | tell you the truth: 说实话
nobody,/ ˈnoʊbɑːdi /,no person; no one; not any person,pron. 没有人（=no one） n. 小人物,nobody could: 没人能做到；那么别人也休想 | nobody else: 没有其他人 | nobody home: 无人在家；心不在焉
examine,/ ɪɡˈzæmɪn /,to look at someone or something very carefully in order to learn more,v. 检查，调查；考核，测验,examine and approve: 审批 | examine and verify: 审核；审计
lay,/ leɪ /,to put or set something down in a flat position,v. 安放，放置；铺放，铺设 n. 诗，民歌；（某物的）位置，方向 adj. 外行的，非专业的；平信徒的，在俗的 v. 躺；平放,lay in: 贮存 | lay down: 放下；制定；铺设；主张 | lay a foundation: 奠定基础；奠基；打下基础
speed,/ spiːd /,quality of being fast or quick,n. （运动）速度；（某事发生或进行的）速度 v. 快速移动；快速运送 其他 【名】 （Speed）斯皮德（人名）,high speed: 高速全速 | speed up: 加速；使加速 | low speed: 低速；慢速
politics,/ ˈpɑːlətɪks /,activities influencing the policies of a government,n. 政治，政治活动（事务）；政治事业,international politics: 国际政治 | world politics: 世界政治；国际政治；世界政治季刊 | power politics: 强权政治
reply,/ rɪˈplaɪ /,answer someone's question,v. 回答，答复；（以行动）作出回应，回击 n. （口头或书面）回答，答复；回应，作出反应,in reply: 作为答复 | no reply: 无回答，无应答 | reply for: 代表…作答
display,/ dɪˈspleɪ /,to put so they can be seen or be bought,v. 展示，陈列；显露，表现 n. 展览，陈列；表演,on display: 展览，公开展出 | digital display: [计]数字显示 | lcd display: n. 液晶显示器；液晶屏幕
transfer,/ trænsˈfɜːr /,to move something from one place to another,v. （使）转移，搬迁；转移（感情），传染（疾病），转让（权力等） n. 转移，转让，调动；（运动员）转会,heat transfer: 热传递，传热 | mass transfer: 质量传递，传质；质量转移 | transfer coefficient: 传送系数，转移系数
perfect,/ ˈpɜːrfɪkt /,so good it/they cannot be improved,adj. 无瑕的，完好的；完全正确的，极其准确的 v. 完善，使完美；双面印完（一页纸） n. （语法）完成时，完成体 其他 【名】 （Perfect）（美、爱、英）珀费克特（人名）,perfect oneself in: 精通；熟练；完全掌握 | perfect for: 应用范围；对…是完美的 | perfect harmony: 水乳交融；完美无谐波；十分和谐
slightly,/ ˈslaɪtli /,concerning a small quantity or degree,adv. 稍微，轻微地；（指某人身材）纤弱地，瘦小地,
overall,/ ˌoʊvərˈɔːl /,"viewed as a whole; in general, not as details",adj. 总的，全面的；所有的，包括一切的 adv. 全部，总共； 总的说来，大体上 n. <英>（工作时穿的）罩衣；<英>（上下连身的）工作服，防护服（overalls）,overall situation: 大局；总体形势 | overall quality: 综合质量；总的质量 | overall development: 综合开发
intend,/ ɪnˈtend /,to plan or want to do something,v. 打算，想要；意指，意思是,intend to do: 想要做；想要做某事 | intend for: 希望有或接到；打算成为……
user,/ ˈjuːzər /,"person that uses a service or thing (e.g., a website)",n. 用户；使用者 n. （User）（土）乌塞尔（人名）,user interface: 用户界面 | user name: 用户名 | user experience: 用户体验
respond,/ rɪˈspɑːnd /,to say or write to answer the question,v. （口头或书面）回答，回应；作出反应，回应 n. （教堂用语）应答，唱和；（建筑）壁联（与墙相连支承拱的半柱或半墩，尤指在拱廊两端）,respond with: 回复 | respond by: 以…方式反应
dinner,/ ˈdɪnər /,"main meal of the day, usually in the evening in the us",n. 正餐，晚餐；晚宴，宴会 其他 【名】 （Dinner）（法）迪内（人名）,after dinner: 餐后；晚餐后 | have dinner: 吃晚饭 | dinner party: n. 宴会
slow,/ sloʊ /,moving or happening without speed; not fast,adj. （移动，运行）低速的，缓慢的；慢速的，低速的 v. （使）放慢速度，（使）减速；（使）降低，（使）减少 adv. 低速地，缓慢地 其他 【名】 （Slow）（英）斯洛（人名）,slow down: 减速，放慢速度；使……慢下来 | go slow: 怠工；慢慢走 | slow speed: 慢速，低速
regular,/ ˈreɡjələr /,occurring or being done frequently,adj. 定期的，规律的；经常的，频繁的 n. 常客，老主顾；主演，主力队员 其他 【名】  （Regular）（以）雷古拉尔（人名）,on a regular basis: 定期地；经常地 | regular pattern: 正规图样，正常模式 | regular meeting: 例会
physical,/ ˈfɪzɪk(ə)l /,concerning the body of a person,adj. 身体的，肉体的；物质的，有形的 n. 体格检查；（股票）（与期货相对的）现货股票,physical education: n. 体育课；体育教育 | physical model: 物理模型；实体模型 | physical property: 物理性质；实物财产
apart,/ əˈpɑːrt /,separated by an amount of time or space,adv. （空间或时间）相隔，相距；拆开，成碎片 adj. 意见不一致的，有分歧的；分开的,apart from: 远离，除…之外；且不说；缺少 | fall apart: 崩溃；土崩瓦解；破碎 | set apart: 留出…；使分离；区别
suit,/ suːt /,to be appropriate for a given situation,n. 套装，西装；（从事特定活动时穿的）成套服装 v. （服装、风格、颜色）使显得漂亮，与……相配；对（某人）方便，满足（某人）需要，合（某人）心意,suit oneself: 随自己的意愿做事 | a suit of: 一套 | follow suit: 跟着做；学样
federal,/ ˈfedərəl /,system of government,adj. 联邦（制）的；（与）联邦政府（有关的）的 n. 联邦探员，联邦政府官员；（美国南北战争时期）北部联邦政府支持者 其他 【名】  （Federal）（英）费德勒尔（人名）,federal reserve: （美国）联邦储备系统 | federal government: 联邦政府 | federal law: 联邦法律
reveal,/ rɪˈviːl /,"to make known, to show or prove",v. 揭示，透露；表明，证明 n. （电视节目最后的）揭示；门侧，窗侧,reveal itself: v. 呈现，出现；被认知 | reveal all: 显示全部（计算机操作命令）
percentage,/ pərˈsentɪdʒ /,part of a whole divided into hundredths,n. 百分比，百分率；部分，比例,percentage point: 百分点 | germination percentage: 发芽率 | weight percentage: 重量百分率
peace,/ piːs /,time when there is no war or fighting,n. 和平，太平；平静，安宁 v. 安静 其他 【名】 （Peace）（英）皮斯（人名）,in peace: 和平地；安静，宁静；安祥地 | peace of mind: 内心的宁静；明镜止水 | world peace: 世界和平
status,/ ˈsteɪtəs; ˈstætəs /,position or rank relative to others in a society,n. 法律地位（或身份）；（尤指在社会中的）地位，身份,status quo: n. 现状 | current status: 当前状态；目前状况 | present status: 现状
crime,/ kraɪm /,"act that is against the law; murder, theft, etc.",n. 罪，罪行；犯罪，犯罪活动 v. <英，非正式>（尤指在军队里）指控……有罪，判……有罪,crime rate: 犯罪率 | organized crime: 集团犯罪 | violent crime: 暴力犯罪，暴力罪行
decline,/ dɪˈklaɪn /,to not accept an invitation or offer; refuse,v. 下降，衰退；拒绝，谢绝 n. 减少，衰退,on the decline: 在走下坡路；在衰退中 | decline and fall: 衰亡，衰败 | in decline: 在衰退中
decade,/ ˈdekeɪd /,period of 10 years,n. 十年，十年期；十进,over the past decade: 在过去的十年里
launch,/ lɔːntʃ /,to put a rocket into the air; put a ship into the water,v. 发动，发起；上市，发行 n. （航天器的）发射；（产品的）上市,launch vehicle: 运载火箭 | product launch: 产品发布 | launch pad: n. 发射台
warn,/ wɔːrn /,to tell someone about possible danger,v. 提醒，使警惕；警告，告诫（不要做……） 其他 【名】 （Warn）（英）沃恩，（德）瓦恩（人名）,warn of: 警告某人某事 | warn against: 警告（...）不要；提醒（...）提防 | warn about: 就...提出警告
consumer,/ kənˈsuːmər /,person who uses goods or services; individual buyer,n. 消费者，顾客，用户；食用者，使用者，消耗者,consumer goods: 生活消费品，日用消费品 | consumer demand: 消费需求；消费者的要求 | consumer electronics: 消费性电子产品；家用电子产品
favor,/ ˈfeɪvər /,helpful act of kindness,v. 较喜欢；偏袒 n. 帮助；提拔,favor of: 有利于；赞成；支持；喜欢 | in favor: 有利于；被喜爱的 | in favor of: 有利于；支持；赞同
dry,/ draɪ /,without water; not wet,adj. 干的；干旱的，少雨的 v. （使）变干；变干硬 n. 干燥过程（或事例）；<美>支持禁酒者 其他 【名】 （Dry）（法）德里（人名）,in the dry: 在干的地方；在不受雨淋的地方 | on the dry: [口语]在戒酒的 | run dry: 不产奶
partner,/ ˈpɑːrtnər /,someone you have a business or personal relationship with,n. （跳舞、玩游戏等的）搭档，同伴；（合伙企业的）合伙人 v. 成为搭档，合伙 其他 【名】 （Partner）（英、德）帕特纳（人名）,business partner: 商业伙伴，业务合作伙伴；买卖的合伙人 | partner with: v. 做伙伴 | trading partner: 贸易伙伴；合作伙伴
institution,/ ˌɪnstɪˈtuːʃ(ə)n /,organization created for a particular cause or purpose,n. 机构，团体；社会收容机构,financial institution: 金融机构 | institution of higher learning: 高等学校 | medical institution: 医疗机构；医疗院所
spot,/ spɑːt /,see someone by chance,n. 地点，场所；点，斑点 v. 看见，注意到；让分，让步 adj. 现货交易的，立即支付的,on the spot: 立刻，当场；在危险中；处于负责地位 | hot spot: [生化]热点；过热点；潜在的危险地区 | scenic spot: 风景区；景点
horse,/ hɔːrs /,large animal with 4 legs used for riding,n. 马；<非正式>赛马 v. 给（人或车辆）提供马；使骑马,dark horse: 黑马（出人意外获胜的赛马或参赛人）；（美）[政]“黑马”候选人（常因各方妥协而意外获得提名或当选） | white horse: n. 白马；怀特霍斯（加拿大育空地区首府）；白马像（新石器时代、青铜时代或铁器时代雕刻在英国伯克郡等白垩山冈上） | change horses: ◎(途中)换马
eventually,/ ɪˈventʃuəli /,finally,adv. 最终，结果,
heat,/ hiːt /,to make hot or hotter ,n. 热能，热量；炎热，高温 v. <古>激起，使激动；加热，使变暖,heat transfer: 热传递，传热 | heat treatment: 热处理 | heat exchanger: 热交换器
excite,/ ɪkˈsaɪt /,"to make someone feel happy, interested, or eager",v. 使兴奋，使激动；引起，激起,
reader,/ ˈriːdər /,person who reads written or printed materials,n. 读者， 爱读书的人；（初级）读本，简易读物 其他 【名】 （Reader）（英）里德（人名）,card reader: 读卡机，读卡器 | news reader: 新闻阅读器；新闻阅读程序；新闻播音员 | mind reader: n. 测心术者；能测人心思者
importance,/ ɪmˈpɔːrt(ə)ns /,being important; having a big effect on,n. 重要，重要性；傲慢,of great importance: 有着重要意义，十分重要 | of importance: 重要的；具有重要意义的 | attach importance to: 重视；着重于…；对…给予重视
distance,/ ˈdɪstəns /,amount of space between two places or things,n. 远处；疏远，隔阂 v. 疏远，远离 adj. 远距离的,in the distance: 在远处 | long distance: 长途电话局，长途通迅 | at a distance: 在远处；有相当距离
guide,/ ɡaɪd /,to lead people visiting a new or unknown place,v. 带领，引导（某人至某地）；任向导 n. 指南，手册；导游，向导 其他 【名】 （Guide）（法、葡）吉德（人名）,tour guide: 导游人员 | guide line: 准则；指导路线 | guide rail: 导轨；导杆
grant,/ ɡrænt /,to give or let someone do what they want,v. 授予，给予；承认 n. 补助金，拨款；（政府给予的）土地 其他 【名】 （Grant）（美）格朗（人名）,take for granted: 认为…理所当然 | government grant: 政府批地书，政府补助金 | land grant: 政府赠地；政府拨给大学或铁路之土地
taxi,/ ˈtæksi /,car that transports people for money,n. 出租车，计程车，的士；（南非的）小型不定时公交车 v. （飞机）缓慢滑行；（飞行员）驾驶（飞机）缓慢滑行,taxi driver: 出租车司机；的士司机 | take a taxi: 乘出租车，搭出租车；打的 | by taxi: 坐计程车
feed,/ fiːd /,"to give food (e.g., to an animal or a baby)",v. 饲养，喂养，为……提供食物；以……为食物，吃食 n. 哺乳，喂养；动物的饲料，植物的肥料,feed oneself: 自己吃 | feed on: v. 以...为食；以...为能源 | feed back: 反馈；反应；回复
pain,/ peɪn /,strong feeling of hurt or discomfort,n. 疼痛，伤痛；苦恼，悲痛 v. <正式>使痛苦，使苦恼；<正式>使疼痛 其他 【名】 （Pain）（意）帕因，（俄）派因，（法）潘，（英）佩因（人名）,in pain: 痛苦 | abdominal pain: 腹痛 | back pain: 背痛
sector,/ ˈsektər /,area that includes certain kinds of job,n. 区域，部分；（尤指商业、贸易等的）部门，行业 v. 把……分成扇形,private sector: 私营部门；私营成分 | financial sector: 财政部门 | public sector: 国营部门经济；政府资助的企事业；社会经济的公有部份
mistake,/ mɪˈsteɪk /,"something done wrong, calculated wrong.; error",n. 错误，过失；（用词或数字上的）错误，口误，笔误 v. 误解，误会；错误判断,make a mistake: 犯错误 | by mistake: 错误地；由于差错 | make mistake: 犯错
ensure,/ ɪnˈʃʊr /,"to make something sure, certain, or safe",v. 确保，保证；保护，使安全,ensure public security: 保安 | ensure from: v. 保护
satisfy,/ ˈsætɪsfaɪ /,to be happy because you met your expectation,v. 使满意，使满足；满足（要求、需要等）,satisfy oneself: v. 彻底弄明白 | satisfy one's needs: 满足某人的需要 | satisfy the examiners: (英国大学)考试刚刚及格
chief,/ tʃiːf /,most important one,adj. 首要的，主要的；为首的，首席的 n. 领袖，首领；酋长 adv. 主要地；首要地,chief executive: 行政长官；董事长；美国总统；（美国的）州长 | in chief: 主要地，尤其；在首席地位 | chief editor: 总编辑
cool,/ kuːl /,almost cold; not warm or hot,adj. 凉的，凉爽的；（衣服布料）使人凉爽的 v. （使）冷却，（使）变凉；（感情）冷静下来，冷淡下来 adv. <非正式>冷静地，镇定地 n. 凉快，凉爽；平静，镇静 其他 【名】 （Cool）（英）库尔，（法）科尔（人名）,stay cool: 保持冷静 | so cool: 真酷 | cool down: 冷却；平静下来
expert,/ ˈekspɜːrt /,skillful person with special knowledge,n. 专家，能手，权威 adj. 专业的，熟练的 v. 当专家 其他 【名】 （Expert）（法、印、俄、罗、巴、荷）埃克斯佩（人名）,expert system: 专家系统 | expert in: 熟于；在…方面是行家 | expert at: 擅长
wave,/ weɪv /,to move your hand or arm to say hello or goodbye,v. 挥手；挥手示意 n. 海浪；大海（the waves）,shock wave: 冲击波 | tidal wave: 浪潮；海啸；潮汐波 | in waves: 波浪似的，似海浪般接踵而至地
south,/ saʊθ /,direction that is the opposite of north,n. 南，（罗盘的）南方；（某个地方、国家、区域的）南部 adj. 位于南方的，朝南的；（风）来自南方的 adv. 向南，朝南；去南方，在南方 v. 向南方，朝南；（天体）穿过子午线,south korea: 南韩 | south of: 在…之南 | in the south: 在南方
labor,/ ˈleɪbər /,to work hard (often physically) for many hours,n. 劳动；工作 vi. 劳动；努力 vt. 详细分析；使厌烦 n. （Labor）人名；（德、塞、法）拉博尔,labor force: 劳动力 | division of labor: 劳动力的分工 | labor productivity: 劳动生产率
surface,/ ˈsɜːrfɪs /,of the top layer; superficial,n. 表面；水面，地面 v. 浮出水面；（信息、情感或问题）显露，暴露，公开 adj. 表面上的，外表上的；表面的,on the surface: 在表面上，外表上 | surface treatment: 表面处理 | surface area: 表面面积；曲面面积
library,/ ˈlaɪbreri /,place where books and other media are kept,n. 图书馆，藏书楼；（书、激光唱片等的）私人收藏,digital library: 数字图书馆 | in the library: 在图书馆 | public library: 公共图书馆；公立图书馆
excellent,/ ˈeksələnt /,extremely good,adj. 极好的，卓越的 int. 太好了,excellent quality: 优良品质；优良质量 | excellent student: 优秀学生；优等生 | excellent leader: 优秀干部；优秀领导
edge,/ edʒ /,boundary of a surface,n. 边，边缘；锋，刃 v. 缓慢地移动；给……加边 其他 【名】 （Edge）（英）埃奇（人名）,on the edge of: adv. 几乎；濒于；在…边缘 | edge detection: 边缘检测 | on the edge: 在边缘上；坐立不安
camp,/ kæmp /,place where people live for a short time in tents,n. 营地；兵营，军营 v. 野营，露营；据守，坚守 adj. （尤指男子为引人注意而行为）忸怩作态的；（艺术或娱乐）滑稽可笑的，做作的 其他 【名】 （Camp）（英、美、加、法）康（人名）,training camp: 集训营 | summer camp: 夏令营 | concentration camp: 集中营
audience,/ ˈɔːdiəns /,"group of people listening, watch a play, movie, etc.",n. 观众，听众；读者,target audience: 目标受众；目标观众；目标客户 | audience rating: n. 收视率；视听率 | mass audience: 大众受众
lift,/ lɪft /,to move something to higher position,v. 提起，举起；抬起（身体某一部位） n. 电梯，升降机；免费搭车，搭便车,lift up: 举起；激励 | gas lift: 气举；气流提升 | lift force: 升力；举力
procedure,/ prəˈsiːdʒər /,usual or standard way in which something is done,n. 手续，步骤；（商业、法律或政治上的）程序,working procedure: 运行程序；办理手续 | criminal procedure: 刑事诉讼程序 | civil procedure: 民事诉讼；民事诉讼法；民事诉讼程序
email,/ ˈiːmeɪl /,"a system for sending messages electronically, especially from one computer to another using the internet",n. 电子邮件（通信方式）；电子邮件 v. 给（某人）发电子邮件 其他 【名】 （Email）（法）埃马伊（人名）,email address: 电子邮箱信箱
global,/ ˈɡləʊbl /,"concerning, affecting, or involving the entire world",adj. 全球的，全世界的；全面的，整体的,global economy: 全球经济 | global warming: 全球变暖 | global market: 全球市场
struggle,/ ˈstrʌɡ(ə)l /,to try very hard to do something difficult,v. 奋斗，努力；搏斗，扭打，挣扎脱身 n. 奋斗，斗争；难事,struggle for: 为…奋斗；为…争斗 | struggle against: 与…作斗争，和…斗争 | struggle with: 与…斗争
advertise,/ ˈædvərtaɪz /,"to show how good a product is, to make people buy",v. 为……做广告，登广告；公布，征聘,advertise for: 登广告征求（寻找）某物；登招请（待聘等）广告
select,/ sɪˈlekt /,"to choose from a group, something most suitable",v. 选择，挑选；（在计算机屏幕上）选定 adj. 精选的，优等的；高级的，奢华的 其他 【名】 （Select）（美、印）塞阿克特（人名）,select all: 全部选择 | select committee: 特别委员会（为某一特案组成的） | mode select: 方式选择；模态选择
surround,/ səˈraʊnd /,to be on every side of something,v. 围绕，环绕；（军队，警察等）包围 n. （物品的）边，饰边；周围的事物，环境,surround sound: 环绕立体声
extent,/ ɪkˈstent /,range or space included in something,n. 程度；范围，长度,some extent: 有几分，在某种程度上；在一定程度上 | a certain extent: 一定程度上 | the extent of: 在…的范围内；到…的程度
river,/ ˈrɪvər /,flowing water that runs from mountains to the sea,n. 河，江 n. （River）人名；（英）里弗,yangtze river: 长江 | pearl river: 珠江（位于中国南部） | yellow river: 黄河
annual,/ ˈænjuəl /,"happening once a year, or every year",adj. 一年一度的；年度的 n. 一年生植物；年刊，年鉴,annual meeting: 年会 | annual report: 年报，年度报告；年度决算；年度财务报告 | annual production: 年产量
fully,/ ˈfʊli /,completely or entirely,adv. 充分地，完全地，彻底地；（强调数量）整整，至少 其他 【名】 （Fully）（法）菲利（人名）,fully automatic: 全自动的 | fully integrated: 完全整合 | fully loaded: 满载
contrast,/ ˈkɑːntræst /,"to compare; to show clear, obvious differences",n. 差异，对比；对照物，明显不同的事物 v. 对比，对照；显出明显的差异，形成对比,in contrast: 与此相反；比较起来 | by contrast: 相比之下；与之相比 | contrast with: 与…形成对比；和…相对照
roll,/ roʊl /,to move along a surface by turning many times,v. （使）翻滚，滚动；（使）翻身，翻转 n. 卷，卷轴；卷状食品 其他 【名】 （Roll）（美、挪、加）罗尔（人名）,roll out: 铺开；滚出 | work roll: 工作辊 | roll in: 蜂拥而来；[口]有大量的（钱财等）；[美俚]就寝；到达
reality,/ riˈæləti /,"what is true, as opposed to what is imagined",n. 真实，现实；实际经历，见到的事物 adj. 真人秀节目的,in reality: 实际上；事实上 | virtual reality: 虚拟现实 | social reality: 社会现实；社会实体；社会实在
photograph,/ ˈfoʊtəɡræf /,a picture made with a camera that shows how things look in real life,n. 照片，相片 v. 拍照，照相；在照片上显出某种样子,aerial photograph: 航空照片；航摄像片 | take a photograph: v. 拍…的照片 | photograph album: 相册，影集
artist,/ ˈɑːrtɪst /,"a person who is skilled and creative in art, such as a painter",n. 艺术家，美术家；表演艺术家,graphic artist: 艺术家 | martial artist: 武术家 | make-up artist: 化妆师；舞台监督
conflict,/ ˈkɑːnflɪkt /,to have opposite ideas; to disagree; to not match,n. 争执，争论，分歧；战斗，战争 v. 冲突，抵触,in conflict with: 和…冲突 | conflict with: 冲突；与…抵触 | in conflict: 有矛盾；不一致
entire,/ ɪnˈtaɪər /,complete or full; with no part left out; whole,adj. 全部的，整个的；完全的，绝对的 n. 未经阉割的公马，种马 其他 【名】 （Entire）（英）恩泰尔（人名）,entire life: 总寿命 | on entire: (邮票)附贴在信封(或明信片、邮件包装纸等)上的 | entire agreement: 全部协议；完整合约
presence,/ ˈprez(ə)ns /,fact that someone or something is in a particular place,n. 出席，存在；<正式>（某人的）所在地方,in the presence of: 在…面前；有某人在场 | in presence of: 提示 | physical presence: 实体存在；实际存在
crowd,/ kraʊd /,large group of people together in one place,n. 人群；一伙人 v. 聚集，群集；靠近，盯着,a crowd of: 一大群；许多的 | crowd out: vt. 挤出；推开 | crowd into: 涌入；挤入
corner,/ ˈkɔːrnər /,"place where two lines, sides, corners, etc., meet",n. 角；嘴角，眼角 v. 将……逼入死角，使走投无路；硬要与某人说话 其他 【名】 （Corner）（法）科尔内，（英）科纳（人名）,in the corner: 在角落；在角落里；在拐角内 | english corner: 英语角 | around the corner: adv. 在拐角处；即将来临
gas,/ ɡæs /,"elements in our air, like oxygen or nitrogen",n. 气体；气体燃料 v. 用毒气杀死；闲聊，空谈 其他 【名】 （Gas）（法、德、西）加斯（人名）,natural gas: 天然气 | oil and gas: 油和天然气；油和煤气 | flue gas: 烟道气；废气
shift,/ ʃɪft /,to change in position or direction,v. （使）移动，（使）转移；（使）转换到（另一个人或另一事物） n. 改变，转变；轮班工作时间,phase shift: 相移 | frequency shift: 频移 | night shift: 夜班；夜班工人
net,/ net /,material made of string tied together and used to catch fish or other small animals,n. 网，网状物；因特网 adj. 净得的；净重的 v. 净赚，净得；设法获得，巧妙地做 adv. 净赚地 其他 【名】 （Net）（俄）内（人名）,on the net: 在网上 | net of: 扣除 | net profit: 净利润
category,/ ˈkætəɡɔːri /,groups of things that are similar in some way,n. 种类，范畴,product category: 产品类别；产品目录；积范畴 | first category: 第一纲 | category theory: 范畴论
secretary,/ ˈsekrəteri /,an employee who does general office work for another person in the office,n. 秘书；书记员，干事,secretary of state: n. （美）国务卿；（英）国务大臣；（美）州政府秘书长 | secretary general: 秘书长 | treasury secretary: 财政部长
defense,/ dɪˈfens /,process of protecting something from attack,n. 防御，保卫；防御物，防御能力,national defense: 国防 | air defense: n. 防空 | defense system: 防御体系
quick,/ kwɪk /,using very little time; moving far in little time,adj. 迅速的，快的；持续时间很短的，短暂的 adv. <非正式> 以很快的速度；<非正式>迅速发生地，很快发生地 n. （指甲下的）活肉（the quick）；<文>要害，核心（the quick） int. 快，快点 其他 【名】 （Quick）（美、英、加、德、印）奎克（人名）,quick response: 快速响应，快速反应 | to the quick: 触及要害；触及痛处 | quick profit: 暴利
cook,/ kʊk /,to heat food until it is ready to eat,n. 厨师，炊事员 v. 煮，烧；烹饪，烹调 其他 【名】 （Cook）（美）库克（人名）,cook food: 做饭 | cook dinner: 做饭；做晚饭 | cook up: 虚构，伪造
spread,/ spred /,to place something over or cover a large area,v. 展开，打开；张开，伸开（手臂、手指、腿） n. 扩散，蔓延；范围，幅度，种类 adj. 伸展的,spread oneself: ◎直挺挺地躺卧；平伸四肢 | spread out: 展开；铺开；伸张 | spread spectrum: 扩展频谱
nuclear,/ ˈnuːkliər /,concerning or involving the center of an atom,adj. 核子的，原子核的；核武器的,nuclear power: 核能；核动力 | nuclear power plant: 核电站；核能发电厂 | nuclear energy: n. 核能
scale,/ skeɪl /,a device that is used to weigh a person or thing,n. 规模，范围；等级，级别 v. 攀登，翻越；刮鳞 adj. （模型或复制品）按比例缩小的 其他 【名】 (Scale)（意）斯卡莱（人名）,large scale: adj. 大规模的；大型的 | on a large scale: 大规模地 | small scale: 小规模；小比例尺
driver,/ ˈdraɪvər /,someone who operates a vehicle,n. 司机，驾驶员；驱动程序 其他 【名】 （Driver）（英）德赖弗，（德）德里弗（人名）,taxi driver: 出租车司机；的士司机 | bus driver: 公交车司机 | device driver: 设备驱动程序
ball,/ bɔːl /,small round object often used in a game or sport,n. 球，球状物；球类运动 v. （使）成球状（或团块）；和（女人）发生性关系 其他 【名】 （Ball）（英、西）鲍尔，（法、德、俄、罗、捷）巴尔，（土）巴勒（人名）,ball mill: 球磨；[机]球磨机 | on the ball: adv. [口]机灵；留心；有见识；勤奋 | ball valve: 球阀，弹子阀；球形阀
cry,/ kraɪ /,to produce tears and sounds because of pain,v. 哭，哭泣；喊叫，呼喊 n. （表达强烈感情的）叫喊，叫声，哭声；大喊，大叫,cry for: 迫切需要；恳求；吵着要 | a far cry from: 与…有很大差别；完全不同；很长的距离或时间 | cry out: v. 大声呼喊；大声抱怨
introduction,/ ˌɪntrəˈdʌkʃ(ə)n /,making someone known to another by name,n. 初次投入使用，采用；介绍，引见,introduction of: 引进；引入 | brief introduction: 简介；简短介绍 | letter of introduction: 介绍信
requirement,/ rɪˈkwaɪərmənt /,something that is a necessity,n. 要求，必要条件；需要（要求）的事物,requirement for: 需要 | design requirement: 设计需求 | technical requirement: 技术要求；技术条件；技巧请求
north,/ nɔːrθ /,direction to your left when facing the rising sun,n. 北，北方；北部（地区） adj. 北方的，朝北的；（风）北方吹来的 adv. 向北，朝北；大于,north america: 北美洲 | north of: …的北边；在…以北 | north korea: n. 朝鲜；北韩
confirm,/ kənˈfɜːrm /,to provide evidence to establish the truth of,v. 确定，确认；证实，证明,confirm in: v. 使更坚定
senior,/ ˈsiːniər /,having higher status or authority than another person,adj. 年龄大些的；（用在家庭内姓名相同的人名后表示）老，年长的 n. 较年长的人；老年人，长者 其他 【名】 （Senior）（英）西尼尔（人名）,senior high: 高中 | senior high school: 高中 | senior management: 高级管理
photo,/ ˈfoʊtoʊ /,short for photograph; a picture taken by a camera,n. 照片 v. 拍照,photo album: 相册；相簿 | photo frame: 相框；照相架 | photo gallery: 图片库
refuse,/ rɪˈfjuːz /,to say that you will not accept something,v. 拒绝，回绝（做某事）；不接受，拒绝（别人给的东西） n. 垃圾，废弃物 adj. 废弃的,municipal refuse: 城市垃圾 | refuse to do: 拒绝做某事 | refuse treatment: 垃圾处理；废物处理
transport,/ ˈtrænspɔːrt /,to carry things from one place to another,n. 运输，运送；交通工具，运输方式 v. （用交通工具）运输，运送；（以自然方式）运输，传播,passenger transport: 客运 | public transport: 公交车 | transport system: 运输系统；传输系统
emerge,/ ɪˈmɜːrdʒ /,to rise or appear out of some background,v. 浮现，出现；显露，知悉,emerge from: 自…出现；从…显露出来 | emerge in endlessly: 层出不穷
map,/ mæp /,picture showing the geography of an area,n. 地图；分布图 v. 绘制……的地图；了解信息 其他 【名】 （Map）（美）马普（人名）,on the map: 在地图上；重要的；出名的 | road map: 公路图 | off the map: 不重要的；不存在的；不易到达的
concept,/ ˈkɑːnsept /,abstract idea of something or how it works,n. 概念，观念 adj. （围绕）某主题的；为表达一种想法而创造的 v. <非正式>想象，设想,new concept: 新概念 | basic concept: 基本概念；本义 | design concept: 设计理念；设计构思；设计原理
island,/ ˈaɪlənd /,area of land that is surrounded by water,n. 岛，岛屿；岛状物，孤立体 v. 使成岛（状），使孤立 其他 【名】 （Island）（英）艾兰（人名）,on the island: 在岛上 | hainan island: 海南岛 | rhode island: 美国罗德岛州
reform,/ rɪˈfɔːrm /,to improve society by removing abuse and injustices,v. 改革，革新；改邪归正，改造 n. 改革，改良 adj. 犹太教改革（仅保留犹太教部分的传统信条和习俗）（Reform）,curriculum reform: 课程改革 | educational reform: 教育改革 | reform and opening-up: 改革开放
neither,/ ˈniːðər /,not one or the other; not either; none of two things,det. 两者都不 pron. （两者中）无一个 conj. 既不……（也不……）；也不（用于否定句后，表示前句适用于所有提到的人或物） adv. （否定的陈述同样适用于其他人或物）也不；（否定的陈述适用于两方面）既不……也不…… adj. 两者都不的,neither one: 没有一个 | neither do i: 我也不 | me neither: 我也不
football,/ ˈfʊtbɔːl /,sport where 2 teams try to kick a ball in a goal; soccer,n. 足球运动；橄榄球运动,play football: 踢足球 | football match: 足球赛；足球比赛 | football team: 足球队
survive,/ sərˈvaɪv /,to continue to live despite illness or trouble,v. （经历事故、战争或疾病后）活下来，幸存；比……活得久，比……长寿,survive on: 靠…活下来；靠…生存
flight,/ flaɪt /,act of flying,n. 航班，班机；飞行 v. （足球、板球等）将（球）准确吊传；给（箭，镖）装羽毛（或箭翎） 其他 【名】 （Flight）（英）弗莱特（人名）,in flight: 在飞行中；飞行状态 | flight control: n. 飞行控制；飞行指挥 | space flight: 航天；宇宙飞行
left,/ left /,side of your body your heart is on,adj. 左边的；剩余的 adv. 左边的 n. 左侧，左方（the left）；左边的道路，左侧的通道 v. 离开（某人或某处）；抛弃，丢弃,on the left: 在左边 | left behind: 留下；遗留 | turn left: v. 向左转
solve,/ sɑːlv /,to find a way to deal with a problem,v. 解决，处理；解释，解答,
neighbor,/ ˈneɪbər /,"person who lives, or is near, you",n. 邻居 adj. 邻近的 vi. 友好；毗邻而居 vt. 邻接 n. （Neighbor）人名；（英）内伯,good neighbor: 好邻居；睦邻
background,/ ˈbækɡraʊnd /,"images, color, or information behind the main one",n. 出身背景，学历，经历；（事件或情况的）背景 adj. 背景的，事先的 v. 作……的背景,in the background: 在后面，在幕后 | cultural background: 文化背景 | educational background: 学历；教育背景；教育程度
technique,/ tekˈniːk /,way of doing by using special knowledge or skill,n. 技巧，工艺；（尤指体育或艺术方面的）技巧，技术,new technique: 新技术 | processing technique: 生产工艺；制造工艺 | control technique: 控制技术
traffic,/ ˈtræfɪk /,amount of activity over a communication system,n. 路上行驶的车辆，交通；（沿固定路线的）航行，行驶，飞行 v. （非法）进行……交易，做……买卖；在……通行,traffic accident: 交通事故 | traffic flow: 交通流量 | traffic safety: 交通安全；行车安全
improvement,/ ɪmˈpruːvmənt /,addition or change that makes something better,n. 改善；改进之处,improvement in: 好转；表示原物有改进 | continuous improvement: 持续改进；进取不懈 | quality improvement: 质量改进
tool,/ tuːl /,"device used to make things (e.g., a hammer or driver)",n. （尤指手用）工具；（完成工作或达到目标的）工具，手段 v. 驱车兜风，驾车到处跑；（用工具）制作，在（皮革，尤指书籍的皮革封面）上压印图案,machine tool: 机床 | cutting tool: 切削刀具；割削工具 | tool path: 刀具轨迹；刀位轨迹
consequence,/ ˈkɑːnsɪkwens /,outcome of an event; result,n. 结果，后果；重要性，价值,as a consequence: 因此，结果 | in consequence: 因此；结果 | as a consequence of: 因此；由于…的结果
circumstance,/ ˈsɜːrkəmstæns /,condition or fact that affects a situation,n. 条件，情况，环境；境况，经济状况 v. 处于某种情况,in the circumstances: 在这种情况下；既然这样 | under the circumstance: 在这种情况下 | in no circumstances: 决不
smoke,/ smoʊk /,to breathe in through a cigarette and then blow it out,n. （燃烧所产生的）烟，烟雾；吸烟，抽烟 v. 吸烟，吸毒品；（作为习惯）抽烟,like smoke: [俚语] | tobacco smoke: 烟草烟雾 | go up in smoke: 化为乌有；被烧光
reaction,/ riˈækʃ(ə)n /,feeling or action in response to something,n. 反应，回应；反应能力（reactions）,reaction time: 反应时间 | reaction temperature: 反应温度；适应温度 | chemical reaction: n. 化学反应
rain,/ reɪn /,drops of water that fall out of clouds in the sky,n. 雨，雨水；（热带地区的）雨季（the rains） v. 下雨；（使）大量降落，雨点般落下 其他 【名】 （Rain）（法）兰，（英）雷恩，（罗、捷）赖恩（人名）,heavy rain: 暴雨 | in the rain: 在雨中；冒雨 | acid rain: 酸雨
busy,/ ˈbɪzi /,working hard doing something; full of activity,adj. 繁忙的，忙碌的；热闹的 v. 使自己忙于 n. 警官，警察 其他 【名】 （Busy）（匈）布希，（法）比西（人名）,get busy: 忙碌；开始工作 | busy with: 忙于… | so busy: 如此繁忙
lesson,/ ˈles(ə)n /,a time or event where teaching and learning occur; class,n. 一节课，一课时；教学单元，（课本中的）课 vt. <古>给……上课；教训，训诫,learn a lesson: 受到教训 | lesson plan: 教学计划，教案 | teach a lesson: 给…一个教训
brain,/ breɪn /,part of the head that thinks and controls your body,n. 脑；<非正式>智力，智慧 v. <非正式>猛击……的头部 其他 【名】 （Brain）（英）布雷恩（人名）,human brain: 人脑 | brain injury: [医]脑损伤 | brain damage: 脑损伤
mass,/ mæs /,"a large amount of something, often of no particular shape",n. 团，块；大量，许多 adj. 民众的，大量的 v. （使）聚集，（使）集结,rock mass: 岩体；岩块，岩块体；岩石层 | mass transfer: 质量传递，传质；质量转移 | mass production: 大量生产
funny,/ ˈfʌni /,causing laughter; amusing,adj. 滑稽的，有趣的；古怪的，难以解释的 n. <美>（报纸上的）滑稽连环漫画；<非正式>笑话 adv. 古怪地，奇怪地,feel funny: [口语] | funny story: 幽默故事 | funny bone: 肘的尺骨端；幽默感
contribute,/ kənˈtrɪbjuːt /,give something of value to or help someone or something,v. 捐赠，捐助；（为……）做贡献,
failure,/ ˈfeɪljər /,act or result of not achieving your goals,n. 失败；失败的人（或企业、事物）,failure in: …的失败 | heart failure: n. 心力衰竭 | renal failure: 肾衰竭
schedule,/ ˈskedʒuːl /,to arrange a time to do something with others,n. 计划（表），进度表；<美>（公共汽车、火车等的）时间表 v. 安排，预定；列入，收进（正式目录、清单等中）,on schedule: adv. 按时；按照预定时间 | ahead of schedule: adv. 提前 | according to schedule: 按照预定计划
speaker,/ ˈspiːkər /,person who makes a speech before a group,n. 发言者，演讲者；说话者 其他 【名】 （Speaker）斯皮克（人名）,native speaker: 说母语的人，说本族语的人 | guest speaker: 特邀发言人，客席讲者；嘉宾演讲人 | speaker system: 扬声器系统
bottom,/ ˈbɑːtəm /,lowest part of something; part on which it rests,n. 底，底部；尽头，远端 adj. 底部的，最后的；最不重要的，最差的 v. （船）到达海底，触到海底；<澳新>钻探……直到矿物层 其他 【名】 （Bottom）（英）博顿（人名）,at the bottom: 在底部；在底端 | at the bottom of: 在…的底部 | from top to bottom: 完完全全，从头到脚
adopt,/ əˈdɑːpt /,to take on responsibility for something,v. 收养；采取，采纳，接受,adopt various methods: 采取不同办法
combine,/ kəmˈbaɪn /,to mix several things together to form one thing,v. （使）结合，组合；（使）化合 n. 联盟，联合体；联合收割机,combine with: vt. 与...结合 | combine harvester: 联合收割机
mountain,/ ˈmaʊnt(ə)n /,"very high piece of land, higher than a hill",n. 山，高山；许多，大量（a mountain/mountains of） 其他 【名】 （Mountain）（英）芒廷（人名）,mountain area: 山区 | high mountain: 高山；高山青 | mountain range: 山脉
waste,/ weɪst /,to use valuable things ineffectively,n. 浪费，滥用；废物，废弃物（同 wastes） v. 浪费，滥用；未能充分利用，没有物尽其用 adj. （通常指城市中的某地）荒芜的，荒废的；（材料、物质等）废弃的，无用的,waste water: 污水，废水 | solid waste: 固体废物，固态废物；固体废料，固体垃圾 | waste gas: 废气
hide,/ haɪd /,to put a thing where it can't be found; go where you won't be found,v. 把……藏起来，隐藏；躲藏，躲避 n. （可观察鸟兽行动的）隐匿处，埋伏处；兽皮,hide from: 隐瞒 | hide and seek: 捉迷藏 | cattle hide: 牛皮
marriage,/ ˈmærɪdʒ /,formal relationship between a husband and a wife,n. 结婚，婚姻；婚礼 其他 【名】 （Marriage）（英）马里奇（人名）,marriage law: 婚姻法 | happy marriage: 美满的婚姻 | marriage certificate: 结婚证书
ticket,/ ˈtɪkɪt /,piece of paper that lets you enter or use something,n. 票，入场券；（交通违章）通知单，罚款单 v. 售票；给（违章停车、超速行驶的人）开罚单,air ticket: 机票 | ticket price: 票价 | train ticket: 火车票，路票
meal,/ miːl /,"food for eating at a particular time (e.g., dinner)",n. 一餐，进餐（时间）；一餐所吃的食物 v. 进餐,have a meal: 吃饭 | soybean meal: n. 大豆粉；黄豆粉 | fish meal: （用作肥料或饲料的）鱼粉
colleague,/ ˈkɑːliːɡ /,someone who works with you; coworker,n. 同事，同僚,
bag,/ bæɡ /,soft container to put things in and carry with you,n. 袋，包；一袋的量 v. 把……装进袋子；抢占，占有,bags of: [俚语]许多的，充足的 | in the bag: 十拿九稳的；稳操胜券的 | plastic bag: 塑料袋；塑胶袋
repeat,/ rɪˈpiːt /,to say something again,v. 重复，重说；复述，跟读（尤指为学习） n. （事件的）重演，重现；重播节目,repeat oneself: 不自觉地重复 | and repeat: [美国英语]以及返程，打个来回 | repeat order: 再订购
equal,/ ˈiːkwəl /,"same in shape, size, or number",adj. （在数量、大小、程度、价值方面）相等的，相同的；平等的，同等的 v. （在大小、数字、数量上）等于；比得上，达到 n. 同等的人，相等物,is equal to: 等于 | equal opportunity: 机会均等 | other things being equal: 在其他条件都相同的情况下
expression,/ ɪkˈspreʃ(ə)n /,act of making your thoughts and feelings known,n. 表达，表示；表情，神情,gene expression: [化]基因表达；基因表现 | facial expression: 面部表情 | mathematical expression: 数学表达式
plus,/ plʌs /,having a value greater than zero,prep. 加；外加，而且 adj. （在数字后）多，余；略高于标准的 n. 加号，正号；（数字的）加法 conj. 而且；加上 其他 【名】 （Plus）（印、巴、法）普卢斯（人名）,plus one: (高尔夫球比赛中强者对弱者的)让一分，让一击 | plus or minus: 正负号；增减 | one plus one: 一加一
extremely,/ ɪkˈstriːmli /,in a way that is much more than usual or expected,adv. 极度，非常,extremely urgent: 迫在眉睫 | extremely useful: 非常有用 | extremely low frequency: 极低频
owner,/ ˈoʊnər /,person who owns or has something,n. 所有人，物主,copyright owner: 版权拥有人 | shop owner: 店主 | business owner: 企业主
plane,/ pleɪn /,an airplane,n. 飞机；（几何学中的）平面 adj. 平的，平坦的；二维平面的，二维空间的 v. 滑翔；擦着水面疾驶 其他 【名】 （Plane）（塞、瑞典、法）普拉内（人名）,by plane: 乘飞机 | plane wave: 平面波 | focal plane: 焦面，焦平面
commercial,/ kəˈmɜːrʃ(ə)l /,radio or television advertisement,adj. 商业的，商务的；商业化的，以获利为目的的 n. 电视广告，电台广告,commercial bank: 商业银行 | industrial and commercial bank: 工商银行 | commercial value: 市场价值；经济价值；出售价格
lady,/ ˈleɪdi /,another way of saying 'woman',n. （尤为表示礼貌或尊敬的指称）女士；淑女,old lady: n. 老妇人；[口]母亲 | first lady: 第一夫人；总统夫人 | young lady: n. 小姐；女士；未婚妻；女朋友
duty,/ ˈduːti /,work required by your job or position,n. 责任，义务；上班，值班 其他 【名】 （Duty）（英）迪蒂（人名）,on duty: 值班，上班 | heavy duty: 重型；重载；重税 | custom duty: 关税
strength,/ streŋθ /,being strong,n. 体力，力量；实力，影响力,tensile strength: 抗张强度 | actual strength: 实际强度 | compressive strength: 抗压强度；压缩强度
connect,/ kəˈnekt /,to join or attach things together,v. （使）连接；（使）相通,connect with: 连接；与…联系 | connect up: 连接，接上 | network connect: 网络连接
cultural,/ ˈkʌltʃərəl /,of a particular society's customs and beliefs,adj. 文化的，与文化有关的；艺术的，文艺的,cultural heritage: 文化遗产 | cultural background: 文化背景 | cultural exchange: 文化交流
arrange,/ əˈreɪndʒ /,to put things into a particular order; to plan and organize an event,v. 安排，筹备；整理，布置，排列,arrange for: 安排；为…做准备
scheme,/ skiːm /,often dishonest plan to get or do something,n. <英>（政府或其他组织的）计划，方案；（用于组织或整理信息的）系统，体系 v. 密谋，策划；<南非，非正式>认为，猜想 其他 【名】 （Scheme）（瑞典）谢默（人名）,design scheme: 设计方案 | scheme design: [经]初步设计 | color scheme: 配色方案，色彩设计
payment,/ ˈpeɪmənt /,amount of money that is paid for something,n. 支付款项，支付额；付款，支付,terms of payment: 付款条件 | payment system: 支付系统；付酬制度 | tax payment: 纳税；完税
unfortunately,/ ʌnˈfɔːrtʃənətli /,in a way that is to be regretted; unluckily,adv. 不幸地，遗憾地；<正式>不恰当地，不合适地,
brief,/ briːf /,short; using few words,adj. 短暂的；简短的 v. 给……指示，向……介绍情况；<英>向（辩护律师）提供案情摘要 n. 指示，任务简介；摘要，概要 其他 【名】 （Brief）（英）布里夫（人名）,in brief: 简言之 | brief introduction: 简介；简短介绍 | brief description: 简要说明；简介
bird,/ bɜːrd /,animal with feathers that uses wings to fly,其他 名词 n. 鸟；年轻女子，姑娘 其他 【名】 （Bird）（英、西）伯德（人名）,bird flu: n. 禽流感 | like a bird: 轻快地；敏捷地 | early bird: 早起者；早到者
demonstrate,/ ˈdemənstreɪt /,"to show how something works (e.g., product)",v. 证明；示范，演示,
contribution,/ ˌkɑːntrɪˈbjuːʃ(ə)n /,"helping a cause by giving money, things, services",n. 贡献，促成作用；捐款，捐助,make contribution: 贡献 | make a contribution to: 捐赠，贡献给；为…做出贡献 | capital contribution: 资本认购；资本摊缴
appreciate,/ əˈpriːʃieɪt /,to be thankful for; to value or admire,v. 欣赏，鉴赏；理解，明白,
chapter,/ ˈtʃæptər /,one of the main sections of a book,n. 章，回，篇；阶段，时期 v. 把……分成章节,chapter one: 第一章 | chapter house: 牧师会礼堂；（美）大学生联谊会分会所 | a chapter of accidents: 接踵而来的灾祸；一连串未预料到的事情
secret,/ ˈsiːkrət /,something that you don't want others to know; private,adj. 秘密的，保密的；（感情、担心、行动）不公开的，暗自的 n. 秘密，内情；神秘，奥秘 其他 【名】 （Secret）（法）塞克雷（人名）,in secret: 秘密地；私下地 | secret of success: n. 成功的秘诀 | keep a secret: 保守秘密
apparently,/ əˈpærəntli /,according to what you heard; from what can be seen,adv. 据说，显然；似乎，好像,
novel,/ ˈnɑːv(ə)l /,written fiction story,n. （长篇）小说 adj. 新颖的，珍奇的 其他 【名】 （Novel）（英、法、西）诺韦尔（人名）,historical novel: 历史小说 | gothic novel: 哥特小说；哥特式小说 | river novel: 长篇小说
union,/ ˈjuːniən /,organization of people or groups who have a similar interest or particular goal,n. 工会；联邦，联盟,european union: 欧洲联盟，欧盟 | soviet union: 前苏联（1922-1991，首都莫斯科Moscow，位于欧、亚洲） | trade union: 工会
burn,/ bɜːrn /,to destroy with fire,v. 燃烧，消耗；烧坏，烧毁，烧焦 n. 灼伤，烧伤，烧痕；肌肉酸痛感 其他 【名】 （Burn）（英）伯恩（人名）,burn out: 烧坏；烧尽；不再热衷 | burn down: 烧毁，火力减弱 | burn in: 留下不可磨灭的印象
trend,/ trend /,"general direction of developing, proceeding",n. 趋势，动态；时尚，风尚 v. <美>趋向，倾向；（尤指地理特征的）走向,market trend: 市场趋势；市场趋向 | general trend: 一般趋势 | trend analysis: 趋势分析
initial,/ ɪˈnɪʃ(ə)l /,existing or occurring at the beginning,adj. 开始的，最初的；（字母）位于词首的 n. （姓名的）首字母 v. 用姓名的首字母作标记（或签名）于,initial stage: 原始期 | initial value: 初始值；原始价值；基础资料 | initial period: 初始期
pleasure,/ ˈpleʒər /,"feeling of happiness, enjoyment, or satisfaction",n. 快乐，满足，欣慰；乐事，趣事 adj. 游乐的，非公务的 v. 从……中获得乐趣；（使）高兴,with pleasure: 愉快地；乐意地；愿意 | for pleasure: 为了消遣；为了取乐 | have the pleasure of: 有…的荣幸
suggestion,/ səˈdʒestʃən; səɡˈdʒestʃən /,idea about what someone should do,n. 建议，意见；提议,make a suggestion: 提出建议 | suggestion box: n. 意见箱 | at the suggestion of: 在…的建议下
critical,/ ˈkrɪtɪk(ə)l /,being important or serious; vital; dangerous,adj. 批判的，爱挑剔的；极其重要的，关键的,critical point: 临界点 | critical thinking: 批判性思维，批判性的思考；批判思考能力，判断思维 | critical factor: 关键因素；临界因素
gather,/ ˈɡæðər /,to bring people/animals together into a group,其他 vt.&vi. 聚集，召集；收集，采集 其他 【名】 （Gather）（德）加特（人名）,gather together: 集合在一起，聚合 | gather in: 收集；尽量收集进来 | gather information: 搜集信息
mostly,/ ˈmoʊstli /,in large part; mainly or chiefly,adv. 多半，主要地；几乎全部，几乎所有,
earth,/ ɜːrθ /,planet we live on,n. 地球，世界；陆地，地面 v. 把（电线）接地；用土掩盖,on earth: 究竟，究竟 | of the earth: 俗气的；粗野的 | rare earth: 稀土元素的氧化物
pop,/ pɑːp /,to cause something to open or burst suddenly,adj. 流行音乐的；通俗的，大众的 n. 流行音乐；砰的响声 v. （使）砰地爆开，砰地脱落；迅速去，短暂逗留 adv. 砰的响声（go pop） abbr. 邮局协议 （post office protocol）；人口 （population） 其他 【名】 （Pop）（罗）波普（人名）,pop music: 流行音乐 | in pop: [俚语]被抵押着，在当铺里 | pop star: 歌星；流行歌手
essential,/ ɪˈsenʃ(ə)l /,extremely important and necessary,adj. 必不可少的，非常重要的；基本的，精髓的 n. 必不可少的东西，必需品；要素，本质,essential oil: 香精油，精油 | essential condition: 必要条件 | essential hypertension: 原发性高血压；特发性高血压
desire,/ dɪˈzaɪər /,"to wish for, hope, or want something",n. 愿望，欲望，渴望；情欲，性欲 v. 渴望，想望；<正式>要求，请求 其他 【名】 （Desire）（英、刚）德西雷（人名）,desire for: 渴望 | sexual desire: 性欲 | a burning desire: 强烈的愿望
promote,/ prəˈmoʊt /,to try to encourage the popularity and sales of a product,v. 促进，提倡；升职，晋升,promote sales: 促销；推销商品 | promote reform: 促进改革 | promote cooperation: 促进合作
currently,/ ˈkɜːrəntli /,happening or being in the present time,adv. 现时，当前,
employ,/ ɪmˈplɔɪ /,to pay a person to work for you; to give a job to,v. 雇用；使用，利用 n. 受雇（in the employ of）,employ in: 被…雇佣；受聘于 | in the employ of: adv. 受雇于
path,/ pæθ /,track made with stones/by walking over the ground,n. 小径，小道；（开出的）通道,shortest path: 最短路径 | new path: 新路 | tool path: 刀具轨迹；刀位轨迹
topic,/ ˈtɑːpɪk /,matter people talk or write about,n. 题目，主题；一般规则，总论,hot topic: 热门话题；新锐 | special topic: 专题 | topic for discussion: 议题
beach,/ biːtʃ /,"large area of sand, next to an area of water",n. 海滩，海滨 v. 把（船）拖上岸；搁浅 其他 【名】 （Beach）（英）比奇（人名）,on the beach: adj. 在海滩上；失业的；潦倒的；退休的 | at the beach: 在海边；在海滩上 | beach volleyball: 沙滩排球，排球
attract,/ əˈtrækt /,to make someone notice and become interested in,v. 吸引；（物体间）产生引力,attract foreign investment: 吸引外商投资；对外招商 | attract investment: 招商，招商引资
engage,/ ɪnˈɡeɪdʒ /,"to carry out, participate in; be involved in",v. 雇用，聘请；参加，从事,engage in: 从事于（参加） | engage with: 交战；与…接洽 | engage on: 从事；开始
powerful,/ ˈpaʊərf(ə)l /,having control or influence over,adj. （人，组织，国家）强大的，有影响力的；大功率的，高效能的 adv. 非常，很,powerful force: 劲旅；强大的势力 | powerful drug: 剧药；强效药；特效药 | powerful machine: 强力电机
flower,/ ˈflaʊər /,"plant with a pretty head (e.g., a rose)",n. 花，开花植物；精华，最好的部分 v. 开花；繁荣，兴旺 其他 【名】 （Flower）（英）弗劳尔（人名）,wild flower: 野花 | in flower: 开着花 | flower bud: 花芽，花蕾
crisis,/ ˈkraɪsɪs /,unstable situation of extreme danger or difficulty,n. 危机，紧要关头；决定性时刻，关键时刻 adj. 用于处理危机的,financial crisis: 金融危机；财政危机 | economic crisis: 经济危机 | crisis management: 危机管理，处理危急的办法
settle,/ ˈset(ə)l /,to move to a new environment and become accustomed to it,v. 解决，结束（争端等）；确定，决定 n. 高背扶手木长椅 其他 【名】 （Settle）（英）塞特尔（人名）,settle down: 定居；安定下来；专心于 | settle in: v. 迁入 | settle for: 满足于
boat,/ boʊt /,small form of transport for traveling on water,n. 小船；轮船 vi. 划船,
aid,/ eɪd /,to provide things useful or needed by others,n. 帮助；援助，救助 v. 帮助，援助；促进，有助于 其他 【名】 （Aid）（英、阿拉伯、印）艾德（人名）,with the aid of: 在…的帮助下，在…援助下 | give aid to: 给…予帮助 | first aid: 急救；急救护理
fan,/ fæn /,thing you wave in front of your face to stay cool,n. 风扇，扇子；粉丝，狂热爱好者 v. 扇，为……扇风；煽（火） 其他 【名】 （Fan）（美、法、俄）法恩（人名）,fan in: n. 扇入端数 | cooling fan: 冷却风扇 | alluvial fan: 冲积扇；扇形地；扇状地
kitchen,/ ˈkɪtʃɪn /,place where food is cooked,n. 厨房；一套厨具 其他 【名】 （Kitchen）（英）基钦（人名）,kitchen table: 餐桌；案桌；厨房台 | kitchen knife: 菜刀，厨刀；厨房刀 | kitchen cabinet: n. 政府首脑的参谋团；厨房的餐具柜
twice,/ twaɪs /,two times,adv. 两次；两倍，强（或好、难）的多,twice a week: 每周两次 | think twice: 再三考虑；重新考虑 | think twice about something: 三思而后再决定做某事
fresh,/ freʃ /,newly made or gathered,adj. 新鲜的；新近的，刚经历的 adv. 刚刚，新近地,fresh air: 新鲜空气 | fresh water: 湖水，淡水 | fresh fruit: 鲜果，水果拼盘
delay,/ dɪˈleɪ /,to cause something to happen later than planned or expected,v. 推迟，延期；延误，耽搁 n. 延期，推迟；延误，耽搁 其他 【名】 （Delay）（美）德莱（人名）,without delay: 立即；毫不迟延地 | time delay: 延时，延迟 | delay time: 延迟时间，推迟时间
safety,/ ˈseɪfti /,state of being free from harm or danger,n. 安全；安全性 adj. （特征、措施）保障安全的,safety management: 安全管理 | in safety: 安全地；平安地；处于安全地区 | traffic safety: 交通安全；行车安全
engineer,/ ˌendʒɪˈnɪr /,"professional who designs and builds machines, roads, and other complicated structures",n. 工程师，设计师；（航班）机械师，（轮船）轮机长 v. 设计，建造；策划，精心安排,senior engineer: [计]高级工程师 | chief engineer: 总工程师；[船]轮机长；主任工程师；总技师 | software engineer: 软件工程师
quiet,/ ˈkwaɪət /,not loud; making very little sound,adj. 轻声的，安静的；不出声的 n. 安静，静谧 v. <美>（使）平静，安静；<美>消除，减轻（恐惧），平息（抱怨）,keep quiet: 保持安静 | in quiet: 安定地；平静地 | peace and quiet: 安静；宁静
insurance,/ ɪnˈʃʊrəns /,payments to cover potential loss/damage/injury/death,n. 保险；保险费,insurance company: 保险公司 | medical insurance: 医疗保险 | health insurance: 健康保险
nurse,/ nɜːrs /,person trained to care for sick or injured people,n. 护士；<旧>保姆，奶妈 v. 看护，照料；细心打理 其他 【名】 （Nurse）（美、爱）纳斯（人名）,head nurse: 护士长 | at nurse: ◎(孩子)由别人照看(或抚养) | wet nurse: n. 奶妈；乳母
divide,/ dɪˈvaɪd /,to separate something into equal pieces,v. （使）分开，分散；分配，分担 n. 差异，分歧；（两事物间的）界限,divide into: 把……分成 | digital divide: 数字鸿沟 | divide the work: 分工
length,/ leŋkθ; leŋθ /,measurement of distance or of time,n. 长，长度；（持续）时间的长短,in length: 长度 | at length: 最后，终于；详细地 | length of time: 持续时间，时限
investigation,/ ɪnˌvestɪˈɡeɪʃ(ə)n /,search for information about something,n. 调查，审查；科学研究，学术研究,on-the-spot investigation: 实地考察 | field investigation: 现场调查；现场试验 | experimental investigation: 试验研究
package,/ ˈpækɪdʒ /,box or container in which items are placed for mailing,n. 包裹；<美>（包装食物等的）盒，包 v. 把……打包，把……装箱（以便出售）；包装（产品或想法等）,software package: [计]软件包；[计]程序包 | stimulus package: 刺激计划 | package design: 包装设计
somewhere,/ ˈsʌmwer /,at or to an unknown or unnamed place,adv. 在某处；到某处 n. 某个地方,somewhere else: 别的地方；某个时空 | or somewhere: 或在别的(什么)地方；或到别的(什么)地方 | somewhere around: n. 大约
expand,/ ɪkˈspænd /,to become bigger or larger in size and amount,v. 扩大，增加；扩展，发展,expand market: 开拓市场 | expand into: 扩大为 | expand domestic demand: 扩大内需
commit,/ kəˈmɪt /,"to do something bad, usually a crime",v. 犯（罪、错）；调拨，投入,commit oneself: 承诺，答应负责 | commit suicide: 自杀 | commit a crime: 犯罪；犯下罪行
obvious,/ ˈɑːbviəs /,easily understood and clear; plain to see,adj. 明显的，显然的；明确表示的，毫不掩饰的,
jump,/ dʒʌmp /,to push your body into the air with your legs,v. 跳，跃；跨越 n. 跳，跃；惊跳 其他 【名】 （Jump）（美）江普（人名）,jump in: v. 投入 | jump out: 跳出 | jump over: v. 跳过
weapon,/ ˈwepən /,something that is used for fighting,n. 武器，兵器，凶器；（用于应付困境的）工具，手段 v. 武装，装备,nuclear weapon: 核武器 | secret weapon: 秘密武器 | lethal weapon: 致命凶器
relatively,/ ˈrelətɪvli /,in a manner that measures or compares something to something else,adv. 相当地，相对地,
host,/ hoʊst /,person who entertains guests,n. 主人；主持人 v. 主办，做……的东道主；做节目主持人,a host of: 许多，一大群；众多，大量 | host country: 东道国；主办国；所在国 | host city: n. 主办城市；举办城市
winter,/ ˈwɪntər /,coldest season of the year,n. 冬季，（天文）从冬至点到春分点的期间；<文>年，岁 adj. 冬天的，冬天出现的；用于冬天的 v. （在某处）过冬，越冬；使度过冬季 其他 【名】 （Winter）（英、德、西、法）温特（人名）,in winter: 在冬天；在冬季 | cold winter: 寒冷的冬天 | winter wheat: 冬小麦
district,/ ˈdɪstrɪkt /,"area of a country, city, or town",n. 地区，区域；行政区，辖区 v. <美>把……划分成区,business district: 商务区 | urban district: 市区 | district government: 地区政府
broad,/ brɔːd /,wide; from the shorter two sides to the other,adj. 宽广的，宽阔的；……宽 n. <美>对女人的粗俗称呼；宽阔部分 adv. 宽阔地 其他 【名】 （Broad）（英、德）布罗德（人名）,broad market: 广阔的市场；大量交易额；交易活跃的市场 | broad spectrum: [医]广谱 | broad band: 宽带
tire,/ ˈtaɪər /,lose energy and feel that you need to rest,v. （使）感到累，（使）感到疲劳；厌倦，厌烦 n. <美>轮胎（同 tyre）；头饰,tire of: 厌倦；厌烦 | radial tire: （汽）辐射轮胎 | flat tire: 没精打采；漏了气的车胎
spring,/ sprɪŋ /,time of year when plants start growing after winter,n. 春天，春季；泉，泉水 adj. 春天的 v. 跳，跃；突然弹开，突然移动 其他 【名】 （Spring）（美、瑞、英、加、德）斯普林（人名）,spring festival: 春节（中国农历正月初一） | in spring: 在春天 | spring and autumn: 春秋
spirit,/ ˈspɪrɪt /,part of a person that is not physical and believed to be the source of human emotions and character,n. 精神，心灵；情绪，心境 v. 偷偷带走，秘密弄走；鼓励，鼓舞,team spirit: n. 团队精神；合作精神 | holy spirit: [宗]圣灵（等于Holy Ghost） | in the spirit of: 本着…的精神
lunch,/ lʌntʃ /,light meal eaten in the middle of the day,n. 午餐，午饭 v. <正式>（尤指在餐馆）用午餐；请（人）吃午餐,have lunch: 吃午饭，吃午餐 | after lunch: 午饭后 | lunch time: 午饭时间
actual,/ ˈæktʃuəl /,"real or existing in fact, not imagined; real",adj. 真实的，实际的，现实的；（用于对比主次方面）真正的,actual situation: 实际情况 | actual strength: 实际强度 | actual condition: 实际情况；实际状况
pool,/ puːl /,large container or hole that is filled with water and used for people to swim in,n. 游泳池；池塘，水坑 v. 集中（资源、钱财等）以备共用；积水成洼 其他 【名】 （Pool）（英、西）普尔，（芬、德）波尔（人名）,swimming pool: 游泳池 | molten pool: 熔池 | oil pool: 油池
battle,/ ˈbæt(ə)l /,military fight between armies,n. 战役，战争；争论，斗争 v. 与……作战，和……斗争；搏斗，奋斗 其他 【名】 （Battle）（英）巴特尔，（法）巴特勒，（西）巴特莱（人名）,in battle: 在战斗中；在战争中 | half the battle: 有助于成功的条件；成功一半 | battle with: 与…战斗
tradition,/ trəˈdɪʃ(ə)n /,"way of thinking, and behaving that was used for a long time",n. 传统，惯例；传统故事，传说，传统信仰,cultural tradition: 文化传统 | by tradition: 照传统；根据口传 | oral tradition: 口头传统；口传；口传
cash,/ kæʃ /,physical money (not credit card or digital),n. 现款，现金；金钱，资金 v. 兑现（支票）；支付现款 其他 【名】 （Cash）（英）卡什（人名）,cash flow: 资金流动 | in cash: 用现金，有现款 | cash in: 兑现；收到……货款
hardly,/ ˈhɑːrdli /,clearly or undoubtedly not; very little,adv. 几乎不，几乎没有；刚刚，才,hardly any: 几乎没有 | hardly ever: 几乎不；几乎从来不 | hardly more than: 不足；仅仅
award,/ əˈwɔːrd /,to give a prize for doing something well,n. 奖，奖品；（收入的）增加 v. 授予，颁发；判给，裁定 其他 【名】 （Award）（美）艾华尔德（人名）,academy award: 奥斯卡金像奖；学院奖（美国电影艺术科学院颁发的年度奖项） | award ceremony: 颁奖仪式，颁奖典礼 | arbitral award: 仲裁裁决；公断书
coach,/ koʊtʃ /,"person who teaches others how to do (sport, job) ",n. 教练；私人教师 v. 训练，指导；（尤指私人）辅导 adv. <美>乘（飞机、火车的）经济舱地,head coach: 主教练；总教练 | assistant coach: 助理教练
experiment,/ ɪkˈsperɪmənt /,test performed to assess new ideas or theories,n. 实验，试验；尝试，实践 v. 进行实验，做试验；试，尝试,experiment on: vt. 对…进行实验；试用 | simulation experiment: 仿真实验；模拟实验 | orthogonal experiment: 正交试验
consideration,/ kənˌsɪdəˈreɪʃ(ə)n /,careful thought; thinking about something,n. 考虑，斟酌；考虑因素,consideration of: 考虑 | in consideration: 考虑到…，鉴于… | in consideration of: 考虑到，鉴于；作为对…的酬报
strange,/ streɪndʒ /,unusual or odd; surprising because unexpected,adj. 奇怪的，不寻常的；陌生的，不熟悉的 adv. 奇怪地，不寻常地 其他 【名】 （Strange）（英）斯特兰奇，（瑞典、塞）斯特朗格（人名）,feel strange: 感到不舒服 | strange to say: 说来奇怪 | look strange: ◎显得奇怪，显得不寻常
code,/ koʊd /,a password made of a set of letters or numbers,n. 密码，暗码；（邮政）编码，（电话）区号 v. 把……编码（或编号）；把……译成密码 其他 【名】 （Code）（英、法、西）科德（人名）,source code: 源代码；源程序 | bar code: 条形码；电脑条码 | code of conduct: 行为准则；规范
possibly,/ ˈpɑːsəbli /,"may be true or likely, but is uncertain",adv. 可能，或许；（用于强调惊讶或震惊）怎么，究竟,
threat,/ θret /,warning of probable trouble,n. 威胁，恐吓；构成威胁的人（或事物）,pose a threat: 构成威胁；形成一种威胁 | security threat: 保安巡逻，对安全的威胁；安全感胁 | triple threat: （美）三面手
accident,/ ˈæksɪdənt /,"sudden unplanned event causing damage, injury, etc.",n. 交通事故，车祸；（不幸的）意外遭遇，不测事件,traffic accident: 交通事故 | by accident: 偶然；意外地 | car accident: 车祸；交通事故
impossible,/ ɪmˈpɑːsəb(ə)l /,very unlikely to happen or exist,adj. 不可能的，办不到的；（境况）极其艰难的 n. 不可能的事（the impossible）,nothing is impossible: 没有什么不可能 | mission impossible: 不可能的任务，棘手的任务 | impossible dream: 不可能实现的梦；不可能的梦想
revenue,/ ˈrevənuː /,money that is made by or paid to a business,n. （企业、组织的）收入，收益；（政府的）税收,tax revenue: 税收；赋税收入 | sales revenue: 产品销售收入 | revenue and expenditure: 收支
enable,/ ɪˈneɪb(ə)l /,to make it possible to do something,v. 使能够，使可能；激活，启动,
afraid,/ əˈfreɪd /,worried that something bad will happen; scared,adj. 害怕的；担心的,afraid of: 害怕 | i'm afraid: 我害怕；恐怕
active,/ ˈæktɪv /,moving around a lot or doing many things,adj. 好动的；积极主动的 n. 主动语态,active in: 积极于 | active role: 积极任务；活跃角色 | active part: 积极的作用；能动部分，主动部分
conclude,/ kənˈkluːd /,to stop or finish; to come to the end of something,v. 断定，推断出；结束，终止,conclude with: 以…结束 | conclude a contract: 订立合同 | conclude an agreement: 达成协议
religious,/ rɪˈlɪdʒəs /,concerning religion or faith,adj. 宗教的，与宗教相关的；笃信宗教的，虔诚的 n. 修士，修女,religious belief: 宗教信仰 | religious culture: 宗教文化 | religious education: 宗教教育
cancer,/ ˈkænsər /,any growth caused by abnormal cell division,n. 癌症；痼疾，社会恶习,breast cancer: 乳腺癌 | lung cancer: 肺癌 | liver cancer: 肝癌
convince,/ kənˈvɪns /,"to persuade someone, or make them feel sure",v. 使确信，使信服；说服，劝服,
vary,/ ˈveri /,"to be changeable, both up and down",v. （使）不同，（使）呈现差异；（根据情况而）变化，改变 其他 【名】 （Vary）（英、法、罗、柬）瓦里（人名）,vary with: 随…而变化 | vary from: 不同 | vary in: 在……方面变化；在……方面有差异
environmental,/ ɪnˌvaɪrənˈment(ə)l /,of the natural world in which plants and animals live,adj. 自然环境的，生态环境的；环保的，生态环境保护的,environmental protection: 环境保护 | environmental pollution: n. 环境污染 | environmental impact: 环境冲击，环境影响
sun,/ sʌn /,the hot shining star the earth moves around,n. 太阳（the sun）；日光，阳光 v. 晒太阳，（尤指）日光浴 其他 【名】 （Sun）（中）孙（普通话·威妥玛），（柬）孙，（缅）素，（土）松（人名）,in the sun: 在阳光下，无忧无虑 | under the sun: 天下；究竟 | with the sun: 朝着太阳转动的方向，顺时针方向
healthy,/ ˈhelθi /,in good condition physically (or financially); not ill or bad,adj. 健康的，健壮的；有益身心的,healthy life: 健康人生 | healthy food: 有益健康的食物 | keep healthy: 保持健康
blow,/ bloʊ /,to move something using air,v. （风）刮，吹；（用嘴）吹气 n. 大风，强风；吹气，擤鼻子,blow to something: [口语]款待，请(客)；对待(某事物) | blow up: 爆发，爆炸；放大；使充气 | blow molding: 吹塑，吹塑法
volume,/ ˈvɑːljəm /,"level of sound produced by an object, such as a radio or television",n. 体积，容积；总数，总量 adj. 大量的 v. 以卷的形式发出；成团卷起,sales volume: 销售量 | volume fraction: 体积分率，体积分数；容积率 | traffic volume: 交通量
location,/ loʊˈkeɪʃ(ə)n /,particular position or area,n. 地点，位置；（电影的）外景拍摄地,fault location: 故障定位 | strategic location: 战略位置；关键部分 | on location: 出外景；现场拍摄
invest,/ ɪnˈvest /,to use resources to build for the future,v. 投资；投入（时间或精力）,invest in: v. 投资于；[口]买进；寄希望于 | invest with: 授予
proceed,/ proʊˈsiːd /,to continue to do something; carry on,v. 开始行动，开展；<正式>继续做（或从事、进行） n. （某个事件或活动的）收入，收益,proceed with: 继续进行 | proceed from: 从...出发 | proceed against: 起诉；控诉；提起诉讼
wash,/ wɑːʃ /,to clean someone or something with soap and water,v. 清洗，洗涤；洗澡，（用水和肥皂）洗（身体的某部分） n. 洗涤；正在洗的衣物，将要洗的衣物 其他 【名】 （Wash）（美）瓦什（人名）,wash oneself: 洗澡；自己洗漱 | wash away: 冲走；洗掉；忘却 | wash out: 淘汰；洗净；破产
actor,/ ˈæktər /,"person who acts in the theater, movies, or tv",n. 演员；像在演戏的人,best actor: 最佳男主角；最佳男演员 | leading actor: 主角，主要演员 | supporting actor: 最佳男配角
glad,/ ɡlæd /,happy that something happened; pleased,adj. 高兴的；感激的 v. <古>取悦，使高兴 n. <非正式>唐菖蒲属植物，唐菖蒲 其他 【名】 （Glad） （英）格莱德，（塞、瑞典）格拉德，（法、挪）格拉（人名）,glad to meet you: 见到你很高兴 | glad to see you: 见到你很高兴 | glad of: 对……感到高兴
tape,/ teɪp /,to stick things together using an adhesive strip,n. 磁带，录音带；录了音的盒式磁带，录了像的盒式磁带 v. （用磁带）录音，录像；用胶带粘贴 其他 【名】 （Tape）泰普（人名）,adhesive tape: 胶布 | tape recorder: 磁带录音机 | on the tape: 行情显示
whereas,/ ˌwerˈæz /,taking into consideration the fact that,conj. （表示对比）但是，然而；鉴于（用于文件的开头） n. 序言，开场白；条件语句,
opposite,/ ˈɑːpəzɪt /,across from or on the side facing something,adj. 完全相反的，截然不同的；相反的，另一边的 n. 对立的人（或物），对立面；反义词 adv. 在对面，在对过 prep. 在……对面，与……相对；与……合演，与……联袂演出,opposite direction: 相反方向；敌对方向 | opposite sex: 异性 | just the opposite: 正好相反，恰巧相反
stone,/ stoʊn /,"hard, solid piece of rock",n. 石头，石料；石块 v. 向……扔石头；去核 adj. 石的，石制的 adv. 完全地，全部地 其他 【名】 （Stone）（捷）斯托内，（瑞典）斯托内，（英）斯通（人名）,leave no stone unturned: 千方百计 | natural stone: 天然石；天然石材；天然宝石 | stone age: 石器时代
sum,/ sʌm; səm /,amount when all is added together; total,n. 金额，款项；算术，简单计算 v. 概括，总结；求……的和，计算……的总数 其他 【名】 （Sum）（英）萨姆，（柬）孙，（俄、德、捷）苏姆，（越）森（人名）,sum up: 总结；概述；计算…的总数 | in sum: 总而言之；大体上 | sum of money: 款项
murder,/ ˈmɜːrdər /,crime of deliberately killing a person,n. 谋杀，凶杀；<非正式>困难的事，讨厌的事 v. 谋杀，凶杀；糟蹋，毁坏,mass murder: 大屠杀；大规模的谋杀；集体屠杀 | attempted murder: 谋杀未遂 | commit murder: 谋杀
monitor,/ ˈmɑːnɪtər /,electronic screen on which you can see images,n. 显示器，监控器；监视仪，监护仪 v. 监视；监听（外国广播或电话）,monitor system: 监控系统；执行系统 | computer monitor: 电脑显示器 | remote monitor: 遥控监视器；远距离监控装置
soldier,/ ˈsoʊldʒər /,person who is in the military,n. 士兵，军人；（昆） 兵蚁 v. 当兵；坚持不懈，迎难而上（~ on）,soldier on: 继续服役；坚持着干；迎着困难干 | unknown soldier: （美）阵亡的无名英雄 | dead soldiers: [美国俚语]空酒瓶
finance,/ ˈfaɪnæns /,control of money a person/business has access to,n. 财政，金融；资金，财源 v. 提供资金；贷款购买，赊购 其他 【名】 （Finance）（法）菲南斯（人名）,ministry of finance: 财政部 | public finance: 财政学 | international finance: 国际金融
hate,/ heɪt /,to have a very strong feeling of dislike for,v. 厌恶，不喜欢；仇恨，憎恨 n. 憎恶，憎恨；<非正式> 所憎恶的人（或事物） 其他 【名】 （Hate）（法）阿特（人名）,hate doing: 不喜欢做某事；讨厌做某事；与生俱来厌恶 | hate crime: n. 仇恨犯罪；憎恨犯罪
egg,/ eɡ /,hard-shelled thing from which a young bird is born,n. （鸟类的）卵，蛋；（尤指用作食品的）蛋，鸡蛋 v. 煽动，怂恿 其他 【名】 （Egg）（英、法）埃格（人名）,egg white: 蛋白 | egg yolk: 蛋黄 | golden eggs: 金蛋(便于创造就业机会的场所)
concert,/ ˈkɑːnsərt /,musical entertainment given in public by one or more performers,n. 音乐会，演奏会；一致，和谐 v. 共同议定，协调,in concert: 一致；齐声 | concert hall: 音乐厅 | in concert with: 和…相呼应；与…合作；和…一致
shock,/ ʃɑːk /,sudden bad feeling caused by something unexpected,n. 令人震惊的事；吃惊，震惊 v. 使震惊，使难以置信；（言语或行为）（使）愤慨，（使）生气 adj. 令人震惊的，令人大感意外的（尤用于新闻报道）；浓密的，蓬乱的 其他 【名】 （Shock）（英）肖克（人名）,thermal shock: 温度急增，热冲击 | shock absorber: 减震器，缓冲器 | shock resistance: 耐冲击性；耐震强度；耐冲辉；冲昏力
comfortable,/ ˈkʌmftəbl; ˈkʌmfərtəbl /,not being worried about something; at ease,adj. 令人舒适的；感到舒服的，安逸的 n. <美>温暖的盖被,comfortable temperature: 舒适温度
usual,/ ˈjuːʒuəl /,being the way things occur most of the time,adj. 通常的，惯常的 n. 常事（the usual）；<非正式>常喝的饮料（尤指酒）（the usual）,as usual: 像往常一样；照例 | usual practice: 惯例，通常办法 | usual method: 通常方法
carefully,/ ˈkerfəli /,in a manner that involves focus and care,adv. 小心地，仔细地,watch carefully: 仔细看；当心 | please drive carefully: 请小心驾驶
pack,/ pæk /,to put things in a suitcase to go on a trip,v. （把……）打包，收拾（行李）；包装，装箱 n. 包，包裹，捆；（尤指士兵或野外徒步者的）背包 其他 【名】 （Pack）（英、德）帕克（人名）,a pack of: 一包；（野兽等的）一群；一盒 | pack up: 整理；把…打包 | battery pack: 电池组
recall,/ rɪˈkɔːl /,to remember events or details of the past,v. 记起，回想起；使想起，使想到 n. 记忆力，记性；召回,beyond recall: 不可挽回；不能记起 | recall from: 从…处召回 | recall to mind: 回想起，回忆起，记得
wine,/ waɪn /,alcoholic drink made from the juice of grapes,n. 葡萄酒，果蔬酒；深紫红色 v. 喝酒；设酒宴款待（某人） 其他 【名】 （Wine）（英）瓦恩（人名）,
camera,/ ˈkæm(ə)rə /,"object that takes pictures digitally, or on film",n. 照相机；摄影机 n. （Camera）人名；（英、意、西）卡梅拉,digital camera: 数字摄像机；数字照相机 | ccd camera: 电荷耦合摄像机 | video camera: 摄影机
swim,/ swɪm /,to move through water by moving parts of the body,v. 游泳；横渡 n. 游泳；（河流中）适合钓鱼的静止深水处，深潭 adj. 游泳时穿戴的,in the swim: 合时髦；合潮流；熟悉内情；积极参加活动 | sink or swim: 成败全靠自己 | have a swim: 游泳
manufacture,/ ˌmænjuˈfæktʃər /,to produce large numbers of products in a factory,v. （用机器大量）生产，制造；编造，捏造 n. 大量制造，批量生产；工业品,manufacture process: 制造工艺；建造过程 | manufacture management: 制造管理 | steel manufacture: 钢铁工业；炼钢业
theater,/ ˈθiːətər /,place where shows are performed on a stage,n. 电影院，戏院，剧场；戏剧,movie theater: n. 电影院 | home theater: 家庭影院；家庭剧院 | art theater: 艺术电影院
cycle,/ ˈsaɪk(ə)l /,series of regular and repeated actions,n. 自行车，摩托车；循环，周期 v. 骑自行车；循环,life cycle: 寿命周期；生存期 | cell cycle: 细胞周期 | development cycle: 开发周期
coffee,/ ˈkɔːfi /,a brown drink made from roasted beans and boiled water,n. 咖啡；咖啡豆 n. （Coffee）人名；（英）科菲,cup of coffee: 一杯咖啡的时间；短暂逗留 | coffee shop: 咖啡店（等于coffee house） | drink coffee: 喝咖啡
totally,/ ˈtoʊtəli /,in a complete way; completely; absolutely,adv. 完全地，整个地；对极了，太对了,totally different: 完全不同 | totally enclosed: adj. 全封闭的
museum,/ mjuˈziːəm /,"building to display art, science, or history objects",n. 博物馆,art museum: 美术馆，美术博物馆；艺术博物馆 | palace museum: 故宫博物院 | national museum: 国家博物馆
visitor,/ ˈvɪzɪtər /,one who goes to a place to see it (or someone),n. 访问者，参观者；（网站的）浏览者,frequent visitor: 常客；熟客 | winter visitor: 冬候鸟，冬鸟
freedom,/ ˈfriːdəm /,"state of being free, not being controlled",n. 自由权，自主权；（状态）自由，自主 其他 【名】 （Freedom）（英）弗里德姆（人名）,freedom of speech: 言论自由 | freedom from: 免于 | degrees of freedom: 自由度
construction,/ kənˈstrʌkʃ(ə)n /,act of building something; thing that is built,n. 建造，建筑；创立，构建,in construction: 建设中 | in the construction of: 建筑 | construction project: 建筑计划，建设项目；基建计划
dear,/ dɪr /,loved or valued very much,adj. 珍视的；(用于信函抬头名字或头衔前)亲爱的 n. （称呼所爱的人）亲爱的 int. 啊，天呐,dear friend: 亲密朋友 | dear john: （美）女友给男方的绝交信 | dear john letter: 绝交信
objective,/ əbˈdʒektɪv /,something you decide you want to do; goal,n. 目的，目标；出击目标（尤指在军事攻击中) adj. 客观的，不带个人情感的；客观存在的,objective function: 目标函数 | objective analysis: 目标分析，客观分析 | objective evaluation: 客观评价
moreover,/ mɔːrˈoʊvər /,in addition to what has been said,adv. 此外，而且,
onto,/ ˈɑːntə /,movement towards a position that is on something,prep. 到……之上，向……之上，到，朝；（建筑物、房间、门或窗）面朝，通向 adj. 映射的，映成的，满射的,
historical,/ hɪˈstɔːrɪk(ə)l /,of or related to events or people in the past,adj. （有关）历史的；历史学的,historical development: 历史发展；[心理]种族发生 | historical data: 史料；历史资料 | historical materialism: 历史唯物主义；历史唯物论
oppose,/ əˈpoʊz /,"to be against someone in a contest, game, or fight; to disagree",v. 反抗，阻碍；与……竞争，与……角逐,
branch,/ bræntʃ /,a part of a tree that grows out from the main part; a part of an organization connected to but separate from the main office,n. 树枝，分枝；分支机构，分店 v. 分岔，岔开；出枝，发出新枝 其他 【名】 （Branch）布兰奇（人名）,party branch: 党支部 | branch office: 分支机构；分局；分社 | branch company: 分公司
vehicle,/ ˈviːəkl; ˈviːhɪkl /,machine (such as a car) that is used to carry things,n. 交通工具，车辆；（实现目的的）工具，媒介,motor vehicle: 汽车；机动车辆 | electric vehicle: 电动车辆 | vehicle maintenance: 汽车维护，车辆保养
scientist,/ ˈsaɪəntɪst /,"a person who is trained to gain knowledge by making predictions, testing them, and developing theories",n. 科学家,computer scientist: 计算机科学家 | social scientist: 社会科学家 | rocket scientist: 火箭专家；股市分析高手；[喻]行家
route,/ ruːt /,way to get from one place to another place,n. 路线，航线；道路，路途 v. 按特定路线发送（车辆、货物或乘客）；以......线路发送（电话或其他电子信号）,en route: （法）在途中 | route selection: 公路选线；路线选择 | travel route: n. 旅运路线
bind,/ baɪnd /,to join two or more things together to limit their freedom,v. 捆绑，系；包扎 n. 窘境，困境；令人不快的事情 其他 【名】 （Bind）（德）宾德（人名）,bind up: 包扎；装订 | in a bind: adv. 处于困境 | bind on: （用绳等）把…绑上
belong,/ bɪˈlɔːŋ /,to be a member of a particular group and feel welcomed,v. 应在……地方，应处于……状况；适应，合得来,belong in: v. 应归入
taste,/ teɪst /,the particular quality of food or drink that can be sensed by a person's mouth,n. 味道，滋味；味觉 v. 尝起来；尝出……的味道 其他 【名】 （Taste）（法）塔斯特（人名）,taste of: 体验；有…味道 | good taste: 高品味；味道纯正 | in taste: 得体的，大方的；高雅的，有礼的
tonight,/ təˈnaɪt /,night following this day,adv. 在今晚，今夜 n. 今晚，今夜,
fashion,/ ˈfæʃ(ə)n /,style of dress or activity popular at some time,n. 时髦打扮，流行装扮；时尚，时兴 v. （尤指用手工）制作，使成形；塑造,fashion design: 服装设计；时尚设计 | in fashion: 合于时尚，流行 | fashion show: 时装秀；时装表演会
danger,/ ˈdeɪndʒər /,"possibility of getting hurt, damaged, or killed",n. 危险，风险；威胁，危险因素 其他 【名】 （Danger）（法）当热（人名）,in danger: 在危险中 | hidden danger: 隐患 | in danger of: 处于…危险之中
bomb,/ bɑːm /,a weapon designed to break apart very suddenly and violently,n. 炸弹，爆炸装置；失败的东西 v. 轰炸，炸毁；疾行，快速前进,atomic bomb: 原子弹 | car bomb: 汽车炸弹 | nuclear bomb: n. 核弹
army,/ ˈɑːrmi /,large group of soldiers organized to fight in wars,n. 陆军，军队；大批，大群,red army: n. 红军 | in the army: 在陆军中 | join the army: 参军
dangerous,/ ˈdeɪndʒərəs /,involving the chance of hurt or damage; risky,adj. 危险的，有威胁的,dangerous goods: 危险物品 | dangerous situation: 危险的处境 | dangerous driving: 危险驾驶
decrease,/ dɪˈkriːs /,"to reduce the size, amount, or number of something",v. （使）减少，（使）降低 n. 减少，降低,on the decrease: 在减少中 | decrease by: 减少了…
hurt,/ hɜːrt /,"to cause pain, damage, or injury",v. 使受伤，使疼痛；感到受伤，感到疼痛 adj. （身体上）受伤的；（感情上）痛苦的 n. 心灵创伤，委屈；（身体上的）伤，痛 其他 【名】 （Hurt）（英）赫特，（德、匈、捷）胡特 (人名),get hurt: 受伤 | feel hurt: 感到不快 | hurt badly: 头痛的厉害，严重受伤
council,/ ˈkaʊns(ə)l /,group chosen to make decisions about something,n. 委员会，理事会；政务委员会，地方议会 adj. 地方政府廉租的 其他 【名】 （Council）（英）康斯尔（人名）,state council: 国务院 | security council: （联合国）安全理事会 | city council: 市议会
editor,/ ˈedɪtər /,a person whose job is to correct and make changes to the contents of a book or magazine,n. 编辑；记者,chief editor: 总编辑 | text editor: 文字编辑器，文本编辑器 | editor in chief: 主编；总编辑
normally,/ ˈnɔːrməli /,in the manner that is usual or ordinary,adv. 通常，平常；正常地,normally open: 常开的；正常断开的 | normally closed: 常闭的；正常闭合的
sight,/ saɪt /,the ability to see ,n. 视力，视觉；看见，见到 v. （突然）看到，（远远）看见；把（枪）瞄准 adj. 见票即付的；即席的,at first sight: 乍一看；初看之下 | in sight: adv. 在即，在望；看得见；被看到 | out of sight: 看不见；在视野之外；在看不见的地方
generate,/ ˈdʒenəreɪt /,to create or be produced or bring into existence,v. 产生，引起,generate electricity: 发电 | generate profit: 创利，产生利润
gift,/ ɡɪft /,something given to another for a reason; present,n. 礼物，赠品；恩赐，授予 v. 赠送；（无意中）让（对手）获得 其他 【名】 （Gift）（英）吉夫特（人名）,gift box: 礼品盒；礼物盒；彩盒 | birthday gift: 生日礼物 | christmas gift: 圣诞礼物；圣诞礼品
delivery,/ dɪˈlɪvəri /,act of taking something to a person or place,n. 递送，投递；递送物 adj. 运送的,delivery time: 交货时间 | delivery system: 传送系统；运载系统；分配系统 | prompt delivery: 限时专送
deny,/ dɪˈnaɪ /,to refuse to allow or accept something,v. 否认；拒绝承认,deny oneself: 节制；戒除 | deny something to someone: deny someone something 拒绝给予 | deny access: 拒绝访问；不让进入
guest,/ ɡest /,person invited to visit or stay in someone's home,n. 客人；特邀嘉宾，客串演员 v. 做特邀嘉宾，客串 其他 【名】 （Guest）（英）格斯特（人名）,guest room: 客房 | guest house: 宾馆 | honored guest: 贵宾
anybody,/ ˈenibɑːdi /,any person; anyone,pron. 任何人；有人，别人 n. 重要人物；平常人,anybody else: n. 别人 | if anybody: 要是有这样的人，如果有(符合这种要求的)人，倘若(或假如)有谁的话
bedroom,/ ˈbedruːm; ˈbedrʊm /,room for sleeping usually with a bed,n. 卧室 adj. 两性关系的；城郊住宅区的,master bedroom: 主卧室 | bedroom furniture: 卧室家具 | bedroom and bathroom: 卧室和浴室
quote,/ kwoʊt /,to use someone's exact words in your writing or speech,v. 引用，引述；举例说明 n. 引文，引语；报价，开价 其他 【名】 （Quote）（美、俄、澳、马、荷）克奥特（人名）,quote from: 引用自 | stock quote: 股票报价
climb,/ klaɪm /,to rise gradually and steadily to a higher point,v. 攀登，攀爬；爬升，升高 n. 攀登，爬升；攀登的地方，攀登物,climb up: 爬上去 | climb mountains: 爬山 | climb over: 爬过；翻过；翻越；攀越
basically,/ ˈbeɪsɪkli /,in the most important ways even if not completely true,adv. 基本上，大体上；从根本上说，总的说来,
violence,/ ˈvaɪələns /,use of physical force to harm someone or damage something,n. 暴力，暴行；（言行的）狂暴，激烈，愤怒,domestic violence: 家庭暴力 | family violence: 家庭暴力；家庭暴力事件 | physical violence: 身体暴力，躯体暴力
minister,/ ˈmɪnɪstər /,an official who heads a government department,n. （英国及其他许多国家的）部长，大臣；牧师 v. 满足（……的需要），帮助；当牧师,prime minister: 首相，总理 | foreign minister: 外交部长 | finance minister: 财政部长
mainly,/ ˈmeɪnli /,mostly; usually; being the largest part,adv. 主要地，首要地；大部分，大多,
mouth,/ maʊθ /,part of the face used for eating and talking,n. 嘴，口腔；需要供养的人，食客 v. 不出声地说，用口型默示；言不由衷地说，（自己并不明白却）信口开河 comb. 有……嘴的，……口的(-mouthed)；言谈……的，口齿……的(-mouthed),mouth on someone: [美国俚语]告发某人 | river mouth: 河口 | from mouth to mouth: 广泛流传
noise,/ nɔɪz /,a loud or unpleasant sound ,n. 噪音，嘈杂声；声音，响声 v. 议论，传开；<文>喧闹 其他 【名】 （Noise）（英）诺伊斯（人名）,low noise: 低噪声，低噪声的 | noise reduction: 噪声降低，噪声消减 | noise ratio: 噪声比
manner,/ ˈmænər /,that way that something happens or is done,n. 态度，举止；礼貌 其他 【名】 （Manner）曼纳（人名）,in a manner: 在某种意义上；在某种程度上 | in the manner: 在现行中；当场 | in this manner: 以这种方式；如此
gun,/ ɡʌn /,a weapon that shoots small metal objects down a metal tube,n. 枪，炮；起跑信号，发令枪声 v. 加大……的油门，使加速；<美> 猛投，猛掷 其他 【名】 （Gun）（英）冈，（瑞典）贡，（俄、意）古恩（人名）,machine gun: 机关枪 | spray gun: 喷枪；喷漆枪 | electron gun: 电子枪
square,/ skwer /,shape with four sides of equal length sides and four right (90°) angles,adj. 正方形的，四方形的；成直角的 n. 正方形，四方形；广场 v. 使成平方，使成二次幂；使（比赛的比分）打平 adv. 直接地；成直角，垂直地,square oneself: 摆好架势；道歉 | least square: 最小二乘方；最小平方 | least square method: 最小二乘法；最小平方法
occasion,/ əˈkeɪʒn /,particular time when something important or special happens,n. （某事发生的）时刻，时候；<正式>时机，适当的机会 v. <正式> 引起，惹起,on the occasion: 在那时；值此…之际 | special occasion: 特别的时刻；特别的场合 | on the occasion of: 值此…之际
familiar,/ fəˈmɪliər /,well-known or easily recognized,adj. 熟悉的；常见的，普通的 n. （与女巫共居的）妖精；知交，密友 其他 【名】 （Familiar）（西）法米利亚尔（人名）,familiar with: 熟悉 | get familiar with: 熟悉；变得熟悉 | familiar style: 简体，非正式文体；家常体
ignore,/ ɪɡˈnɔːr /,"to not listen to, look at, or pay attention to",v. 佯装未见，不理睬；忽视，对……不予理会,ignore all: 全部忽略
destroy,/ dɪˈstrɔɪ /,to damage something so badly that it no longer exists,v. 破坏，毁灭；杀死，人道毁灭（受伤、生病或危险的动物）,
affair,/ əˈfer /,"event or a set of events, often unpleasant ones",n. 公共事务，政治事务；事情，事件,state of affairs: 事态；情势 | love affair: 风流韵事；强烈爱好 | have an affair: 有外遇；通奸；婚外恋
civil,/ ˈsɪv(ə)l /,related to the people of a country; not military/criminal,adj. 公民的，国民的，国内的；平民的，民用的 其他 【名】 （Civil）（土）吉维尔，（法）西维尔（人名）,civil law: 民法 | civil aviation: 民用航空 | civil engineering: 土木工程
locate,/ ˈloʊkeɪt /,"to find a certain place, position, or location of something",v. 确定……的位置，探明；设立，建立,locate in: 在某一点设置；在…定居；坐落于
citizen,/ ˈsɪtɪzn /,person who belongs to and has rights in a country,n. 市民，城镇居民；公民，国民,senior citizen: 老年人 | corporate citizen: 企业公民；公司公民 | fellow citizen: 各位公民；同胞
temperature,/ ˈtemprətʃər; ˈtemprətʃʊr /,"a measure of how hot or cold something is (e.g., the weather)",n. 温度，气温；体温,high temperature: 高温 | low temperature: 低温 | temperature field: 温度场
gold,/ ɡoʊld /,soft yellow metal that is very valuable,n. 金；金币，黄金制品 adj. 金色的；金制的 其他 【名】 （Gold）（英、法、德、西、罗、捷、瑞典）戈尔德（人名）,gold medal: 金牌；金质奖章 | gold mine: 金矿，金山 | gold ore: 金矿石，金矿
domestic,/ dəˈmestɪk /,of or relating to a particular country; of or relating to the home and family,adj. 国内的，本国的；家用的，家庭的 n. 家庭纠纷，家庭矛盾；佣人，家仆,domestic market: 国内市场 | domestic demand: 国内需求；本地内部需求 | domestic product: 国内产品；本地生产
load,/ loʊd /,"large, often heavy, amount of something to be moved",n. 负载，重荷；一批待洗的衣物 v. 装上，装进；承载，装载,dynamic load: 动载荷，动力载荷 | heavy load: 重负载 | static load: 静负载
belief,/ bɪˈliːf /,a feeling of being sure that something exists or is true,n. 相信，信心；看法，信念，观点,belief in: 相信；对…的信仰 | religious belief: 宗教信仰 | firm belief: 坚定的信念
troop,/ truːp /,group of soldiers; an organized group,n. 军队，士兵；部队，（尤指）骑兵连，装甲连 v. 成群结队地走，列队行进；（孤身一人）缓步前行，稳步前行 adj. 军队的，有关或涉及军队的,troop withdrawal: 撤军
technical,/ ˈteknɪk(ə)l /,of practical use of machines or science in industry,adj. 工艺的，技术的；专业的，专门的 n. <美>（车后架设有机枪的）小卡车,technical support: 技术支持；技术援助 | technical personnel: 技术人员 | technical staff: 技术人员
remind,/ rɪˈmaɪnd /,to make someone remember something,v. 提醒，使想起；（因相像）使联想起（remind sb. of）,remind of: 提醒；使记起；使回想起 | that reminds me: [用来转换话题]我想起来了
arrangement,/ əˈreɪndʒmənt /,plan or preparation to make something happen; an agreement,n. 安排，筹备；商定，约定,arrangement for: 对…的安排 | institutional arrangement: 制度安排；制序安排；机构安排 | flower arrangement: 插花，鲜花装饰
skin,/ skɪn /,outer layer of an animal's or human's body,n. 皮，皮肤；兽皮，皮毛 v. 剥皮，削皮；擦破（身体某部位）,skin care: 护肤品；皮肤护理 | dry skin: 干性皮肤 | skin color: 肤色
prison,/ ˈprɪzn /,a place where people who have committed serious crimes are held,n. 监狱，牢房；监禁，监狱制度 v. <文>禁锢，关押 其他 【名】 （Prison）（德）普里松（人名）,in prison: 坐牢 | escape from prison: 越狱 | prison sentence: n. 徒刑
switch,/ swɪtʃ /,to change from one thing to another; a thing you move to change from one thing to another,n. 开关，电闸；骤变，突变 v. （用开关）打开，关闭；（使）改变，转变,switch on: 接通，开启 | switch off: （用开关）关掉；切断（电源） | switch in: 接通；合闸
acquire,/ əˈkwaɪər /,to get or earn something by thinking or working,v. 获得，得到；学到，习得,
corporate,/ ˈkɔːrpərət /,concerning (usually large) companies,adj. 公司的；法人的 n. 公司，集团,corporate governance: 公司治理；企业管治，企业治理；公司管治 | corporate culture: 企业文化，公司文化 | corporate image: 企业形象；公司形象
fairly,/ ˈferli /,in a reasonable way; between a little and very much,adv. 相当地，颇；公平地，公正地 其他 【名】 （Fairly）（英）费尔利（人名）,
wood,/ wʊd /,hard material that trees are made of and is used for building and fuel,n. 木材，木料，木头；树林，林地 adj. 木制的；用来切割或加工木材的 v. 收集木材；植林于 其他 【名】 （Wood）（英、法、西、葡、阿拉伯）伍德（人名）,solid wood: 实木；紧密材 | wood furniture: 木制家具 | wood floor: 木地板
participate,/ pɑːrˈtɪsɪpeɪt /,to take part with others in doing something,v. 参加，参与；<古>分担，分享,participate in: 参加；分享 | participate in social activities: 参与社会活动
tough,/ tʌf /,very difficult to do or deal with,adj. （物质，物体）坚韧的，坚固的；（政策或行动）强硬的，严厉的 n. 恶棍 v. 坚持，忍受，忍耐 adv. 坚强地，坚定地 其他 【名】 （Tough）（英）图赫（人名）,tough guy: [美口]硬汉 | tough it out: [美国口语]勇敢地承受；坚持到底 | get tough with: [口语]对…强硬起来
tear,/ ter; tɪ(ə)r /,1. (v) to damage something by pulling it apart; 2. (n) drop of salty water from the eye,v. 撕碎，撕裂；撕破，划破 n. 泪水；哭泣（tears） 其他 【名】 （Tear）蒂尔（人名）,shed tears: 流泪 | in tears: 流着泪；含着泪 | wear and tear: n. 磨损
representative,/ ˌreprɪˈzentətɪv /,typical of a particular group or thing,adj. 典型的，有代表性的；代表各类人（或事物）的 n. 代表，代理人；代表他人者,representative of: 表示；代表……的 | representative office: 代表机构；办事处 | legal representative: n. 法定代理人
capacity,/ kəˈpæsəti /,"ability to hold, involve or contain people or things",n. 能力，才能；容积，容纳能力 adj. 无虚席的，满场的,production capacity: 生产能力；生产力 | bearing capacity: 承载量；结果能力；产仔能力 | capacity for: …的能力
border,/ ˈbɔːrdər /,line separating one country or state from another,n. 国境，边界；镶边，包边 v. 接壤，毗邻；环绕，沿……的边缘 其他 【名】 （Border）（英）博德（人名）,border area: 边境区域 | border region: 边界地区 | on the border of: 临近；将要
shake,/ ʃeɪk /,to move something violently back and forth or up and down,v. 摇动，抖动；削弱，动摇 n. 摇动，摇晃；奶昔,shake off: 摆脱；抖落 | shake hands with: 与……握手 | shake up: 摇匀；重组；震动
assessment,/ əˈsesmənt /,opinion based on judging the qualities of something or someone,n. 评估，评价；估价，估计,risk assessment: 风险估计，危险率估计 | environmental impact assessment: 环境影响评价 | assessment method: 评价法
shoe,/ ʃuː /,outer covering worn on the foot to protect it usually sold in pairs,n. 鞋；马蹄铁 v. 给（马）钉蹄铁；穿鞋（或靴）（be shod） 其他 【名】  （Shoe）休（姓氏）,in one's shoes: 处于某人的位置 | where the shoe pinches: n. 关键所在；困难所在 | brake shoe: 闸瓦（刹车制动片）
ought,/ ɔːt /,what is expected; should,v. 应该（表义务、责任、必要等）；应该（表期望） n. <古>零（=nought） pron. 任何事物（=aught）,ought to do sth: 应该；应该做某事 | ought to know better: 应该懂得多一些
ad,/ æd /,public notice or advertisement,n. 广告；促销活动 abbr. 优势（advantage）,ad hoc: adj. 特别的；临时；专设 | ad in: (局末平分后)发球占先(先得一分) | ad valorem: （拉）从价；（拉）按价
fee,/ fiː /,amount of money paid for a particular service,n. 费用，酬金；会费，入场费 v. 付给（某人）费用 其他 【名】 （Fee）（英、柬）菲（人名）,service fee: 酬金；劳务费 | registration fee: 注册费，登记费；挂号费；更名费 | tuition fee: 学费
hall,/ hɔːl /,"a usually long, narrow room in a building  that leads to other rooms",n. 礼堂，大厅；门厅 其他 【名】 （Hall）（英）霍尔，（法）阿尔，（土）哈勒，（德、波、丹、芬、瑞典）哈尔（人名）,exhibition hall: 展览厅 | in the hall: 在大厅里；在饭厅 | city hall: 市政厅
regulation,/ ˌreɡjuˈleɪʃn /,official rule that controls how something is done,n. 规章制度，规则；（运用规则条例的）管理，控制 adj. （使用或穿戴）符合规定的，正规的；<非正式> 公式化的，用俗套话堆砌而成的,speed regulation: 速度调节；速度调整 | regulation and control: 调控 | government regulation: 政府法规，政府调控；政府监管
escape,/ ɪˈskeɪp /,to get away from a place where you are being held,v. 逃跑，逃脱；逃避，摆脱 n. 逃跑，逃离；逃避现实，暂时解脱,escape from: vt. 逃脱 | escape route: 迂回进路；脱险通道；疏散路线 | fire escape: 太平梯，太平门；安全出口
studio,/ ˈstuːdioʊ /,"the building or room where art is made, such as paintings, movies, or music",n. 录音室，播音室，演播室；（电影）摄影棚，电影公司，电影制片厂,film studio: 电影制片厂 | photo studio: 照相馆；摄像工作室 | recording studio: 录音室；录音棚
proper,/ ˈprɑːpər /,correct according to social or moral rules,adj. 真正的，像样的；实际上的，严格意义上的 adv. <英，非正式> 完全地，彻底地；<英，非正式> 正确地，恰当地 n. 特定季节（或节日）的礼仪 其他 【名】 （Proper）（英、德）普罗珀（人名）,proper time: 适当的时候；[物理]原时；本征时间 | city proper: 城市市区部分 | proper for: 适合
relax,/ rɪˈlæks /,to stop feeling nervous or worried; to rest and do something enjoyable,v. 休息，（使）放松；放心，镇定,relax oneself: 放松自己；放松某人自己
tourist,/ ˈtʊrɪst /,someone who travels to a place for pleasure,n. 旅行者，观光客；<英>（在国外参加）巡回比赛的运动队队员 adj. 旅游者的，游客的 v. <罕>旅行 adv. 坐旅游车厢，坐经济舱,tourist resources: 旅游资源 | tourist industry: 旅游业，旅游产业 | tourist destination: 旅游胜地；旅游目的地；旅游景点
component,/ kəmˈpoʊnənt /,one of the parts that make up something,n. 组成部分，成分，部件 adj. 组成的，构成的,component analysis: 分量分析；[化]组分分析；组成成分分析 | principal component: 主成分；[化]知组分 | principal component analysis: 主成分分析
afford,/ əˈfɔːrd /,to have enough money to pay for something,v. 买得起；有（时间）做某事 n. （Afford）（英、美）阿福德（人名）,can afford: 买得起；有能力负担
lawyer,/ ˈlɔɪər /,a professional who is paid to help people with the law,n. 律师 v. 从事法律工作，当律师；（律师）处理法律事务 其他 【名】 (Lawyer)（英）劳耶（人名）,criminal lawyer: 刑事律师
suspect,/ səˈspekt /, to think that someone may have committed a crime or done something wrong ,v. 猜想，认为（某事有可能）；怀疑……有罪，认为……有嫌疑 n. 嫌疑犯，可疑分子；（某坏事物的）可能导致者 adj. 不可靠的，不可信的；可疑的，可能有危险的,prime suspect: 嫌疑重犯；主要嫌疑犯 | suspect of: 怀疑
cup,/ kʌp /,small round container used to hold liquids for drinking,n. 杯子；一杯（的量） v. （用手）做成杯状；窝起手掌托住,world cup: n. 世界杯 | a cup of: 一杯… | cup of tea: n. 命运；心爱之人或物
description,/ dɪˈskrɪpʃn /,something that tells you what something is like or looks like,n. 描述，形容，说明；类型,detailed description: 详细描述；详细说明 | job description: 工作说明 | brief description: 简要说明；简介
confidence,/ ˈkɑːnfɪdəns /,feeling that you can do well at something,n. 自信，信心；信任，信赖,confidence in: 对……信任 | with confidence: 满怀信心地 | consumer confidence: 消费信任度
industrial,/ ɪnˈdʌstriəl /,concerning the people and businesses that make certain products,adj. 工业的，产业的；有很多产业的，工业发达的 n. 从事工业的公司；工业股票,industrial structure: 产业结构 | industrial development: 工业发展，工业开发 | industrial production: 工业生产
complain,/ kəmˈpleɪn /,to say that you are not happy or satisfied with something or someone,v. 诉说 （病痛）；<文>悲叹，悲鸣,complain about: 抱怨 | complain of: n. 抱怨；抗议
perspective,/ pərˈspektɪv /,"way of thinking, an attitude toward something",n. （观察问题的）视角，观点；透视（画）法 adj. 透视的,in perspective: 正确地；符合透视法地 | new perspective: 新观点 | historical perspective: 历史展望
error,/ ˈerər /,something that is not correct; a mistake,n. 错误，差错；（棒球、网球等运动中的）失误,in error: adv. 错误地 | error analysis: 误差分析；错误分析 | error rate: 误码率；出错率
arrest,/ əˈrest /,to use the law to catch and keep people who committed crimes,v. 逮捕，拘留；阻止，抑制 n. 逮捕，拘留；停止，终止 其他 【名】 （Arrest）（法）阿雷斯特（人名）,cardiac arrest: [医]心搏停止 | under house arrest: 在软禁中 | house arrest: 软禁
assess,/ əˈses /,to judge something's value or suitability,v. 评价，评定；估价，估计,
register,/ ˈredʒɪstər /,to record your name on an official list; sign up,n. 登记表，注册簿；注册员 v. 登记，注册；（正式地或公开地）发表意见，提出主张 其他 【名】 （Register）（美）雷吉斯特（人名）,register for: 注册；选课 | register with: 向…登记 | cash register: 现金出纳机，收银机
asset,/ ˈæset /,a person or thing that has value or use to someone or to a company,n. 有利条件，有价值的人或物；资产，财产 其他 【名】（Asset）（法）阿塞（人名）,asset management: 资产管理 | fixed asset: [经]固定资产 | intangible asset: n. 无形资产
signal,/ ˈsɪɡnəl /,"An action, change, or process that gives information about something",n. 信号，暗号；标志，预示 v. 发信号，示意；标志，预示 adj. 重大的，显要的；作为信号的 其他 【名】 （Signal）（瑞典）西格纳尔（人名）,signal processing: 信号处理 | digital signal: 数字信号 | digital signal processing: 数字信号处理
finger,/ ˈfɪŋɡər /,one of the five long parts of the hand,n. 手指；（手套的）手指部分 v. 用手指触摸；<美>告发，告密 其他 【名】 （Finger）（英、德、捷）芬格，（俄）芬格尔（人名）,middle finger: 中指 | index finger: 食指 | little finger: 小指
relevant,/ ˈreləvənt /,direct related to a subject in a considerable way,adj. 有关的，切题的；正确的，适宜的,relevant information: 相关信息 | relevant data: 有关数据 | relevant experience: 相关工作经验
explore,/ ɪkˈsplɔːr /,to learn about something by examining in detail or someplace by traveling to it,v. 探讨，探究；考察，探索,
leadership,/ ˈliːdərʃɪp /,quality of being able to guide or influence others,n. 领导，领导地位；领导才能,under the leadership of: 在…领导下 | leadership style: 领导风格；领袖风格 | leadership skill: 领导技巧；领导技能；领导艺术
commitment,/ kəˈmɪtmənt /,a promise or decision to do something; something that you must do that takes your time,n. 忠诚，献身；承诺，保证,organizational commitment: 组织承诺；组织认同感 | professional commitment: 专业承诺 | make a commitment: 承诺
wake,/ weɪk /,to stop sleeping; to make someone stop sleeping,v. 唤醒，醒来；唤起，激起 n. （葬礼前后的）守夜，守灵；（航行中的船等留下的）尾流，航迹 其他 【名】 （Wake）（英）韦克（人名）,wake up: 醒来，起床；开始警觉；开始了解真相 | in the wake of: 紧紧跟随；随着…而来；作为…的结果；仿效 | wake up call: 叫醒电话
necessarily,/ ˌnesəˈserəli /,"in a way that is needed or required, or is unavoidable",adv. 必定，必然；必要地,
bright,/ braɪt /,producing a lot of light,adj. 明亮的；鲜艳的 n. <美>前大灯，头灯；明亮醒目的颜色 adv. <文>光亮地，明亮地 其他 【名】 （Bright）（英）布赖特（人名）,bright future: 光明的未来，光明的前途 | bright red: 鲜红；亮红色 | bright color: 明亮的颜色
frame,/ freɪm /,"(n) 1. the basic structure of something that gives it its shape, to which other parts are added; 2. one picture in a series that make a video; (v) 1. to put a picture in a supporting structure; 2. to produce false evidence so an innocent person appears guilty of a crime",n. 框架，边框；（家具、建筑物、车辆等的）构架，支架 v. 装框架；勾勒出 adj. 有木架的 其他 【名】 （Frame）（英）弗雷姆（人名）,frame structure: 框架结构；帧结构 | steel frame: 钢架；钢骨架 | frame in: 进入；框以…
slowly,/ ˈsloʊli /,done in a way that takes a long time,adv. 缓慢地，慢慢地,slowly but surely: 稳扎稳打，踏实的
bond,/ bɑːnd /,"something that joins or connects people, groups, or parts; a duty or promise to another; glue",n. 纽带，联系；公债，债券 v. （使）建立亲密关系；与……黏合（或连接） 其他 【名】 （Bond）（英、德、西、瑞典）邦德（人名）,bond market: 债券市场 | in bond: （进口货物）在关栈中；保税 | bond strength: [化]粘合强度；键强度
hire,/ ˈhaɪər /,to employ a person to do a particular job,v. <英>租用，租借；聘用，录用 n. 租借，租金；<美>被雇用的人 其他 【名】 （Hire）（美、印）希尔（人名）,for hire: 供出租 | hire purchase: n. 分期付款购买 | on hire: 出租的；雇用
hole,/ hoʊl /,opening into or through something,n. 洞，坑；裂口，开口 v. （尤指给船）钻洞，打洞；击球入洞 其他 【名】 （Hole）（瑞典、挪）霍勒，（英）霍尔（人名）；（Hole）（英）霍尔，（瑞典、挪）霍勒（人名）,hole in: 躲藏，暂住；过夜 | in the hole: 负债，亏空；遇到经济困难 | black hole: n. 黑洞
tie,/ taɪ /,to join together two ends of string or rope; to join two or more things together with string or rope,v. （用线、绳索等）系，扎，捆；将……系在……上，系牢 n. 领带，领结；（绑扎东西用的）带子，绳子 其他 【名】 （Tie）狄（人名）,tie in: 使结合；使配合得当 | tie with: 在比赛中得分与…相同 | tie up: 占用；包扎；绑好；缚牢；阻碍；密切联系；合伙；停泊
internal,/ ɪnˈtɜːrn(ə)l /,within or inside,adj. 内部的，体内的；内政的，国内的 n. 内部部件，内部特征；内脏,internal control: 内部控制；内控 | internal force: 内力 | internal audit: 内部审计，内部稽核
chain,/ tʃeɪn /,"series of connected  things, events, or people",n. 链，链条；一连串，一系列 v. 用锁链拴住；拘禁，束缚,supply chain: 供应链；供给链；供需链 | supply chain management: 供应连锁管理 | value chain: 价值链
literature,/ ˈlɪtərətʃʊr; ˈlɪtrətʃər; ˈlɪtrətʃʊr /,"writings that are valued as works of art, esp. fiction, drama and poetry",n. 文学，文学作品；（某一学科的）文献，著述,literature review: 文献回顾；文献综述；文献评论 | literature and art: 文艺；文学与艺术 | english literature: 英国文学；英语文化
victim,/ ˈvɪktɪm /,"person who has suffered from a crime, bad situation, or event",n. 受害者，罹难者；（面对不幸事件或虐待时的）无助者，患病者,fall victim to: 成为…的牺牲品；成为…的受害者；屈服于…；被…降服 | fashion victim: 时髦罹难者
threaten,/ ˈθret(ə)n /,to say you will harm or hurt someone,v. 威胁，恐吓；危及，对……构成威胁,
division,/ dɪˈvɪʒ(ə)n /,act of separating something into parts; groups formed by different functions or opinions,n. 分开，分配；除法,division of labor: 劳动力的分工 | frequency division: 分频；频率划分 | administrative division: 行政区域
secure,/ sɪˈkjʊr /,"to protect something from danger or harm, keep things safe",adj. 稳固的，可靠的；严密把守的，牢固的 v. （尤指经过努力而）获得，得到；使安全，保护,secure communication: 保密通信；安全通信 | secure electronic transaction: 安全电子交易 | secure sockets layer: 安全套层；安全套接层
amaze,/ əˈmeɪz /,to cause wonder; to surprise completely,v. 使惊奇，使惊愕,
device,/ dɪˈvaɪs /,"object, machine, or equipment for a specific use",n. 装置，设备；手段，方法,control device: 控制装置，控制器 | medical device: 医疗设备；医疗器材；人体医疗配件 | protection device: 保护设备；防护设备
birth,/ bɜːrθ /,when a baby comes out of the body of its mother,n. 出生，诞生；出身，血统 v. <北美，非正式>生，产,give birth: 生孩子；产仔 | at birth: 生下来时 | birth control: 避孕；节育
forest,/ ˈfɔːrɪst /,large area with many trees,n. 森林，林区；（森林似的）一丛，一片 v. 被森林覆盖，植林于 其他 【名】 【名】（Forest）福雷斯特（人名）,forest resources: 森林资源 | forest park: 森林公园 | forest fire: 森林火灾；森林大火；山火
label,/ ˈleɪb(ə)l /,a piece of paper or cloth that is attached to something and gives information about it,n. 标签，标牌；称号，绰号 v. 贴标签；把……不公正地称为 其他 【名】 （Label）（美、法、巴）拉贝尔（人名）,private label: 自有品牌；私有品牌；商店自用品牌 | record label: 唱片公司；记录标记 | adhesive label: 胶粘标签；不干胶标签
root,/ ruːt /,part of a plant that grows underground,n. 根，根茎；（牙齿、头发等的）根部 v. （使）生根；扎根于，在……中根深蒂固 adj. （蔬菜、作物等）块根的，根茎可食用的 其他 【名】 （Root）（英）鲁特，（德、瑞典）罗特（人名）,root cause: 根本原因 | root in: 来源于；起因于 | root system: 根系；根轴系
factory,/ ˈfækt(ə)ri /,building where things are made,n. 工厂，制造厂；（在外国的）代理店,hardware factory: 五金厂 | factory building: 厂房 | furniture factory: 家具厂
expense,/ ɪkˈspens /,the amount of money that is needed to pay for something,n. 代价，费用；业务费用，报销（expenses） v. <非正式>把……记入费用账户；向……收取费用,at the expense of: 以…为代价；由…支付费用 | at the expense: 以…为代价 | daily expense: 每日费用
channel,/ ˈtʃæn(ə)l /,"1. a narrow, deep body of water used by ships; 2. a system used for sending something from one place or person to another",n. 频道，电视频道；管道，通道，航道 v. 引导，把……用于；输送，传送 其他 【名】 （Channel）（美）沙内乐（人名）,marketing channel: 销售渠道，行销通道 | main channel: 主通道 | change the channel: [美国俚语]转移话题
investigate,/ ɪnˈvestɪɡeɪt /,to try to find out facts; to carry out research,v. 侦察（某事）；调查（某人）,investigate into: 对……进行调查
recommendation,/ ˌrekəmenˈdeɪʃ(ə)n /,suggestion about someone or something being a good choice,n. 正式建议，提议；推荐，介绍,letter of recommendation: 保荐信，介绍信 | recommendation letter: 推荐信 | on the recommendation of: 通过…的推荐
rank,/ ræŋk /,to place someone or something in higher or lower position relative to others,n. 军衔，军阶；（社会、团体中的）地位，等级 v. 把……分等级，属于某等级；<美>级别高于，地位高于 adj. （植被）茂密的，芜生蔓长的；难闻的，恶臭的 其他 【名】 （Rank）（英、德、芬、捷）兰克（人名）,in the ranks: 当兵，当战士 | in rank: 成行列；成队列 | first rank: 一流的
typical,/ ˈtɪpɪk(ə)l /,normal; usual; expected,adj. 典型的，有代表性的；一贯的，平常的,typical of: 是……的典型特征 | typical form: 典型式，代表式 | typical project: 样板工程
west,/ west /,the direction where the sun sets; opposite of east,"n. 西，西方；（某个国家、地区或地方的）西部 adj. 西方的,向西的；（风）来自西方的 adv. 向西方，朝西方；……以西 其他 【名】 （West）（英、德、芬、瑞典）韦斯特（人名）",in the west: 在西方，在西方（国家） | west of: 在…以西 | west lake: 杭州西湖
friendly,/ ˈfrendli /,acting like a friend; kind and helpful,adj. 亲切的，友善的；朋友（般）的，要好的 cn. 友谊赛 其他 【名】 （Friendly）（英）弗兰德利（人名）,environmentally friendly: 保护生态环境的；对生态环境无害的 | environmental friendly: 环保的 | environment friendly: 环保的；对环境有利的
resident,/ ˈrezɪdənt /,someone who lives in a particular place,n. 居民，住户；（旅馆的）住宿者 adj. （在某地）居住的，居留的；常驻的,permanent resident: 永久性居民 | local resident: 当地居民 | resident representative: 居民代表；驻地代表
provision,/ prəˈvɪʒ(ə)n /,1. supplies that are needed or wanted; something that is supplied; 2. part of a law or an agreement,n. 提供，供应；准备，预备 v. 为……提供所需物品（尤指食物）；（为已知债务）留出准备金,make provision for: 为…预先采取措施；为…作好准备 | special provision: 特别规定；专门条款 | general provision: 普通准备金
concentrate,/ ˈkɑːns(ə)ntreɪt /,to give all your attention to a task; focus,v. 集中注意力，聚精会神；使集中，聚集 n. 浓缩物，浓缩液,concentrate on: 集中精力于；全神贯注于 | copper concentrate: 铜精矿 | ore concentrate: 精矿
plenty,/ ˈplenti /,a large  amount of something; a lot; not too little,n. 富裕，充裕 pron. 大量，众多 adv. 大量，很多；<非正式>非常，十分 det. <非正式>很多，大量 其他 【名】 （Plenty）普伦蒂（人名）,plenty of: 大量；很多；许多 | plenty of time: 大量时间 | in plenty: 大量；充足
export,/ ɪkˈspɔːrt; ˈekspɔːrt /,to send goods to be sold in another country,v. 出口；传播，输出 n. 出口，输出；出口物，输出品 adj. 出口的,import and export: 进出口；导入和导出；输入和输出 | export trade: 出口贸易；出口商 | export commodities: 出口商品
entirely,/ ɪnˈtaɪərli /,fully or completely,adv. 完全地，完整地；仅仅，只,
strongly,/ ˈstrɔːŋli /,in a strong manner; in a very serious way,adv. 坚定地；强有力地,feel strongly about: 对…抱强硬态度
bridge,/ brɪdʒ /,"structure built over river or road so people, vehicles, or animals can cross",n. 桥；桥梁，纽带 v. 弥合（分歧），消除（隔阂）；兼具……的特点 其他 【名】 （Bridge）（英）布里奇（人名）,arch bridge: 拱形桥 | suspension bridge: 吊桥 | bridge construction: 桥梁施工；桥梁结构；桥梁建筑
consist,/ kənˈsɪst; ˈkɑːnsɪst /,"to have as an essential, necessary or main part",v. 由……组成，由……构成；在于，存在于 n. （铁路）车列,consist of: 由…构成 | consist in: 在于；存在于 | consist with: 符合；与…一致
graduate,/ ˈɡrædʒuət; ˈgrædʒuˌeɪt /,(v) to receive a degree from a college or university; (n) a person who has received a degree,n. 大学毕业生，学士学位获得者；毕业生 v. 获得学位（尤指学士），大学毕业；毕业（尤指中学） adj. （课程、学业）研究生的,graduate student: n. 研究生；毕业生 | graduate school: 研究所，研究院 | graduate from: v. 从…毕业
brand,/ brænd /,name given to a product or service,n. 品牌，商标；（独特的）一种，一类 v. 打烙印于（牲畜，以标明所属）；给……冠以恶名，谴责 其他 【名】 （Brand）（英、美、德、瑞）布兰德（人名）,famous brand: 名牌，名牌货 | brand new: 全新的；崭新的 | brand image: 品牌形象
moral,/ ˈmɔːrəl /,relating to people's belief about right or wrong behavior,adj. 有关道德的；基于道德的，道义上的 n. 道德准则（标准）；寓意，道德上的教训 其他 【名】 （Moral）（德、法、西、葡、土）莫拉尔（人名）,moral education: 道德教育 | moral character: 品德 | moral hazard: 道德危机；由于投保人可能不可靠所冒的风险
insist,/ ɪnˈsɪst /,to state your opinion strongly and firmly; to demand that something must happen,v. 坚决要求，执意坚持；坚称,insist on: 坚持，坚决要求；督促，强调 | insist upon: 坚持…
combination,/ ˌkɑːmbɪˈneɪʃ(ə)n /,result of mixing things together,n. 结合体，联合体；结合，联合,combination of: …的组合 | in combination: 结合 | combination with: 与…结合
abuse,/ əˈbjuːs /,"to treat someone or something in a way that is cruel, harmful, or wrong",v. 虐待；滥用，辜负 n. 虐待，凌辱；滥用，妄用 其他 【名】 （Abuse）（英）阿比斯（人名）,drug abuse: 药物滥用；毒品滥用 | child abuse: 虐待儿童，摧残儿童 | substance abuse: 物质滥用；滥用药物
ice,/ aɪs /,frozen water ,n. 冰；冰块 v. 在（糕饼上）加糖霜；冷却，冰镇 adj. 冰的 其他 【名】 （Ice）（英）艾斯，（法）伊斯（人名）,ice cream: 冰淇淋 | on ice: 在狱中；有成功或胜利把握；搁置起来的；暂缓 | sea ice: 海冰；海上浮冰
principal,/ ˈprɪnsəp(ə)l /,1. most important; main; 2.  the person in charge of a (US) public school,adj. 最重要的，首要的；本金的，母金的 n. <美>（美国公立中小学的）校长；<英>（英国的）大学校长，学院院长,principal component: 主成分；[化]知组分 | principal component analysis: 主成分分析 | principal and interest: 本利，本金及利息
master,/ ˈmæstər /,1. someone who has control over others; 2. someone who is very skilled at doing something,n. 雇主，主子；主宰者，控制者 v. 精通，掌握；控制，掌控 adj. 熟练的，精通的；最重要的，主要的 其他 【名】 （Master）马斯特（人名）,master of: 控制；精通…的能手 | master degree: 硕士学位；研究生 | master plan: 总体规划；蓝图
definitely,/ ˈdefɪnətli /,without question; beyond doubt,adv. 肯定地，当然；明确地，确定地,
session,/ ˈseʃ(ə)n /,period of time for doing a particular activity,n. （某项活动的）一段时间，一场；（议会等的）会议，（法庭的）开庭 adj. （音乐家）伴奏的,plenary session: 全体大会 | training session: 练习课；培训课程；训练项目 | in session: 在开庭；在开会；在上课
grade,/ ɡreɪd /,level of study that is completed by a student,n. 等级，品级；（工作岗位，官衔等的）级别，职别 v. 按照级别安排或分配，分类；给……评分 其他 【名】 （Grade）（英）格雷德，（法、德、西、葡、塞、瑞典）格拉德（人名）,high grade: 高品位；高级的 | top grade: 优级，最高级 | low grade: 低级的；低质量的
nevertheless,/ ˌnevərðəˈles /,despite what has just been done or said; nonetheless,adv. 然而，不过,
predict,/ prɪˈdɪkt /,to guess or estimate what will or might happen,v. 预言，预计，预卜,
previously,/ ˈpriːviəsli /,at an earlier time,adv. 以前地，先前地,
protection,/ prəˈtekʃn /,being kept from harm,n. 保护，防护；保护物，护身符,environmental protection: 环境保护 | environment protection: 环境保护；环境保扩 | protection system: 保护系统
largely,/ ˈlɑːrdʒli /,in large part; mainly or chiefly,adv. 很大程度上，主要地,
wed,/ wed /,to marry; to get married,v. 结婚，娶，嫁；（使）结合,
rent,/ rent /,to pay money for the use of something,n. 租金，租用费；（布等上面的）破洞，裂口 vt. 租用，租借；出租，将……租给 v. 撕裂，扯碎；（声音）响彻，刺破 其他 【名】  （Rent）（瑞典）伦特（人名）,for rent: 出租；供出租 | rent out: 租出 | pay the rent: 付租金
shot,/ ʃɑːt /,"the act of firing a gun, or kicking or throwing a ball at a goal",n. 射击，开枪（或炮），枪声；射手，枪手 adj. 杂色的，闪色的；破烂不堪，筋疲力尽 v. 开（枪），射击；射出（弓箭等）,shot down: 击落，打垮 | one shot: 单次对焦；一次使用 | like a shot: 立刻；飞快地
appearance,/ əˈpɪrəns /,way that someone or something looks,n. 露面，演出；出庭，到场,in appearance: adv. 在外表上 | outward appearance: 外观；外表 | elegant appearance: 美观大方
reasonable,/ ˈriːz(ə)nəb(ə)l /,fair and sensible; appropriate,adj. 有道理的，合情理的；（人）通情达理的，讲道理的,reasonable price: 合理价格；价格公道 | reasonable distribution: 合理级配 | reasonable time: 合理期限；适当的时间
guarantee,/ ˌɡærənˈtiː /,to make a formal promise that something will happen or be done.,v. 确保，保证；担保，为……作保 n. 保证，担保；保修单，质量保证书,quality guarantee: 品质保证，质量保证 | credit guarantee: 信用担保；信贷保证 | guarantee period: 保修期；保质期
till,/ tɪl /,until,prep. 直到，到……为止；<苏格兰>向，朝 conj. 直到，到……为止 n. （商店等处的）现金出纳机，收银机；<英，非正式>（大商店中的）交款处，收银枱 v. 耕作，犁地 其他 【名】 （Till）（德）蒂尔（人名）,
theme,/ θiːm /,main subject to discuss or describe,n. （谈话、书籍、电影等的）题目，主题；（音乐的）主旋律 adj. 以奇想主题布置的 v. （休闲场所、活动）以……主题,theme park: n. （游乐园中的）主题乐园 | main theme: 雪天使圆舞曲；主题曲 | theme song: 主题歌；信号曲；老套话
judgment,/ ˈdʒʌdʒmənt /,opinion that is made after careful consideration,n. 判断，看法；判断力，识别力,value judgment: 价值判断 | judgment day: 世界末日；最后审判日 | final judgment: 终审；最终判决；终局判决；最后判决
odd,/ ɑːd /,being strange or different from what is usual or expected,adj. 奇怪的，反常的；偶然出现的，偶尔发生的 adv. （用于数字后）大约，左右 其他 【名】 （Odd）（英、西、挪、瑞典）奥德（人名）,odd number: 奇数 | odd couple: 出人意料互不相配的一对 | at odd: 争执；奇数
approve,/ əˈpruːv /,to have a positive opinion of someone or something,v. 同意，赞成；批准，通过,approve oneself: [古语]证明为，表明为 | approve of: 赞成 | examine and approve: 审批
loan,/ loʊn /,something (usually money) that is given to someone for a period of time with a promise that it will be returned,n. 贷款，借款；借用，借出 v. 借出，借给,on loan: 借用；借贷；借调 | bank loan: 银行贷款 | mortgage loan: 按揭贷款；抵押借款
definition,/ ˌdefɪˈnɪʃn /,"explanation of word's meaning, as in dictionaries",n. 定义，释义；榜样，典范,definition of: 定义 | by definition: 按照定义；当然地；明显地 | high definition: 高清晰度
elect,/ ɪˈlekt /,choose someone for a position usually by voting ,v. 选举；选择（做） adj. 候任的；选中的，卓越的 n. 上帝的选民（the elect）；特权阶层,president elect: 当选总统（尚未就职的）
atmosphere,/ ˈætməsfɪr /,The mixture of gases surrounding the Earth; the feeling that a place or situation gives you,n. （包围地球或其他行星的）大气，大气层；（房间或其他场所内的）空气,earth's atmosphere: 地球大气 | social atmosphere: 社会气氛 | academic atmosphere: n. 学业风气，学习氛围
farmer,/ ˈfɑːrmər /,"someone who owns or looks after farm, a place for growing crops and keeping animals",n. 农夫，农民 n. （Farmer）（英）法默；（法）法尔梅,dairy farmer: 奶农；畜牧工人
comparison,/ kəmˈpærɪsn /,looking for differences and similarities in two or more things,n. 比较，对照；相提并论，相比,comparison with: 与…相比 | in comparison: adj. 相比之下；与……比较 | in comparison with: 与…比较，同…比较起来
characteristic,/ ˌker.ək.təˈrɪs.tɪk /,a typical feature or quality that a particular person or thing has,n. 特征，特点，特色 adj. 独特的，典型的,characteristic of: 特有的；表示…特性的 | dynamic characteristic: 动态特性；负载特性曲线 | characteristic curve: 特性曲线；特征曲线
license,/ ˈlaɪs(ə)ns /,official document which allows a person to do or have something,n. 执照，许可证；特许（同 licence） vt. 许可；特许,business license: 营业执照；运业执照 | license plate: 牌照 | driver's license: 驾驶执照
rely,/ rɪˈlaɪ /,able to depend on,v. 相信，信赖；依靠，依赖,rely on: 依靠，依赖
narrow,/ ˈnæroʊ /,long but not wide; a small distance from one side to the other compared to length,adj. 狭窄的，狭小的；（想法、态度或信仰）狭隘的 v. （人的眼睛）眯起来；使缩小，压缩 n. 海峡；狭窄部分,narrow sense: 狭义 | narrow band: [计]窄带，窄频带；[经]狭小汇率幅度 | narrow strip: 窄带钢；窄带材
succeed,/ səkˈsiːd /,to finally achieve something that you were trying to achieve,v. 成功，达成；（学业、事业或其他活动）表现出色，有作为,succeed in: 成功；在…方面成功；顺利完成 | succeed someone as: 接任某人的职务 | succeed at: 成功方面，在…方面成功
identity,/ aɪˈdentəti /,who someone is; the collection of qualities that makes a person,n. 身份，本体；个性，特性,identity card: 身份证 | cultural identity: 文化身份；文化认同 | national identity: 国家认同；民族认同
desk,/ desk /,a piece of furniture like a table often with drawers,n. 书桌，办公桌，写字台；服务台，问询台 adj. 书桌的，桌上适合用的,information desk: 服务台，问询处 | front desk: 前台；服务台 | reception desk: 接待处（等于front desk）
permit,/ pərˈmɪt /,to allow someone to do something or for something to happen,v. 批准，许可；（使）成为可能 n. 执照，许可证；古氏鲳鲹,work permit: 工作许可证 | residence permit: 居留证 | permit of: 允许；容许有
seriously,/ ˈsɪriəsli /,in a serious way; in a way that shows something is important,adv. 严重地，恶劣地；严肃地，认真地,take seriously: 重视；认真对待… | seriously ill: 病重 | take it seriously: 认真对待；当真
wild,/ waɪld /,living in nature; not tame,adj. （动植物）自然生长的，野生的；（土地）无人烟的，未开垦的 adv. 自然地，不受控制地 n. 偏远地区，人烟稀少的地区；自然环境，野生状态 v. <西印度> 野蛮对待，残酷对待 其他 【名】 （Wild）（英）怀尔德，（法、德、葡、捷、匈）维尔德（人名）,in the wild: 在野外，野生的；在自然环境下 | wild flower: 野花 | wild animal: n. 野生动物；野兽
empty,/ ˈempti /,containing nothing; with no contents,adj. 空的；空洞的，无意义的 v. 清空；变空 n. 空容器,feel empty: [口语]觉得饿 | empty space: 真空，真空区；架空层；空档 | empty stomach: 空腹
commission,/ kəˈmɪʃ(ə)n /,a group officially put in charge of finding out about something or controlling something,n. 考察团，委员会；佣金，回扣 v. 委托撰写，委托制作；委任，任命……为军官,arbitration commission: [经]仲裁委员会 | on commission: 抽取佣金；受托代销；被授权 | european commission: 欧洲委员会
unique,/ juˈniːk /,unlike other things; being the only one like it,adj. 独一无二的，独特的；非常特别的，极不寻常的 n. <古>独一无二的人（或事） 其他 【名】 （Unique）尤妮克（人名）,unique style: 独特的风格 | unique feature: 特色；特性；独到之处 | unique opportunity: 唯一机会；极难得的机会
association,/ əˌsəʊsiˈeɪʃn; əˌsəʊʃiˈeɪʃn /,organization of people with the same interest,n. 协会，社团，联盟；交往，联合,association with: 与…的交往；与…联合 | trade association: 贸易协会；同业公会 | in association with: 与…相联系；与…联合
instrument,/ ˈɪnstrəmənt /,a piece of equipment used for a particular purpose such as making music or measuring something,n. 器械；乐器 v. 给……装备测量仪器,measuring instrument: [化]测量仪表 | musical instrument: 乐器 | test instrument: 试验仪器；测量设备
investor,/ ɪnˈvestər /,a person who gives money to help a business grow for a profit,n. 投资者，投资机构,foreign investor: 外国投资者 | investor confidence: 投资信心；投资者信任 | institutional investor: 有组织的集体投资者；金融机构投资者
practical,/ ˈpræktɪk(ə)l /,"relating to what is sensible, real, or useful rather than with ideas or theories",adj. 真实的，实际的；（计划、方法等）切实有效的，切实可行的 n. <英>（科学、烹饪等的）实践课，实用知识考试,practical application: 实际应用 | practical experience: 实务经验，实践经验，实际经验 | practical value: 实际价值
tea,/ tiː /,drink made when you put dried leaves in hot water,n. 茶，茶水；（用其他植物叶子沏的）饮料 vi. <古>喝茶，吃下午茶 其他 【名】 （Tea）（柬）迪（人名）,green tea: 绿茶 | cup of tea: n. 命运；心爱之人或物 | black tea: 红茶
lovely,/ ˈlʌvli /,attractive or beautiful,adj. 可爱的，迷人的；令人愉快的，美好的 n. <非正式>美女，佳人；可爱的东西,lovely girl: 可爱的姑娘
soft,/ sɔːft /,"easy to press, bend or cut; not hard or firm",adj. 易弯曲的，柔软的；柔滑的，细嫩的 adv. 温柔地；<美>轻轻地 n. 柔性；柔软的东西,soft tissue: 软组织 | soft soil: 软土，软泥地 | soft rock: 比较轻柔的摇滚乐；软岩石
row,/ roʊ /,a straight line of people or things; one after another,n. 一排，一行；（剧院、体育场等的）一排座位 v. 划（船）；划船送（某人或某物） 其他 【名】 （Row）（英）罗（人名）,in a row: 连续；成一长行 | front row: 前排，头一排 | single row: 单排；单行
youth,/ juːθ /,when you are young; a young person,n. 青少年时期；早期，初期,youth league: 青年团 | youth hostel: 青年招待所；青年（学生）宿舍 | the communist youth league: 共产主义青年团
lock,/ lɑːk /,to close something with a device so others can't open it,v. 锁住，把……锁起来；固定，卡住 n. 锁；一缕头发 其他 【名】 （Lock）（美）洛克（人名）,lock up: 把…锁起来；关起来 | ship lock: 船闸 | lock in: 把……关在里面
fuel,/ ˈfjuːəl /,material used to produce heat or power when burned,n. 燃料，燃烧剂；刺激因素，刺激性言行 v. （给……）提供燃料，加油；刺激，加剧 其他 【名】 （Fuel）（美）傅爱乐（人名）,fuel cell: 燃料电池 | fuel consumption: 耗油量 | fuel oil: 燃料油，燃油，重油
expectation,/ ˌekspekˈteɪʃn /,a belief or hope that something is going to happen,n. 期待，预期；期望，指望,in expectation: 期望着；意料之中 | expectation value: 期待值 | expectation of life: 平均寿命；预期寿命（等于life expectancy）
employment,/ ɪmˈplɔɪmənt /,having a job; work done for money,n. 雇用；使用，利用,obtain employment: 就业，找到工作 | in employment: 在工作 | employment rate: 就业率；雇用率；人力资源新进率
celebrate,/ ˈselɪbreɪt /,"to observe an event or occasion (e.g., a birthday)",v. 庆祝，庆贺；赞扬，赞美,celebrate with: 庆祝 | celebrate christmas: 庆祝圣诞
sexual,/ ˈsekʃuəl /,concerning physical activity that can produce babies,adj. 性的，性行为的；性别的,sexual intercourse: 性交 | sexual harassment: 性骚扰 | sexual behavior: 性行为
shoulder,/ ˈʃoʊldər /,the part of the body where an arm attaches or joins,n. 肩，肩膀；双肩，上背部（shoulders） v. 承担，担负；挤，闯,shoulder to shoulder: adv. 肩并肩地；齐心协力地 | cold shoulder: 冷遇；冷淡对待 | shoulder joint: n. 肩关节
breath,/ breθ /,air you take in and out of your body,n. 呼吸，气息；一次吸入的空气,deep breath: 深呼吸 | take a deep breath: 深呼吸 | out of breath: 喘不过气来，上气不接下气
increasingly,/ ɪnˈkriːsɪŋli /,more and more; in greater degree or amount,adv. 越来越多地，不断增加地,
import,/ ˈɪmpɔːrt /,to bring items or goods from one country into another,n. 进口，进口商品；输入，引进 v. 进口，输入，引进；导入（计算机）,import and export: 进出口；导入和导出；输入和输出 | import and export corporation: [经]进出口公司 | import license: 进口许可证
bottle,/ ˈbɑːt(ə)l /,a container with a narrow neck used to hold liquids like water or wine,n. 瓶子；一瓶（的量） v. 装瓶；<非正式>用玻璃瓶砸,a bottle of: 一瓶 | on the bottle: ◎靠奶瓶喂养；吮吸奶瓶 | glass bottle: 玻璃瓶
ourselves,/ ɑːrˈselvz /,used by a speaker to show that they and one or more people are affected by their action,pron. 我们自己；我们亲自,by ourselves: 我们自己；独自地 | between ourselves: 只限于咱们之间；秘密的
sheet,/ ʃiːt /,"a large piece of fabric or material that is used to cover something, often a bed",n. 床单，被单；布罩，盖布 v. （用布）盖上，裹上；把（帆）扣紧（或放松） 其他 【名】 （Sheet）（英）希特（人名）,sheet metal: 金属薄片 | balance sheet: 资产负债表 | steel sheet: 钢片；薄钢板
engine,/ ˈendʒɪn /,a machine that changes energy into motion,n. 发动机，引擎；机车，火车头,diesel engine: 柴油机（等于diesel） | search engine: 搜索引擎 | gasoline engine: 汽油机，汽油发动机
cast,/ kæst /,"to send, throw, or move something or someone in a direction",v. 投射（光，影）；将（视线，目光）投向 n. 演员阵容；铸型，模型 其他 【名】 （Cast）（法）卡斯特（人名）,cast iron: 铸铁，生铁，锻铁 | cast off: 摆脱；抛弃；解开（缆绳等） | cast steel: 铸钢，坩埚钢
notion,/ ˈnoʊʃ(ə)n /,idea or opinion about doing something,n. 概念，想法；缝纫用品,
conservative,/ kənˈsɜːrvətɪv /,preferring traditional styles and values,adj. 保守的；保守派的，保守主义的（认为政府应该实行政治保守主义） n. 保守者，因循守旧者；保守党党员，保守党支持者,conservative party: n. 保守党 | conservative estimate: 审慎估计，保守估计 | conservative government: 保守政权
journey,/ ˈdʒɜːrni /,traveling from one place to another; trip,n. 旅行，旅程；历程，过程 v. 旅行 其他 【名】 （Journey）（英）朱尼，朱妮（人名）,long journey: 长途旅行 | journey to the west: 西游记 | on the journey: 在旅程中
opposition,/ ˌɑːpəˈzɪʃ(ə)n /,act of disagreeing or trying to stop something,n. （强烈的） 反对，反抗；对手，竞争者（the opposition）,in opposition to: 反对；与…相反 | opposition party: 反对党；在野党 | binary opposition: 二元对立；二项对立；相对关系
relief,/ rɪˈliːf /,the pleasant and relaxed feeling when something unpleasant stops or does not happen,n. （因恐惧、忧虑或痛苦的消除而感到的）宽慰，轻松；（疼痛或不快的）减轻，缓解,in relief: 显著地；鲜明地；浮雕一般 | disaster relief: 赈灾；灾难援助 | relief valve: 安全阀；减压阀
debt,/ det /,the sum of money owed to somebody that is not yet paid,n. 欠款，债务；负债情况,in debt: 负债；欠情 | national debt: 国债 | debt financing: [经]债务资金筹措；举债筹资
honor,/ ˈɑːnər /,respect given to someone who is admired,n. 荣誉；信用 vt. 尊敬（等于 honour）；给……以荣誉,great honor: 无上的荣誉，殊荣 | in honor: 为了纪念；向…表示敬意 | in honor of: 向…致敬，向…表示敬意；为庆祝…
outcome,/ ˈaʊtkʌm /,"something that happens as a result, consequence",n. 结果，效果,possible outcome: 可能结果 | therapeutic outcome: 治疗结果 | learning outcome: 学习结果；学习成果
blame,/ bleɪm /,to say someone is responsible for something bad,v. 责怪，归咎于；怨，怪 n. 责备，过错，罪责,blame for: 责备；因……责备 | take the blame: 承担过错 | put the blame on: 归咎于…
explanation,/ ˌekspləˈneɪʃ(ə)n /,details or reasons given to make something clear,n. 解释，说明；解释性说法，说明性文字,in explanation of: 解释 | special explanation: 特别说明
arise,/ əˈraɪz /,"to begin, to start to happen",v. 产生，出现；起源（于），由……引出 其他 【名】 （Arise）（英、美、德、印）阿里塞,arise from: 由…引起，起因于 | arise out of: 起于……
musical,/ ˈmjuːzɪk(ə)l /,play or movie set to music,adj. 音乐的，配乐的；喜爱音乐的，精通音乐的 n. 音乐剧，音乐片,musical instrument: 乐器 | musical composition: 乐曲 | musical performance: n. 演奏（会）；音乐表演
recover,/ rɪˈkʌvər /,to become healthy after an illness or injury; to get better,v. 恢复（健康，精神，体力）；康复，复原（be recovered） n. （军事操练）枪还原，收枪（the recover） 其他 【名】  （Recover）（西）雷科韦尔（人名）,recover from: 恢复；恢复知觉
dad,/ dæd /,father,n. 爸爸；爹爹 n. （Dad）人名；（孟、巴基、阿富）达德,
stretch,/ stretʃ /,to make something bigger or looser by pulling on it,v. （使）变大，拉长；（布料）可伸缩，有弹性 n. （土地或水域的）一片，一段；（时间）连续的一段，持续 adj. （织物）有弹性的，有弹力的 其他 【名】 （Stretch）（美）斯特雷奇（人名）,stretch oneself: 伸懒腰；伸展身体；尽最大的努力 | stretch out: 伸手 | at a stretch: 一口气地，不休息地
declare,/ dɪˈkler /,to say something in an official or sure way,v. 宣布，声明；断言，宣称,declare oneself: 显露身分；发表意见 | declare for: v. 表明赞成（拥护） | nothing to declare: 绿色通道；不需报关
retire,/ rɪˈtaɪər /,to stop working because you have reached a certain age,v. （令）退职，（使）退休；（专业运动员）退役 n. 退休，退隐,retire from: 从……退休 | retire into oneself: 退隐，沉默；(沉湎于自己的思想而)离群索居
tiny,/ ˈtaɪni /,"very, very small",adj. 极小的，微小的 n. <非正式>幼童 其他 【名】 （Tiny）（葡、印）蒂尼（人名）,tiny amount: 微小额 | tiny island: 小岛 | tiny baby: 个儿小的婴儿
careful,/ ˈkerf(ə)l /,thinking about what you are doing in order to avoid a mistake,adj. 仔细的，小心的；谨慎的，周密的,careful in: 在…方面小心 | careful consideration: 深思熟虑；细心考虑 | be careful with: 小心；照顾
suitable,/ ˈsuːtəb(ə)l /,acceptable or right for someone or something,adj. 适宜的，合适的,suitable for: 适合…的，适合于… | suitable temperature: 适用温度；舒适温度 | suitable candidate: 合适人选
native,/ ˈneɪtɪv /,being from or living in the place where you were born,adj. 本地出生的，出生地的；天生的，天赋的 n. 土生土长者，本地人；当地居民,native place: 籍贯 | native american: 印第安人；美洲原住民 | native language: 本国语言；本机语言；机器各单元间编码语言
fruit,/ fruːt /,food that grows on a tree or bush,n. 水果；（植物的）果实 v. （使）结果实 其他 【名】 （Fruit）（英）弗鲁特，（法）弗吕（人名）,fruit juice: 果汁 | bear fruit: 结出果实；奏效 | fresh fruit: 鲜果，水果拼盘
analyze,/ ˈænəlaɪz /,to study carefully to find out the meaning of,vt. 对……进行分析，分解（等于 analyse）,analyze data: 分析数据；分析资料
witness,/ ˈwɪtnəs /,a person who sees something happen,n. （尤指犯罪或事故的）目击者；（法庭等的）证人 v. 目击，目睹；见证，经历（事件、变化等） 其他 【名】 （Witness）（津）威特尼斯（人名）,bear witness: 证明，作证 | as witness: 以…为证明 | in witness whereof: 以资证明；作为其证据
mail,/ meɪl /,"a letter, package, or email",n. 邮政，邮递系统；邮件，信件 v. 邮寄；用电子邮件发送 其他 【名】 （Mail）（法）马伊（人名）,by mail: 邮寄；通过写信，通过邮递；按信件 | daily mail: 每日邮报（英国伦敦的报刊） | voice mail: 语音邮件
terrible,/ ˈterəb(ə)l /,very bad; horrible,adj. 糟糕的，令人极为不快的；极度的，极其严重的,feel terrible: 感觉不舒服
researcher,/ ˈriːsɜːrtʃərˌrɪˈsɜːrtʃər /,a person who studies something carefully to learn new information,n. 研究人员,scientific researcher: 科学研究人员 | market researcher: 市场研究员
ordinary,/ ˈɔːrd(ə)neri /,"not special, different, or unusual",adj. 普通的，平常的；平淡无奇的，平庸的 n. 常见的人（或事物）（the ordinary）；<英>常任法官,in ordinary: （职务等）常任的；（待修的船只等）闲搁着的 | ordinary people: 普通人，一般人 | out of the ordinary: 不平常的
selection,/ sɪˈlekʃ(ə)n /,the act of carefully choosing something or someone from a group,n. 选择，挑选；被挑选的人（或物），精选品,natural selection: 自然选择；[生]物竞天择说 | type selection: 典型选择 | site selection: 厂址选择；基地选择；位置选择
anywhere,/ ˈeniwer /,"in, at, or to any place; used in questions, with 'not'",adv. 在任何地方；无论何处 n. 任何地方,or anywhere: 或是什么别的地方，或其他某地 | get anywhere: 有点成就 | anywhere near: [口]接近于；全然；差不多
mental,/ ˈment(ə)l /,concerning the mind,adj. 存在于大脑中的，思考的；精神的，思想的，智力的,mental health: 心理健康 | mental state: 精神状态 | mental illness: 精神病
participant,/ pɑːrˈtɪsɪpənt /,a person who is actively involved and included in something,n. 参加者，参与者 adj. 参与的,participant observation: 参与观察
vision,/ ˈvɪʒ(ə)n /,ability to see things with your eyes,n. 幻想，想象；幻觉，幻象 v. <罕>想像,computer vision: 计算机视觉；机械视觉 | machine vision: 机器视觉；计算机视觉 | field of vision: 视野；[光]视场
personality,/ ˌpɜːrsəˈnæləti /,person's character; the way that a person usually acts,n. 个性，性格；魅力，品格（如活力、友好、幽默等）,healthy personality: 健康人格；健全人格 | personality development: 人格发展，个性发展 | independent personality: 独立人格
specifically,/ spəˈsɪfɪkli /,in a well-defined or clear manner; in particular,adv. 特意，专门地；明确地，具体地,more specifically: 更具体地说
fat,/ fæt /,oily part of meat,adj. 肥的，肥胖的；厚的，宽的 n. 脂肪，肥肉；食用油，烹调用油 v. <旧>（使）长肥 其他 【名】 （Fat）（法、西、塞）法特，（东南亚国家华语）发（人名）,fat chance: [美口]希望渺茫；很少可能（作反语） | body fat: 体脂肪；体脂重 | blood fat: 血脂
entry,/ ˈentri /,the act of going into some place,n. 进入，加入；出场，莅临,entry into: 进入，加入 | data entry: [计]数据输入；资料登录 | entry point: [计]入口点；入职薪点；入水点
fellow,/ ˈfeloʊ /,someone in the same group or situation; a boy or man,n. 小伙子，家伙；同伴，同事，同学 adj. 同类的，同伴的 其他 【名】 （Fellow）（美、英、印）费洛（人名）,research fellow: 研究员，研究人员 | young fellow: 小伙子 | little fellow: 小家伙，小鬼
chemical,/ ˈkemɪk(ə)l /,a basic substance produced by mixing elements,adj. 化学的，与化学有关的 n. 化学品，化学制品；成瘾的药物,chemical industry: 化学工业 | chemical composition: 化学成分；化学组成 | chemical engineering: 化学工程
capture,/ ˈkæptʃər /,to catch and prevent a person/animal from being free,v. 俘获，捕获；夺取，占领 n. 捕获，被捕获；被捕获的人（或物）,video capture: 视频捕捉 | data capture: 数据捕捉 | motion capture: 动作捕捉
tip,/ tɪp /,a small piece of advice; the end of something,v. （使）倾斜，（使）斜侧；给小费 n. 指点，诀窍，建议；小费 其他 【名】 （Tip）（美、俄）蒂普（人名）,crack tip: 裂纹尖端，裂纹端 | root tip: 根尖 | tip in: 用手指将球送入蓝中；在书页间装订处粘附插面
discount,/ ˈdɪskaʊnt /,an amount of money taken off the usual price of something,n. 减价，折扣；（汇票或期票到期前转手的）贴现率 adj. 打折的，减价出售的 v. 打折，减价；不重视，忽视,at a discount: 打折扣；不受欢迎，没销路 | special discount: 特别折扣 | discount price: 折扣价格
peak,/ piːk /,"the time or place when something or someone is best, greatest, highest",n. 巅峰，顶点；山顶 v. 达到高峰，达到最大值；<古>消瘦，衰弱，精神萎靡 adj. 巅峰状态的，最高的；高峰时期的 其他 【名】 （Peak）（英）皮克（人名）,peak value: 峰值 | peak load: [经]最大负载 | peak period: 波峰周期；尖峰期
chairman,/ ˈtʃermən /,a person in charge of a meeting,n. （尤指男性）主席，（委员会或组织的）负责人；（公司）总裁，（组织）主席 v. 主持，掌管,vice chairman: 副主席；副会长 | board chairman: n. 董事长 | chairman of the board: n. 董事长；董事局主席
proportion,/ prəˈpɔːrʃ(ə)n /,an amount that is a part of a whole thing,n. 部分，份额；比例 v. <正式> 使（某物）成比例，使相称；分摊,in proportion: 成比例；相称 | a large proportion of: 一大部分 | direct proportion: n. 正比；正比例
ear,/ ɪr /,the part of the head that you hear with,n. 耳朵；灵敏的听力 其他 【名】 （Ear）（柬）伊（人名）,in the ear: 正在结穗 | by ear: 不看乐谱；凭听觉 | on one's ear: ◎震惊，(使)惊讶，激动；(引起)动乱
disappear,/ ˌdɪsəˈpɪr /,to become impossible to see,v. 消失，不见；失踪，丢失,disappear from: 从…处消失
shout,/ ʃaʊt /,to speak very loudly because you want to get their attention,vi. 叫嚷，大声说；呼叫，喊叫 n. （愤怒、害怕、激动等的）呼喊，喊叫声；<英，非正式> 请客的酒，轮到买酒请客,shout at: 对…大喊；叱喝 | shout out: 突然呼喊，大叫
yard,/ jɑːrd /,outdoor area or garden next to a house,n. 码（长度单位，等于 3 英尺或 0.91 米）；（尤指沙等建筑材料的）平方码，立方码 v. <美> 把（木材）堆放（或运至）场内；把（家畜）驱入圈栏 其他 【名】 （Yard）（英）亚德（人名）,back yard: 后院 | front yard: 前院 | storage yard: 堆货场；存车场
constant,/ ˈkɑːnstənt /,happening frequently or without pause,adj. 持续不断的，经常发生的；恒定的，不变的 n. 常数，恒量；不变的事物 其他 【名】 （Constant） （德）康斯坦特（人名）,constant temperature: 恒温；定温；等温 | constant pressure: 恒压 | dielectric constant: 介电常数；电容率
significantly,/ sɪɡˈnɪfɪkəntli /,in a way that is important or noticeable,adv. 显著地，相当数量地；值得注意的是（用于表示某事非常重要）,
hill,/ hɪl /,an area of land that is higher than the land around it but smaller than a mountain,n. 山丘，小山；（道路的）斜坡 v. 使成堆 其他 【名】 （Hill）（英、德、匈、捷、罗、芬、瑞典）希尔，（法、西）伊尔（人名）,buried hill: 潜山；埋藏山；掩丘 | capitol hill: 美国国会；美国国会山 | green hill: 青山，绿色的小山
considerable,/ kənˈsɪdərəb(ə)l /,"large in size, amount, or effect",adj. 相当大的，相当重要的；（人）显要的，值得尊敬的,
instruction,/ ɪnˈstrʌkʃ(ə)n /,information about how to do or use something,n. 用法说明；指示，吩咐 adj. 说明用法的,classroom instruction: 课堂教学；课程设计 | instruction set: 指令组（表），指令系统 | work instruction: 作业指导；工作指令
intelligence,/ ɪnˈtelɪdʒəns /,"ability to learn, think about, and understand things",n. 智力，才智；智能,artificial intelligence: 人工智能 | competitive intelligence: 竞争情报 | business intelligence: 商业智能
ideal,/ aɪˈdiːəl /,perfect; most suitable; best possible,adj. 理想的，最佳的；想象的，不切实际的 n. 理想；典范，完美典型,ideal gas: 理想气体 | ideal solution: 理想溶液 | ideal world: 理想世界
folk,/ foʊk /,ordinary people,n. 人们；家人，双亲 adj. 民俗的，传统的；流传民间的，普通百姓的 其他 【名】 （Folk）（英、匈、捷）福克（人名）,folk art: 民间艺术 | folk music: 民俗音乐 | folk culture: 民俗文化；民间文化
surely,/ ˈʃʊrli /,with certainty; definitely,adv. （用于表明你相信某事极有可能）想必，谅必；无疑，肯定,slowly but surely: 稳扎稳打，踏实的
guard,/ ɡɑːrd /,"to keep watch over something to protect it e.g., a bank",n. 卫兵，警卫；看守，保卫，警戒 v. 守卫，保卫；看守，监视 其他 【名】 （Guard）（英）格尔德（人名）,guard against: 防止；提防 | on guard: 警惕；站岗 | mount guard: 上岗；执勤；看管
cat,/ kæt /,a small animal of the lion and tiger family with four legs and a tail that is kept as a pet,n. 猫，猫科动物,cats and dogs: [美俚]价值低的股票；杂物；（下雨）猛烈地；大量地 | black cat: 黑猫（软件名称） | bell the cat: 为大家的利益承担危险
somewhat,/ ˈsʌmwʌt /,"little, not very",adv. 稍微，有点 pron. 几分；某物,
kiss,/ kɪs /,to put your lips against another's to show love,v. 亲吻，接吻；轻拂，轻触 n. 吻，接吻；（一球与另一球的）轻擦 其他 【名】 （Kiss）（美、匈牙利、罗马尼亚）基什（人名）,kiss away: 吻掉（用吻来消除忧愁、眼泪等） | kiss of death: n. 死亡之吻（表面看上去有益但实际上具有毁灭性的行为或事务） | kiss and tell: 专揭名人私生活的书；根据第一手资料写成的绯闻或丑闻故事
presentation,/ ˌpriːz(ə)nˈteɪʃ(ə)n /,act of giving a formal talk about something,n. （颁奖等）仪式，典礼；授予，颁发,oral presentation: 口头报告；口头陈述；口头演讲 | presentation skill: n. 演讲技巧；表达技巧 | visual presentation: 视觉显示；可视图像
joint,/ dʒɔɪnt /,1. (n.) place where two things meet; 2. (adj.) done together,adj. 联合的，共同的，共有的；连带的 n. 关节；（一般带有骨头的）一大块肉 v. 把……切成带骨的大块肉；接合，联合 其他 【名】 （Joint）（美）茹安（人名）,joint venture: 合资企业；联合经营 | knee joint: 膝关节；弯头结合 | welded joint: 焊缝；焊接节点
compete,/ kəmˈpiːt /,to try to win something such as a race or game,v. 竞争，对抗；争夺,
poll,/ poʊl /,to get information by asking many people questions about a particular subject,n. 民意调查，民意测验；选举投票，计票 v. 对……进行民意测验（调查）；获得（票数） 其他 【名】 【名】（Poll）（德、匈、罗、英）波尔（人名）,opinion poll: 民意测验；选举投票 | go to the polls: 去投票处投票 | public opinion poll: 民意测验
weak,/ wiːk /,having little power; not strong; easy to break,adj. 虚弱的，无力的；不牢固的 n. 穷人，弱者，病人（the weak）,weak point: 弱点（心理或身体上的残疾）；缺点 | weak link: 薄弱环节；弱键 | weak force: 弱作用力；弱核力；弱相互作用
faith,/ feɪθ /,a strong belief that someone or something is honest and good,n. 信任，信心，信念；宗教 int. <爱尔兰>用以表示惊讶或强调千真万确 其他 【名】 （Faith）（英）费思，费丝，（匈）福伊特，（瑞典）法伊特（人名）,good faith: 诚实；善意；真挚 | in good faith: 真诚地；善意地；诚心诚意地 | faith in: 对…的信任；对…有信仰；对…有信心
reduction,/ rɪˈdʌkʃ(ə)n /,making something smaller; reducing something,n. 减小，降低；减价，折扣,noise reduction: 噪声降低，噪声消减 | cost reduction: 成本降低 | reduction method: 还原法；设置限制方法
reserve,/ rɪˈzɜːrv /,1. (v) to arrange to use a room or table at a particular time; 2. (n) a store of something,v. 预订；保留，预留 n. 储备（量），储藏（量）；含蓄，寡言 其他 【名】  （Reserve）（挪、美、法、俄、墨）勒塞尔夫（人名）,federal reserve: （美国）联邦储备系统 | nature reserve: n. 自然保护区 | in reserve: 备用的；留下的
complaint,/ kəmˈpleɪnt /,saying something is wrong and should be changed,n. 抱怨，投诉；不满的缘由，抱怨的问题,complaint about: 投诉；对…抱怨 | lodge a complaint: 投诉；对…提出控告 | complaint center: 投诉中心
bore,/ bɔːr /,to make someone not interested in something,v. 使厌烦，使讨厌；钻（孔），挖（洞） n. 令人讨厌的人；使人厌烦的事 其他 【名】 （Bore）（法）博尔，（塞、马里）博雷（人名）,bore hole: 钻孔；炮眼 | bore diameter: 孔径，内径 | cylinder bore: 缸膛
mission,/ ˈmɪʃ(ə)n /,a special task or job that is given to a person or group,n. （尤指赴他国的）使命，重要任务；职责，天职 vi. 作艰苦的长途旅行（尤指去许多地方）；派遣,mission statement: 宗旨 | space mission: 太空任务；航天任务 | mission impossible: 不可能的任务，棘手的任务
somehow,/ ˈsʌmhaʊ /,in a way that is not known or certain,adv. 以某种方式，用某种方法；由于某种不明原因，不知为什么,somehow or other: 设法，想办法；莫名其妙地；以某种方法 | somehow you will: 不知道什么原因你就会做到（歌词）
tone,/ toʊn /,sound of a voice that shows emotion or meaning,n. 语气，腔调，口吻；气氛，基调，风格 v. 使强健，使结实；与……协调，与……相配 其他 【名】 （Tone）（罗、塞、乍）托内，（英）托恩（人名）,skin tone: 肤色；皮肤影调 | tone of voice: 语调；声调；口吻 | set the tone: 定调子
neighborhood,/ ˈneɪbərhʊd /,area of a town or city that people live in,n. 附近；街坊,in the neighborhood of: 在…附近；大约 | neighborhood committee: 居委会；街道委员会 | neighborhood park: 邻里公园
passenger,/ ˈpæsɪndʒər /,A person who is traveling in a vehicle,n. 乘客，旅客；（团体中）不干活的人，闲散人员 adj. 乘客的，旅客的,passenger transport: 客运 | passenger car: 客车；轿车；小客车 | passenger traffic: 客运，旅客流量；旅客运输
justice,/ ˈdʒʌstɪs /,"quality of being fair, equal, or just",n. 公平，正义；公道，合理 其他 【名】 （Justice）（英）贾斯蒂斯，贾斯蒂丝（人名）,social justice: [法]社会主义 | justice department: 司法部门 | administration of justice: 司法；司法行政；执法
phase,/ feɪz /,distinct part or step in a process,n. （发展或变化的）阶段，时期；做出某种行为的短时期 v. 分阶段进行；（物理）使相位同步，使定相,liquid phase: 液相 | first phase: 第一期；初相 | phase in: 逐步采用；分阶段引入
thin,/ θɪn /,not thick; not wide in size,adj. 薄的，细的；（人或身体部分）瘦的 v. （掺水等）使稀薄，使变淡；（头发）变稀疏 adv. 薄薄地 其他 【名】 （Thin）（越）辰，（柬）廷（人名）,thin film: 薄膜 | through thick and thin: 不畏艰险；在任何情况下 | thin layer: 薄层；薄膜层
rush,/ rʌʃ /,to do something very quickly,v. 冲，奔；把（某人或某物）迅速送往 n. （尤指一群人的）冲，奔；（空气、水等）湍流 其他 【名】 （Rush）（英）拉什（人名）,rush hour: 交通拥挤时间；上下班高峰时间 | gold rush: 淘金热 | in a rush: 急急忙忙地，急速地
formal,/ ˈfɔːrm(ə)l /,"suitable for serious, official, or important occasions",adj. 庄重的，合乎礼仪的；（语言）正式的，规范的 n. 正式的社交聚会；（女子的）正式礼服 其他 【名】 （Formal）（法）福马尔（人名）,formal education: 正规教育；形式教育 | record of formal schooling: 学历 | formal description: 形式描述
religion,/ rɪˈlɪdʒən /,set of beliefs about a god or gods,n. 宗教信仰；宗教，教派,freedom of religion: 宗教自由 | christian religion: 基督教 | primitive religion: 原始宗教
employer,/ ɪmˈplɔɪər /,person or firm that pays people to work for them,n. 雇主,equal opportunity employer: 招工一视同仁的雇主 | employer brand: 雇主品牌
reject,/ rɪˈdʒekt /,"to refuse to believe, accept, or consider",v. 拒绝，否决（提议、建议或请求）；摈弃，不接受（信仰或政治制度） n. 次品，废品；不合格者，被排斥者,reject rate: 废品率；拒绝率 | reject ratio: 废品率；退件率
latter,/ ˈlætər /,the second or last mentioned thing,adj. （两者之中的）后者的；末期的，后期的 n. （两者之间的）后者（the latter） 其他 【名】 （Latter）（英、德、捷）拉特（人名）,latter half: 下半时 | latter end: n. 结束部分；末端；死
plate,/ pleɪt /,a flat dish used for eating or serving food,n. 盘，碟；一盘（食物） v. 给……镀（金属）；给……加上装甲 其他 【名】 （Plate）（英、德、俄、西、意、瑞典）普拉特（人名）,steel plate: [冶]钢板 | in one's plate: 心情很好 | license plate: 牌照
ban,/ bæn /,to make something illegal or not allowed,n. 禁止，禁令；逐出令 v. 禁止，取缔；（官方）把（某人）逐出某地 其他 【名】 （Ban）（美、罗马、克罗地亚）班恩（人名）,ban ki-moon: 潘基文（男子名，韩国前外长，联合国秘书长） | ban from: 禁止 | lift the ban: 解禁；取消禁令
steal,/ stiːl /,to secretly take something that belongs to another,v. 偷窃，盗窃；剽窃，窃取（观点） n. 极廉价的物品，低价；（尤指篮球比赛中的）断球,steal away: （把某物）偷走；溜掉 | steal over: （感情等）渐渐控制…；渐渐弥漫；悄悄地呈现；不知不觉地袭来
protest,/ ˈproʊtest /,to express opposition through action or words,n. 抗议，反对；抗议活动 v. （公开）反对，抗议；坚决表示，严正申明,protest against: 反对，对…提出抗议 | without protest: 心甘情愿地；不反对地；[经]在“不保留异议”的情况下 | under protest: 抗议着；极不乐意地
index,/ ˈɪndeks /,a written or printed list of topics or words in a particular order,n. 索引；（物价和工资等）指数 v. 为……编索引，将……编入索引；使指数化，将（工资）等与（物价水平等）挂钩,index system: [计]索引系统 | refractive index: 折射率，折光率 | performance index: 性能指标，工作指数
sad,/ sæd /,feeling unhappy; wishing something hadn't happened,adj. 伤心的，难过的；令人伤心的，让人难过的 n. 季节性情感障碍（SAD）,so sad: 如此悲伤；如此难过 | feel sad: 感到悲伤；心酸 | in sad earnest: [古语]十分严肃地，一本正经地
frequently,/ ˈfriːkwəntli /,often; regularly,adv. 经常地，频繁地,frequently asked questions: 常见问答（等于FAQ）
circle,/ ˈsɜːrk(ə)l /,a perfectly round shape or a group arranged in that shape,n. 圆，圆形物；圈子，阶层 v. 盘旋，环行；围绕，圈起,in circles: 毫无进展，兜圈子 | vicious circle: 恶性循环；循环论证法 | economic circle: 经济圈；经济周期
helpful,/ ˈhelpf(ə)l /,doing things that help someone,adj. 有帮助的，有用的；愿意帮忙的,
command,/ kəˈmænd /,to give an order; have control over others,v. 命令，下令；统率，指挥 n. 命令，指示；（计算机的）指令 其他 【名】 （Command）（美）科芒（人名）,command line: 命令行 | command system: 命令系统 | in command: 领导
attractive,/ əˈtræktɪv /,"making you like them, as by being good-looking",adj. 吸引人的，有吸引力的；（人）迷人的，有魅力的,attractive appearance: 造型美观 | attractive force: 引力，吸引力 | attractive designs: 款式新颖；款式新奇
sick,/ sɪk /,having a physical or mental illness; not feeling well,adj. 生病的，患病的；病人的 n. 病人（the sick）；<英，非正式> 呕吐物 v. <英，非正式> 呕吐；放狗咬 其他 【名】 （Sick）（德、西）西克（人名）,feel sick: 觉得要呕吐 | sick of: 对…厌恶 | get sick: 生病；患病
impression,/ ɪmˈpreʃ(ə)n /,effect or feeling resulting from an experience,n. 印象，感想；影响，作用,impression of: 有…样的印象；对…的印象 | impression on: 对…的印象 | first impression: 第一印象
unable,/ ʌnˈeɪb(ə)l /,not being able to do something,adj. 不能胜任的，不会的,unable to establish: 不能成立
joke,/ dʒoʊk /,to say or do things that are meant to be funny,n. 笑话，玩笑；荒唐可笑的人（或事物），笑料 v. 说笑话，开玩笑；取笑，开……的玩笑 其他 【名】 （Joke）（英）乔克，（塞）约凯（人名）,make a joke: 开玩笑，讲笑话 | as a joke: 开玩笑 | crack a joke: v. 开玩笑
sky,/ skaɪ /,the place where we see clouds above us,n. 天，天空；<文>天堂，天国之力 v. <非正式>把（球）击向空中；（尤指在展览中）把（画）高挂在墙上 其他 【名】 （Sky）（英）斯凯（人名）,in the sky: 在空中 | blue sky: 蓝天 | night sky: 夜天
column,/ ˈkɑːləm /,a tall post made of stone or wood used as a support in a building; one of two or more blocks of print that appear next to each other on a page,n. 圆柱，纪念柱；柱状物,column chromatography: 柱层析法；柱色谱法 | capillary column: [化]毛细管柱 | distillation column: 蒸馏柱
electronic,/ ɪˌlekˈtrɑːnɪk /,operating by use of electricity; digital,adj. 电子的，电子学的,electronic commerce: 电子商务 | electronic equipment: 电子设备 | electronic control: 电子控制
impose,/ ɪmˈpoʊz /,"to make someone to do, believe, or accept something ",v. 强制推行，强制实行；把（自己的观点、信仰等）强加于,impose on: 利用；欺骗；施加影响于 | impose a fine: 处以罚款
criminal,/ ˈkrɪmɪn(ə)l /,related to illegal activity; (n) a person who has done a crime,n. 罪犯 adj. 犯法的，犯罪的；刑事的,criminal law: 刑法 | criminal procedure: 刑事诉讼程序 | criminal responsibility: 刑事责任
besides,/ bɪˈsaɪdz /,other than or in addition to,prep. 除……之外（还） adv. 而且，再说；此外，也,
properly,/ ˈprɑːpərli /,in a correct or suitable way depending on the situation,adv. 正确地，适当地；得体地，恰当地,behave properly: 行为正当
ancient,/ ˈeɪnʃənt /,very old; having lived a very long time ago,adj. 古代的，远古的；古老的，年代久远的 n. （尤指埃及、希腊和罗马的）古代人；<古>老头,ancient chinese: n. 古代汉语 | ancient times: 古代，上古 | ancient city: 古都
coast,/ koʊst /,land near the sea or ocean,n. 海岸，海滨；（车辆的）滑行 v. （人，车辆）滑行；毫不费力地做，（尤指）轻松获胜 其他 【名】 （Coast）（英、美）科斯特（人名）,east coast: 东海岸 | west coast: 美国西海岸 | off the coast: 沿海；离开海岸；在海面上；在远离沿岸海面
ill,/ ɪl /,not well; sick,adj. 有病的，不舒服的；坏的，有害的 adv. 坏，恶劣地；艰难地，几乎不 n. 问题，困难；伤害，厄运 其他 【名】 （Ill）（捷、匈）伊尔（人名）,fell ill: 生病 | ill at ease: 不安的；感到拘束 | fall ill: 生病
kick,/ kɪk /,to hit someone or something using your foot,v. 踢，踢腿；对（自己）生气 n. 踢，踢腿；极度兴奋，极大的乐趣 其他 【名】 （Kick）（英、美、德）基克（人名）,kick oneself: 严厉自责 | kick off: 中线开球 | kick in: 踢开；支付；开始生效；腿打水游进；[俚]死亡
closely,/ ˈkloʊsli /,very near in space or time; just next to,adv. 仔细地，严密地；（联系）紧密地,closely packed: 密堆积的 | be closely related with: 与...有密切联系
multiple,/ ˈmʌltɪp(ə)l /,many things or people,adj. 多个的，多种的；多人共有的 n. 倍数；<英>连锁商店,multiple access: [电脑]多路存取；多路访问 | multiple regression: 多次回归 | multiple linear regression: 多元线性回归；复直线回归
yield,/ jiːld /,to give way to someone or something else,v. 产生（收益、效益等），产生（结果）；出产（天然产品，农产品，工业产品） n. 产量；收益，利润，红利（或股息）率,high yield: 高产；高收益 | yield strength: 屈服强度；屈变力；抗屈强度 | low yield: 低产，低产量；低良率
via,/ ˈvaɪə /,"by going through, by way of",prep. 经由，经过（某一地方）；通过，借助于（某种手段或人）,
legislation,/ ˌledʒɪsˈleɪʃ(ə)n /,act or process of writing and passing laws,n. 法规，法律；立法，制订法律,environmental legislation: 环境立法 | subsidiary legislation: 附属法例 | labour legislation: 劳工法；劳动法规
county,/ ˈkaʊnti /,an area within a country or a state with its own local government,n. （英国、爱尔兰的）郡，（美国的）县；<英>郡运动队，县运动队 adj. <英>有世家地位（或特点）的,autonomous county: 自治县 | county town: n. 县城；郡的首府 | county seat: 郡政府所在地
unlike,/ ˌʌnˈlaɪk /,appearing or being different,prep. 不像，和……不同；不是……的个性（或特点） adj. 不同的，不相似的 v. 取消点赞；以厌恶或敌意看待，不喜欢（be unliked） conj. 不同于,
mobile,/ ˈmoʊbəl /,able to move from one place to another,adj. 活动的，可移动的；行动方便的，行动自如的 n. 活动的装饰品，悬挂饰物；移动电话,mobile phone: 手机；行动电话 | mobile communication: 移动式通信 | china mobile: 中国移动通讯（世界500强之一）
assistant,/ əˈsɪstənt /,"a person who helps another, usually as a job",n. 助理，助手；店员，售货员 adj. 助理的，副的,
implement,/ ˈɪmplɪment /,to start and carry out a plan or government policy; (n) tool,v. 执行，贯彻；为……提供工具 n. 工具，器具；<苏格兰>履行,implement plan: 执行计划，实施计划 | stone implement: 石器；石器用具
chart,/ tʃɑːrt /,drawing showing information in a clear way,n. 图表，曲线图；海图，星位图 v. 绘制；记录，跟踪 其他 【名】 （Chart）（泰）察（人名）,
attach,/ əˈtætʃ /,to be associated or connected with,v. 系上，贴上，连接；附上（附件）,attached please find: 附上…请查收[书信用语] | attach file: 附件
hell,/ hel /,any place of pain and suffering,n. 地狱；苦难的经历 int. 见鬼（用于表示生气或恼怒） v. 过放荡生活 其他 【名】 （Hell）（柬）海，（西）埃利，（德、匈、捷、罗、芬、瑞典）黑尔（人名）,what the hell: （表示不在乎、无可奈何、气恼、不耐烦等）究竟，到底 | in hell: 究竟（用以加强语气） | as hell: [口语]很，非常，极其
everywhere,/ ˈevriwer /,every place,adv. 到处 n. 每个地方,almost everywhere: 几乎所有 | everywhere you go: 无论你去哪里（歌词）
advise,/ ədˈvaɪz /,to suggest what should be done,v. 通知，告知；劝告，建议,please advise: 请指导；请指示 | advise of: 通知
household,/ ˈhaʊshoʊld /,all the people who live in a house; a family,n. 家庭，一家人；家务 adj. 家用的，家务的；全家人的 其他 【名】 （Household）（美、瑞）豪斯霍尔德（人名）,household goods: 家庭用品；日用商品 | household appliance: 家用电器 | household registration: 户口登记
acknowledge,/ əkˈnɑːlɪdʒ /,to accept that something is true,v. 承认；认可,acknowledge receipt: 证实收到 | acknowledge receipt of: 收到
reward,/ rɪˈwɔːrd /,to give something to someone because of their good work,n. 奖励，回报；赏格，悬赏金 v. 酬谢，奖赏；奖励（行动，品质）,reward for: 因…的酬谢；作为…的回报 | as a reward for: 作为…的报酬；作为…的回报 | reward system: 奖赏系统；奖励系统
east,/ iːst /,the direction where the sun rises,n. 东，东方（the east）；（世界或某个国家、地区或城市的）东部 adj. 近东的，面朝东的；（特定的地区、城市、国家或其居民）东部的 adv. 向东，在东方 其他 【名】 （East）（美、英、加）伊斯特（人名）,middle east: 中东（一般泛指欧，亚，非三大洲连接的地区） | in the east: 在东方 | east asia: 东亚
hat,/ hæt /,something people wear to cover their heads for fashion or protection,n. （常指带檐的）帽子；（双重的）职位，角色 v. 给……戴上帽子；供应帽子，制造帽子,wear a hat: [俚语] | old hat: 老旧的；陈腐的 | hat in hand: 毕恭毕敬地；温顺地；恳求地
academic,/ ˌækəˈdemɪk /,related to education or school; (n) educator who works at a college or university,adj. 学业的，学术的；学校的，学院的 n. 大学教师，学者；（学校或学院的）课程,academic research: 学术研究 | academic circles: 学术界 | academic year: 学年
voter,/ ˈvoʊtər /,a person who can vote in an election,n. 选举人，投票人；有投票权者,voter registration: 选民登记
meanwhile,/ ˈmiːnwaɪl /,at or during the same time; in the meantime,adv. 与此同时；在此期间 n. 其间，其时,in the meanwhile: 同时；在此期间
furthermore,/ ˌfɜːrðərˈmɔːr /,in addition to what has been said,adv. 此外，而且,
accuse,/ əˈkjuːz /,to say that someone has done something bad or wrong,v. 控告，指控；指责，谴责，归咎于,accuse of: 谴责，控告
scientific,/ ˌsaɪənˈtɪfɪk /,related to science,adj. 科学的，与科学有关的；细致严谨的，使用科学方法的,scientific research: 科学研究 | scientific management: 科学管理 | scientific progress: 科学进展
wage,/ weɪdʒ /,money paid to workers for the hours they worked,n. 工资，报酬；（经济）工资总额 v. 进行，发动（战争，运动）,minimum wage: 最低工资 | the wages of sin: 罪恶的报应，死[源自《圣经》] | wage system: 工资制度，工资体系
absence,/ ˈæbsəns /,a time when you are not in a place where you should be,n. 缺席，缺勤，不在；缺乏，没有,absence of: 缺乏 | in the absence of: 缺乏，不存在；无…时，缺少…时 | absence from: 缺席；不在
construct,/ kənˈstrʌkt /,to build or create something,v. 建造，修建；组成，创立，构思 n. 构想，观念；建筑物，创造物,construct validity: 结构效度；建构效度
remark,/ rɪˈmɑːrk /,to say an opinion or make a comment about something,n. 言论，评述；（正式演讲时的）言论（remarks） v. 谈论，说起；注意到,remark on: 评论；谈论；议论
medicine,/ ˈmedɪs(ə)n /,liquid or pills used to treat illness or pain; the study of treating illness or pain,n. 药物，药剂；医疗，医学 v. 用药物治疗，给……用药,chinese medicine: 中医 | traditional medicine: 传统医学；传统医药 | western medicine: 西医；西药
professor,/ prəˈfesər /,a teacher of high rank in a university or college,n. 教授；<美>（大学的）讲师，教员,associate professor: 副教授 | assistant professor: n. 助理教授（级别高于讲师而低于副教授） | university professor: 大学教授
rare,/ rer /,not common or usual,adj. 少见的，不常发生的；稀罕的，珍贵的,rare earth: 稀土元素的氧化物 | rare and: [英国方言] 非常，极 | rare opportunity: 稀有机会，难得机会
intention,/ ɪnˈtenʃ(ə)n /,"plan, aim, or purpose",n. 意图，目的，打算；愈合,original intention: 初衷；原始意图 | good intention: 好心，良好的意图 | real intention: 真实意图；真正目的
dozen,/ ˈdʌz(ə)n /,a group of twelve people or things,n. 一打，十二个；大量，许多,dozens of: 几十；许多 | by the dozen: 成打地；按打计算 | half a dozen: adj. 半打，六个
settlement,/ ˈset(ə)lmənt /,an official agreement that ends an argument or fight between people or groups,n. （解决争端的）协议，和解；定居点，聚居地 ,differential settlement: n. 不均匀沉降；[化]沉降差 | foundation settlement: 地基沉降；基础沉降；地基沉陷 | final settlement: 最终沉降；[法]最后的授与财产清算；最终结算
gap,/ ɡæp /,a space between two things,n. 缝隙，缺口；（时间上的）间隔,income gap: 收入差距 | band gap: 带隙 | air gap: 气隙
widely,/ ˈwaɪdli /,by or among a large number of people,adv. 普遍地，广泛地，范围广地；大不相同,
minimum,/ ˈmɪnɪməm /,lowest number or amount that is possible,adj. 最小的，最低限度的 n. 最小值，最低限度 adv. 最低，至少,a minimum of: 至少；最少的 | minimum wage: 最低工资 | minimum cost: 最低成本
northern,/ ˈnɔːrðərn /,in or toward the north,adj. 北方的，向北的，北部的；生活在北方的，源自北方的 n. （美国）北部方言（Northern）,northern ireland: 北爱尔兰自治区（在爱尔兰东北部） | northern hemisphere: 北半球 | northern slope: 北坡（美国阿拉斯加州北冰洋之间）
estate,/ ɪˈsteɪt /,land that a person owns,n. 财产，遗产；大片私有土地，庄园,real estate: n. 不动产，房地产 | real estate market: 房地产市场；不动产市场 | real estate development: 房地产开发
equally,/ ˈiːkwəli /,"in an equal, similar, or identical way",adv. （程度）相当地，同样地；平均地，相等地,equally distributed: 均匀分布的 | equally spaced: adj. 等距的；等齿距的，等间隔的
expose,/ ɪkˈspoʊz /,"to show something that is usually hidden, covered, or protected",v. 暴露，使显露；使面临，使遭受（危险或不快） n. 揭露，曝光,
alive,/ əˈlaɪv /,living; not dead,adj. 活着的；仍然存在的,alive with: 充满着；洋溢着 | come alive: 活跃起来；看上去像真的 | stay alive: 活着；仍然活着
shut,/ ʃʌt /,to close something,v. 关闭，合上；把……关在 adj. 关闭的，关上的；<英>打烊的，停止营业的 n. 关闭 其他 【名】 （Shut）（俄）舒特（人名）,
victory,/ ˈvɪktəri /,"a win in a war, game, or competition",n. 胜利，成功，获胜 其他 【名】 （Victory）（西）维多利，（英）维克托里（人名）,victory over: 战胜 | win victory: 赢得胜利 | landslide victory: 以绝对优势取得胜利
resolve,/ rɪˈzɑːlv /,to find an answer or way to handle a problem,v. 解决（问题或困难）；决定，下定决心 n. <正式>决心，坚定的信念；<美>正式决定，决议,resolve into: 使分解为…；归结为 | fail to resolve: 解决未果
critic,/ ˈkrɪtɪk /,"a person whose job is to give opinions about books, movies, or other forms of art",n. 批评家，评论员；批评者，反对……的人,art critic: 艺术评论家
variable,/ ˈveriəb(ə)l /,having the ability to change or vary,adj. 易变的，多变的；时好时坏的 n. 可变性，可变因素；（数学中的）变量，变元,variable speed: 变速，可变速率 | random variable: 随机变数，随机变量；无规变量 | state variable: [控制系统]状态变量；[热力学]热力学态函数（等于thermodynamic function of state）
enormous,/ ɪˈnɔːrməs /,huge; very big; very large,adj. 巨大的，极大的；<古>凶暴的，极恶的,
sweet,/ swiːt /,tasting like sugar; containing sugar,adj. 含糖的，甜的；<美> 未加盐的，淡的 n. <英>糖果；甜食,sweet potato: 甘薯 | sweet dream: 酣梦，甜蜜的梦 | sweet taste: 甜味
permanent,/ ˈpɜːrmənənt /,lasting forever; not temporary or changing,adj. 永久的，永恒的；（尤指问题或困难）不断出现的，一直存在的 n. <美>烫发,permanent magnet: 永久磁铁 | permanent residence: 长期居留 | permanent resident: 永久性居民
emotion,/ ɪˈmoʊʃ(ə)n /,"a feeling such as sadness, anger, or love",n. 情感，情绪；激情，强烈的情感,with emotion: 激动地；感动地 | intense emotion: 激情 | emotion quotient (EQ): 情商
pursue,/ pərˈsuː /,to follow and try to catch something; to try to get something,v. 追求，致力于，执行；继续探讨（或追究、从事）,pursue after: v. 追赶
tall,/ tɔːl /,greater in height than average,adj. 高的，高大的；（用于指高度）有……高的，身高……的 其他 【名】 （Tall）（芬、罗、瑞典）塔尔，（英）托尔（人名）,tall building: 高层建筑物 | walk tall: 理直气壮，挺直腰杆；不低三下四 | tall tree: 乔木
urge,/ ɜːrdʒ /,to strongly persuade someone to do something,v. 敦促，催促，力劝；竭力主张，强烈要求 n. 强烈的欲望，冲动；推动力,
enemy,/ ˈenəmi /,someone who wants to harm another,n. 敌人，反对者；敌国，敌军 adj. 敌人的，敌方的,natural enemy: 天敌 | behind enemy lines: 深入敌后（影片名称） | public enemy: 公敌；要犯
appoint,/ əˈpɔɪnt /,"to officially choose a person for a job, position",v. 任命，指派；约定，安排（日期、时间）,
milk,/ mɪlk /,the white liquid produced by females to feed their babies,n. （牛或羊等的）奶；奶汁，母乳 v. 挤奶；榨取，勒索 其他 【名】 （Milk）（英）米尔克（人名）,milk powder: n. 奶粉 | in milk: 在出奶时期的；在授乳期中的 | fresh milk: 鲜牛奶
talent,/ ˈtælənt /,the natural ability of a person to do something well,n. 天赋，才能；天才，人才,talent for: 天才；有…的天赋 | talent development: 人才开发；才能发展 | talent show: 才艺表演会；业余演出比赛
smell,/ smel /,to use your nose to sense something,n. 气味；臭味 v. 有……气味，发出......的气味；闻出，闻到 其他 【名】  （Smell）（美、俄、英、印、新）史默乐（人名）,smell of: 有…的气味；闻出…的味道 | sweet smell: 闻起来香 | sense of smell: 嗅觉
prior,/ ˈpraɪər /,happening or coming earlier in time,adj. 先前的，事先的；<正式>优先的，更重要的 n. <美，非正式>犯罪前科；小修道院院长 其他 【名】 （Prior）（美）普廖尔（人名）,prior notice: 事先通知；预先通报 | prior art: 先前技术 | prior approval: 事先批准；预先审批；事前批准；事前许可；预先核准
priority,/ praɪˈɔːrəti /,something that is important and must be done before other things,n. 优先事项，最重要的事；优先，优先权，重点 adj. 优先的,give priority to: 优先考虑；认为优先 | top priority: 最优先的 | first priority: 最优先；绝对优先权
online,/ ˌɑːnˈlaɪn /,connected to the internet,adj. （产品、服务或信息）在线的，网上的；（计算机）联机的 adv. 在网上，利用网际网路（购买、获得等）；联机地，在电脑操控下,online shopping: 网络购物 | online game: 网络游戏 | get online: 上网
phrase,/ freɪz /,a group of words that forms a unit and expresses a single meaning,n. 短语，词组；惯用语，习语 v. 用……方式表达，以……措辞表达；把（乐曲）分成短句,key phrase: 关键短语 | set phrase: 成语；固定词组 | noun phrase: 名词短语
pilot,/ ˈpaɪlət /,"a person who controls an airplane, spacecraft, or boat",n. 飞行员；领航员 adj. 试点的；（电信）控制引导信号 v. 驾驶（飞行器）；领航 其他 【名】（Pilot）皮洛特（人名）,pilot test: 小规模试验；初步试验 | pilot project: 试点项目，试点工程；样板工程，样板设计 | pilot study: n. 初步研究；预备试验；飞行员研究
stable,/ ˈsteɪb(ə)l /,in a good situation or condition; not likely to change,adj. 稳定的，牢固的；稳重的，沉稳的 n. 马厩；（属同一马主或驯马师的）一群赛马 v. 使（马）入厩，把（马）拴在马厩 其他 【名】 （Stable）（美、英、法）斯特布尔（人名）,stable quality: 质量稳定 | stable operation: 稳定运行；稳定操作 | stable state: 稳定状态
merely,/ ˈmɪrli /,"only, simply, or nothing more than",adv. 仅仅，只（用于强调某物小或微不足道）；无非是……，不过是……（指某事的原因或影响）,
resolution,/ ˌrezəˈluːʃ(ə)n /,a formal agreement or statement decided by a group of people,n. 决议，正式决定；（冲突、问题等的）解决，解决办法,high resolution: 高分辨；高分辨率 | spatial resolution: 空间分辨率；空间解析度 | dispute resolution: [法律]调解纠纷
communicate,/ kəˈmjuːnɪkeɪt /,to give and exchange information,v. 传递信息，通讯；传达，传递（想法或感情）,communicate with: 沟通；通话 | communicate in: 用...语言沟通
injury,/ ˈɪndʒəri /,physical or emotional harm or damage that a person experiences,n. （身体上的）伤，损害；<法律>（对感情的）伤害，挫伤,brain injury: [医]脑损伤 | spinal cord injury: 脊髓受伤，脊椎损伤 | personal injury: 人身伤害
vast,/ væst /,being very large in size or amount,adj. 巨大的，广大的 n. <古>广阔空间 其他 【名】 （Vast）（法）瓦斯特（人名）,vast majority: 绝大多数，大部份 | vast scale: 大规模；大比例 | vast sums of money: 巨额金钱
exhibition,/ ˌeksɪˈbɪʃ(ə)n /,an event at which an object or group of objects is shown to the public,n. 展览，展出；表现，展示,exhibition hall: 展览厅 | art exhibition: 艺术展览；美术展览 | exhibition centre: 展览中心
producer,/ prəˈduːsər /,a company making or growing a certain product,n. 生产者制造商，生产公司（国）；（人或物）造成者，生产者,producer price: 生产价格 | producer gas: 发生炉煤气；生产天然气 | gas producer: 煤气发生炉；煤气发生器
regional,/ ˈriːdʒən(ə)l /,having to do with a particular area,adj. 地区的，区域的；（与）首都以外各地（有关）的 n. （邮票、报纸等）地方版；<美>地区性体育竞赛,regional economic: 地区经济；地域经济 | regional economy: 区域经济；地区经济 | regional distribution: 地理分布
immediate,/ ɪˈmiːdiət /,done without delay; straight away,adj. 立刻的，即时的；目前的，紧迫的,immediate effect: 即刻效果；[生物化学]即时效应 | immediate attention: 注视；及时关注 | immediate cause: 直接原因
incident,/ ˈɪnsɪdənt /,"something that happens, especially if it is bad or unusual",n. 事件，事故；（两国间的）冲突，严重摩擦 adj. 由……产生的；<法律>附属的,incident angle: 入射角 | incident light: [化]入射光 | incident wave: 入射波
childhood,/ ˈtʃaɪldhʊd /,the time when you are a child,n. 童年，幼年时代,early childhood: 幼儿教育 | childhood education: 幼儿教育；儿童期教育 | early childhood education: 幼儿教育；儿童早期教育
draft,/ dræft /,a piece of writing or plan that is not yet finished,n. 草稿，草案；汇票 v. 起草，草拟；选派，派遣 adj. （动物）驮重物的，负重的；（啤酒）散装的,first draft: 初稿 | draft at: 汇票期限 | draft resolution: 提案；决议草案
slip,/ slɪp /,to slide out of position or fall to the ground by accident,v. 滑倒，失足；滑落，脱落 n. 疏漏，差错；小纸条 其他 【名】 （Slip）（芬）斯利普（人名）,let slip: 错过；无意中吐露；放走 | slip away: 逃走；悄悄溜走 | slip in: 悄悄溜入；偷偷溜进去
accompany,/ əˈkʌmpəni /,to go somewhere with someone,v. 陪伴，陪同；伴随，与……一起发生,accompany with: 伴随着，兼带着；陪…同行 | accompany by: 随行，伴奏；在…的陪同下
politician,/ ˌpɑːləˈtɪʃ(ə)n /,someone who is active in politics,n. 从政者，政治家；政客，善于玩弄权术者,
angry,/ ˈæŋɡri /,having a strong feeling about something that you dislike very much,adj. 愤怒的，生气的；狂风暴雨的，波涛汹涌的,angry with: 生某人的气 | get angry: 生气，发怒；变得生气 | angry at: 发怒；为…生气
knock,/ nɑːk /,to hit something to get people's attention,v. 敲，击；碰撞，碰倒 n. 敲打声，（尤指）敲门声；打击，捶击，撞击,knock on: 撞击撞出；敲击（门、窗） | knock at: 敲（门、窗等） | knock off: 击倒；停工；中断
seed,/ siːd /,a small object made by a plant from which a new plant can grow; the beginning of something,n. 种子，籽；<美>（苹果或橙子等的）果核，籽 v. 给（蔬菜，水果）去籽（去核），给......脱籽；选定......为种子选手（或种子队） adj. 用作种子的 其他 【名】 （Seed）（英）锡德（人名）,in seed: ◎撒过种的，播过种的 | sesame seed: 芝麻籽，芝麻种子 | seed selection: n. 选种
salary,/ ˈsæləri /,money an employee is paid each year,n. 薪金，薪水 v. <古> 给……薪金,monthly salary: 月薪 | expected salary: 期望得到的薪水 | basic salary: 基本薪金
illustrate,/ ˈɪləstreɪt /,"to explain with examples, to make it easier to understand",v. 加插图于；说明，阐明,illustrate with: 用…来说明；给…加（插图）
imply,/ ɪmˈplaɪ /,"to suggest something, without saying it directly",v. 暗示，暗指；意味着,
breakfast,/ ˈbrekfəst /,the first meal of the day,n. 早餐；早餐的，早餐时用的 v. 吃早餐,for breakfast: 当作早餐；对于早餐来说 | have breakfast: 吃早餐，吃早饭 | eat breakfast: 吃早饭
temporary,/ ˈtempəreri /,"continuing for a limited time, not permanent",adj. 暂时的，临时的；短期的，短暂的 n. 临时雇员，临时工,temporary storage: 暂时存储器；暂时库容；中间存储器 | temporary work: 临时工作；临时工程 | temporary shelter: 临时避难所；临时收容中心；临时安置所；临时庇护站
liberal,/ ˈlɪbərəl /,open to new ideas; believing government should actively support social needs,adj. 思想开明的；自由主义的，支持变革的 n. 思想开明的人；自由主义者，支持变革的人 其他 【名】 （Liberal）（葡）利贝拉尔（人名）,liberal education: 普通教育；文科教育 | liberal party: n. 自由党 | liberal democratic party: n. 自由民主党
lake,/ leɪk /,a large area of water surrounded by land,n. 湖，湖泊；大量的液体 v. （使）血球溶解 其他 【名】 （Lake）（德、塞、瑞典）拉克，（英）莱克（人名）,west lake: 杭州西湖 | salt lake: 盐湖，盐水湖 | on the lake: 在湖面上
qualify,/ ˈkwɑːlɪfaɪ /,to get the necessary skill or knowledge to do a particular job or activity,v. （使）有权去做；取得资格，达到标准,qualify for: 合格；有…的资格 | qualify as: 取得……资格；作为……合适
competitive,/ kəmˈpetətɪv /,wanting to win or to be better than others,adj. 竞争的；好竞争的，好胜的,competitive advantage: 竞争优势 | competitive power: 竞争能力 | competitive price: 竞争价格；公开招标价格
truly,/ ˈtruːli /,based on truth or fact or reality,adv. 真实地，如实地；真正地，完全地 其他 【名】 （Truly）特鲁利（人名）,truly exceptional: 无与伦比 | truly madly deeply: 真诚地，疯狂地，深刻地（野人花园乐队的走红单曲） | yours truly: 我（用于信尾）；敬启
hi,/ haɪ /,what you say when you meet someone; hello,int. 嗨！（表示问候或用以唤起注意） n. （Hi）人名；（柬）希,hi there: 嘿，你好(或你们好)
yellow,/ ˈjeloʊ /,color of lemons or the sun,adj. 黄的，黄色的；黄色人种的，黄皮肤的 n. 黄色，黄颜料；黄色衣服，黄色衣料 v. （使）变黄,yellow river: 黄河 | yellow sea: 黄海 | turn yellow: 变黄；胆怯起来
habit,/ ˈhæbɪt /,the usual way of behaving; something often repeated,n. 习惯；（吸毒、喝酒、抽烟的）瘾 v. <古>给……穿衣,habit of: 习惯 | bad habit: 坏习惯 | good habit: 好习惯
disk,/ dɪsk /,a flat round object,n. （计算机的）磁盘，磁碟；（计算机的）磁盘，磁碟（=disc）,hard disk: 硬盘 | disk space: [计]磁盘空间 | disk drive: n. 磁盘驱动器
core,/ kɔːr /,the central part of a fruit that contains the seeds; the central part of something,n. 果核；中心部分 v. 给……去核 adj. 核心的，最重要的；基础的，必修的 其他 【名】 （Core）（英）科尔，（西、意）科雷（人名）,core competence: 核心竞争力；核心才能 | core competitiveness: 核心竞争力 | core business: 核心业务
emotional,/ ɪˈmoʊʃən(ə)l /,related to deep feelings,adj. 情感的，情绪的；激动人心的，有感染力的,emotional intelligence: 情绪智力；情商；情绪智商 | emotional experience: 情感体验；情绪体验 | emotional state: 情绪状态；兴奋状态
aircraft,/ ˈerkræft /,a machine that can fly,n. 飞机，航空器,aircraft carrier: n. 航空母舰；全能篮球中锋 | civil aircraft: 民航机，民用飞机 | military aircraft: 军用飞机
self,/ self /,the type of person you really are,n. 自己，自我；（指一个人）自己，本人 adj. （装饰品，封面）与其他部分同质同色的 v. （主植）使自花授粉，使自体受精；（遗传）（动物、植物）同系繁衍，同系受精 pron. 自己（用于自谑的赞美语中）；本人（用于票根、支票等，指称持有人或签署人） 其他 【名】 （Self）（英）塞尔夫（人名）,by one's self: 独自，单独 | true self: 真我；真实自我 | self esteem: 自尊
metal,/ ˈmet(ə)l /,"a type of hardy material that is usually hard and shiny that can be used to make things, such as iron, gold, or steel",n. 重金属音乐；金属色 v. 用金属做，用金属包；<英>用碎石筑路，用碎石修路 adj. 金属制的 其他 【名】 （Metal）（捷、瑞典）梅塔尔（人名）,heavy metal: 重金属摇滚乐 | sheet metal: 金属薄片 | nonferrous metal: 有色金属；非铁金属
existence,/ ɪɡˈzɪstəns /,"state of being present, alive, or real",n. 存在，实有；生存，生活，生活方式,in existence: 现有的；现存的；实际存在的；实有的 | existence theorem: [计]存在性定理 | come into existence: 成立；开始存在
bone,/ boʊn /,hard pieces of a body that form the frame of an animal,n. 骨，骨头；骨质 v. 挑刺，剔骨头；施骨肥于 adv. 非常，完全地 其他 【名】 （Bone）（英）博恩，（法、西、罗、塞）博内，（老）奔（人名）,bone marrow: 骨髓 | to the bone: adv. 到极点；彻骨地 | bone fracture: 骨折
panel,/ ˈpæn(ə)l /,"a rectangular piece of wood, metal, etc., that is a part of something bigger; a group of people who discuss something",n. 专家咨询组，专题讨论小组；（门等的）镶板，嵌板 v. 用（木板、金属板等）覆盖，镶 其他 【名】 （Panel）帕内尔（人名）,control panel: [计]控制面板 | on the panel: ◎[英国英语]已登记为替参加国民健康保险者治病的医生 | panel data: 固定样本数据
prime,/ praɪm /,main; most important; best quality,adj. 主要的，首要的；优质的，第一流的 v. 事先指点，使（某人）做好准备；把（某事物）准备好，使备用 n. 盛年，壮年时期；质数，素数 其他 【名】 （Prime）（英）普赖姆，（德）普里梅（人名）,prime minister: 首相，总理 | prime time: 黄金时间 | deputy prime minister: 副总理；副首相
appointment,/ əˈpɔɪntmənt /,the time you arranged to meet someone or do something,n. 约会，约定；任命，委派,make an appointment: 约会，预约 | make an appointment with: 与某人约会 | have an appointment: 有约会
emphasize,/ ˈemfəsaɪz /,to stress the items that are important,v. 强调，着重；重读（单词或短语）,
maximum,/ ˈmæksɪməm /,largest or greatest,adj. 最大限度的；（数量）极大的，极多的 n. 最大量，最大限度 adv. 最多，充其量,maximum value: 最大值 | maximum likelihood: 极大似然；最大似然率 | maximum number: 最大数
effectively,/ ɪˈfektɪvli /,in a way that produces the result you want,adv. 有效地；实际上,
elsewhere,/ ˈelsˌwer /,in or to another or different place,adv. 在别处，去别处 pron. 别处，别的地方,
bother,/ ˈbɑːðər /,to take the trouble to do something,v. 费心；（使）烦恼，（使）担心 n. 麻烦，不便；讨厌的人（或事）,don't bother: 不用麻烦了；不打扰了 | bother about: 烦恼 | bother with: 为…而费心，为…操心；用…打扰
initiative,/ ɪˈnɪʃətɪv /,ability to decide or act upon things yourself without depending on someone else,n. 措施，倡议；主动性，积极性,take the initiative: 采取主动；带头 | on one's own initiative: 主动地 | subjective initiative: 主观能动性
sharp,/ ʃɑːrp /,having a thin edge or point that is able to cut,adj. 锋利的，尖的；急转弯的 adv. 正点，准时；突然地，急剧地 n. 升半音，升半音号；锐利的东西 v. <美>升音演奏 其他 【名】 （Sharp）（英）夏普（人名）,sharp contrast: 鲜明对比；强对比，强烈对比 | sharp rise: 激增；激涨 | look sharp: 赶快；注意
diet,/ ˈdaɪət /,the type of food that a person or animal usually eats,n. 规定饮食；大量单调的活动 v. 节食 adj. 低脂的，低糖的 其他 【名】 （Diet）（法）迪耶（人名）,balanced diet: 均衡饮食 | on a diet: 遵守饮食特别规定的 | on diet: 节食；减肥
motion,/ ˈmoʊʃ(ə)n /,a movement; the way something moves,n. 运动，移动；手势，动作 v. 打手势，示意,in motion: 在开动中，在运转中 | motion control: 运动控制，拖动控制；动作控制，移动控制 | wave motion: 波动
gray,/ ɡreɪ /,color between black and white,adj. 灰色的；苍白的 n. 灰色；暗淡的光线 vi. 成为灰色或灰白 vt. 使成灰色或灰白 n. （Gray）人名；（意）格拉伊,gray level: 灰度 | gray iron: 灰口铸铁 | gray scale: 灰度；灰阶
plastic,/ ˈplæstɪk /,"a very common, light, strong material that can be formed into many different shapes and is made by a chemical process",n. 塑料；信用卡 adj. 塑料制的；人造的，不自然的,plastic deformation: [化]塑性变形，塑性应变 | plastic film: 塑料薄膜；塑胶膜 | plastic bag: 塑料袋；塑胶袋
complicate,/ ˈkɑːmplɪkeɪt /,to make more difficult,v. 使复杂化，使难以理解；引起并发症,
discipline,/ ˈdɪsəplɪn /,the teaching of self-control through instruction and practice,n. 纪律，风纪；惩罚，处分 v. 惩罚，处分；训练，管教,academic discipline: n. 学术科目 | engineering discipline: 工程学科；工程规范 | fiscal discipline: 财政纪律
disappoint,/ ˌdɪsəˈpɔɪnt /,to not meet the expectations of others or yourself,v. 使失望；使破灭，使落空,
boss,/ bɔːs /,"a person who manages you, or is in charge of you at work",n. 上司，领导，领班；圆形装饰物，浮雕装饰 v. 发号施令，对……颐指气使；当首领 adj. 很好的，出色的 其他 【名】 （Boss）（英、法、德、西、瑞典）博斯（人名）,gang boss: 小组长；领班；帮派头目 | party boss: 党魁 | lug boss: 突起部，凸起部
assumption,/ əˈsʌmpʃ(ə)n /,"something you believe to be so, but aren't sure of",n. 假定，假设；取得，承担,on the assumption that: 假设 | fundamental assumption: n. 基本假定
freeze,/ friːz /,to become hard because of very cold temperatures,v. 结冰；冻住 n. 冻结；停止,freeze drying: 冷冻干燥 | deep freeze: n. 冷藏箱；冰箱；冷藏库 | freeze in: 用冰冻上；冰封
extreme,/ ɪkˈstriːm /,very great in degree,adj. 极大的，极度的；极端的，严重的 n. （观点或行为方式的）极端；（事物的）极度,to the extreme: 走向极端 | in the extreme: 非常；极度 | extreme value: 极值，极端值
passage,/ ˈpæsɪdʒ /,"a long, narrow area that connects one place to another",n. 过道，走廊；（人体的）管道 v. <医>使（微生物）继代移种 其他 【名】 （Passage）（美）帕西奇（人名）,passage of time: 时光流逝（专辑） | air passage: 气道；通风槽 | flow passage: 流道；通流部分；液流通道
reputation,/ ˌrepjuˈteɪʃ(ə)n /,an opinion that people have about someone or something based on the past,n. 名誉，名声,good reputation: 良好声誉 | high reputation: 盛誉 | reputation for: 名声，名气；以…闻名
forth,/ fɔːrθ /,"out of a place; forward in time, place, or way",adv. 离去，外出；（带）来，（拿）出 其他 【名】 （Forth）（英）福思，（德）福特（人名）,set forth: 陈述，提出；出发；陈列；宣布 | put forth: 提出；发表；启航；（植物等）长出；放出 | and so forth: 等等
negotiation,/ nɪˌɡoʊʃiˈeɪʃ(ə)n /,a formal discussion to reach an agreement,n. 谈判，协商；转让,business negotiation: 商务谈判，商业谈判；交易磋商 | contract negotiation: 合同谈判 | negotiation skill: 谈判技巧
mechanism,/ ˈmekənɪzəm /,a part or a set of parts of a machine that has a particular function,n. 机械装置，机件；途径，方法,market mechanism: 市场机制；市场调节作用 | reaction mechanism: 反应机理 | incentive mechanism: 激励机制
coat,/ koʊt /,clothing worn outside over your normal clothes,n. 外套，大衣；<美>（指套装的）短上衣 v. 给……涂上，用……覆盖；给……穿外套 其他 【名】 （Coat）（法）科阿（人名）,fur coat: 皮毛大衣 | red coat: 金线鱼 | black coat: 牧师， 教士
democracy,/ dɪˈmɑːkrəsi /,a system of government in which the people of a country can vote to elect who will govern them,n. 民主政体；民主国家,social democracy: n. 社会主义；社会民主主义 | deliberative democracy: 协商民主；审议民主；商议性民主 | liberal democracy: 自由民主；自由民主主义；自由民主制（一种政府形式，由人民选出的民意代表行使决策权力）
pocket,/ ˈpɑːkɪt /,small cloth bag sewn into clothing to hold things,n. 衣袋，口袋；钱财，财力 v. 把……放入口袋；把……装进腰包，将……据为己有 adj. 袖珍的，袋装的,in the pocket: [美国俚语](吸毒时)处于心醉神迷的佳境中 | pocket money: 零用钱 | back pocket: 后兜
lucky,/ ˈlʌki /,fortunate; having good things happen to you,adj. 幸运的，走运的；吉祥的,lucky day: 幸运日；黄道吉日 | lucky draw: 幸运抽奖 | lucky star: 福星
crash,/ kræʃ /,to hit something hard enough to cause serious damage,v. 撞车，坠毁；猛撞，发出巨响 n. 撞车事故，失事；巨响，碰撞声 adj. 应急的，速成的 adv. 哗啦一声地,car crash: 车祸；汽车碰撞 | air crash: 飞机失事 | stock market crash: 股市崩盘；股市行情暴跌
observation,/ ˌɑːbzərˈveɪʃ(ə)n /,careful watching and listening; remark or comment on something you have noticed,n. 观察，监视；观察力 adj. 用于观察的,field observation: 野外观测；实地观察 | observation system: 观测系统 | observation method: 观察法
meat,/ miːt /,the muscles and soft parts of animals or birds that is eaten as food,n. 肉类，（某种）食用肉；重要的部分，有趣的部分,red meat: 红色肉类（牛肉，羊肉等） | eat meat: 吃肉 | meat product: 肉制品，肉类食品
concentration,/ ˌkɑːns(ə)nˈtreɪʃ(ə)n /,the ability to direct all your effort and attention on the one thing you are doing and nothing else,n. 专心，专注；关注，重视,concentration of sth: 集中；聚集 | high concentration: 高浓度，高强度 | stress concentration: 应力集中
implication,/ ˌɪmplɪˈkeɪʃ(ə)n /,possible effects or results from an action or event,n. 可能的影响（或作用、结果）；含意，暗指,by implication: 含蓄地；暗示地
deserve,/ dɪˈzɜːrv /,to get the appropriate reward or punishment for the way you behaved or something you did,v. 值得，应受,
unusual,/ ʌnˈjuːʒuəl /,different from what is ordinary or normal in a way that attracts attention; not usual,adj. 不寻常的，罕见的；与众不同的，独特的,unusual weather: 异常天气
defend,/ dɪˈfend /,to protect against an attack,v. 保卫，防御；捍卫，维护,defend oneself: 自卫；申辩；自行辩护 | defend against: 防卫，保卫；抵抗 | defend with: 用…防卫
classic,/ ˈklæsɪk /,something popular or famous for a long time and is considered one of the best of its kind,adj. 典型的，有代表性的；一流的，经典的 n. 经典作品，杰作；杰出的事物，典范,classic style: 古典风格 | classic music: 古典音乐 | classic look: 经典款式
king,/ kɪŋ /,the male ruler of a country that has a royal family,n. 君主，国王；某物之王，首屈一指者 v. <古>立……为王 其他 【名】 （King）（德、英、葡、捷、西）金，（中）金（普通话·威妥玛），（泰）京，（东南亚国家华语）京（人名）,martin luther king: n. 马丁·路德·金（美国黑人运动领袖） | monkey king: 美猴王，孙悟空 | king arthur: 亚瑟王（电影名，是英格兰传说中的国王）
interaction,/ ˌɪntərˈækʃ(ə)n /,process of two or more people or things affecting each other,n. 互动，交流；相互影响，相互作用,interaction with: 交往；与…相互作用 | interaction design: 交互设计；互动设计 | social interaction: 社会互动；社会干预；社会的相互作用
repair,/ rɪˈper /,to fix something that is broken; fix,v. 修理，修补；补救，挽救（关系或声誉） n. 修理，补救；修补过的地方,maintenance and repair: 保养和修理 | repair and maintenance: 检修；修理和维护 | repair work: 修理作业
collapse,/ kəˈlæps /,to suddenly fall down or break apart,v. 倒塌，塌下；崩溃，瓦解 n. 倒塌，塌陷；突然失败，崩溃,collapse mechanism: 破坏机构 | collapse strength: 抗挤强度；破裂强度 | collapse load: 损毁荷载，极限载荷；破坏负荷；临界纵向荷载
borrow,/ ˈbɔːroʊ /,to receive something from someone and later return it,v. 借，借入；（向……）借贷 其他 【名】 （Borrow）（英）博罗（人名）,borrow money: 借钱；借债 | borrow from: 向……借 | borrow trouble: 自找麻烦，杞人忧天
fundamental,/ ˌfʌndəˈment(ə)l /,relating to the most important parts of something,adj. 根本的，基本的；必需的，必不可少的 n. 基本原理；基音，基频,fundamental principle: 基本原则 | fundamental change: 根本变化 | fundamental research: 基础研究
dish,/ dɪʃ /,a shallow container for cooking or serving food,n. 碟，盘；一盘食物 v. 说……的闲话；把（食物）装盘,do the dishes: 洗餐具；洗碗碟 | chafing dish: 火锅；保暖锅 | main dish: 主菜；主碟
abroad,/ əˈbrɔːd /,in or to a foreign country,adv. 在国外，到国外；<旧>在室外，到室外 n. 外国,home and abroad: 国内外，海内外 | at home and abroad: 国内外 | study abroad: 出国留学；海外学习
soul,/ soʊl /,the spiritual part of a person,n. 灵魂；心灵 adj. 激情黑人的，黑人文化的 其他 【名】 （Soul）（英、法）苏尔（人名）,soul mate: 情人；性情相投的人；心心相印的伙伴 | with heart and soul: 热心地，全心全意地 | the life and soul: (某一集会中)最活跃有趣的人；活跃分子；中心人物，首要人物；骨干；灵魂
capable,/ ˈkeɪpəb(ə)l /,able to do something; can do,adj. 有能力的；有本领的，能干的,capable of: 有…能力的；可…的 | capable person: 有行为能力人
defeat,/ dɪˈfiːt /,to win against someone in something such as a fight or game,v. 击败，战胜；困惑，难住 n. 失败，战败；战胜，击败,suffer defeat: 遭受失败
presidential,/ ˌprezɪˈdenʃl /,relating to the president ,adj. 与总统有关的；总统似的，像总统的（尤指貌似自信大方、经验老到的）,presidential election: 总统选举；总统大选 | presidential candidate: 总统候选人 | presidential palace: 总统府
perfectly,/ ˈpɜːrfɪktli /,in a faultless manner; without mistakes,adv. 完美地，极佳地；绝对地，完全地,
enhance,/ ɪnˈhæns /,to make something better; to improve,v. 增强，提高，改善,
proud,/ praʊd /,pleased because of something you have done,adj. 自豪的，得意的；令人自豪的 其他 【名】 （Proud）（英）普劳德（人名）,proud of: 为…而感到骄傲
emergency,/ ɪˈmɜːrdʒənsi /,a sudden serious event needing immediate action,n. 突发事件，紧急情况；急症病人，急诊病人 adj. 紧急情况下的；应急的,in an emergency: 在紧急情况下 | emergency response: 应急响应 | in emergency: 在紧急情况下
educational,/ ˌedʒuˈkeɪʃən(ə)l /,relating to teaching in a school,adj. 教育的；有教育意义的,
distinguish,/ dɪˈstɪŋɡwɪʃ /,to notice the difference between two or more things or people,v. 使有别于；看清，认出,distinguish oneself: 使扬名；使杰出 | distinguish between: v. 区别；分辨 | distinguish from: 区别，辨别
substantial,/ səbˈstænʃ(ə)l /,"large in amount, quantity, or size",adj. 大量的，价值巨大的；牢固的，结实的 n. 重要材料,substantial evidence: 确实证据 | substantial savings: 巨额储蓄 | substantial shareholder: 大股东；主要股东
nearby,/ ˌnɪrˈbaɪ /,not far away,adj. 附近的 adv. 在附近,
manufacturer,/ ˌmænjuˈfæktʃərər /,a person or company that makes a product,n. 生产商，制造商,automobile manufacturer: 汽车制造厂 | parts manufacturer: 零件制造者 | original manufacturer: 原制造厂
slide,/ slaɪd /,"to move smoothly and easily, usually over a surface",v. （使）滑行，滑动；滑落 n. 滑梯；滑道,on the slide: 在滑板上；日益恶化 | slide show: 放映幻灯片 | slide block: 滑块；滑架
valuable,/ ˈvæljuəb(ə)l /,worth a lot of money,adj. 值钱的，贵重的；有益的，宝贵的 n. 贵重品,valuable experience: 宝贵的经验 | valuable information: 有价值的情报 | most valuable player: 最有价值球员；最优秀选手
personally,/ ˈpɜːrsənəli /,"by a specific person, and not by anyone else",adv. 就个人而言；亲自地，本人地,personally speaking: 就个人来说，就自己而言
breast,/ brest /,one of the two parts on the front of a woman's body that produce milk when she has a baby,n. 乳房；胸部，胸脯 v. 登上……的顶部；挺胸顶着……,breast cancer: 乳腺癌 | breast milk: 母乳；母奶 | breast carcinoma: 乳腺癌
cope,/ koʊp /,to deal successfully with a difficult problem,v. 对付，处理 n. 长袍，法衣 其他 【名】 （Cope）（英）科普，（西）科佩（人名）,cope with: 处理，应付
approximately,/ əˈprɑːksɪmətli /,around; nearly; almost; about (a number),adv. 大约，大概,approximately equal: 约等于，近似等于
accommodation,/ əˌkɑːməˈdeɪʃ(ə)n /,"a place to stay, often a hotel",n. <美>住宿，膳宿；<英>住处，办公处，停留处,accommodation space: 起居舱室 | hostel accommodation: 宿舍单位
highlight,/ ˈhaɪlaɪt /,the best or most interesting part of something,v. 突出，强调；用亮色突出 n. 最好（或最精彩、最激动人心）的部分；挑染的头发,
reporter,/ rɪˈpɔːrtər /,"someone whose job is to write and report news for a newspaper, magazine, television, or radio station",n. 记者，通讯员,newspaper reporter: 记者 | news reporter: 新闻记者；新闻报道者 | tv reporter: 电视台记者
climate,/ ˈklaɪmət /,typical weather conditions in a particular place,n. 气候；气候区,climate change: 气候变化；气候变迁 | investment climate: 投资环境；投资气候 | global climate: 全球气候
shirt,/ ʃɜːrt /,a light piece of clothing with sleeves for the upper body,n. 衬衫，恤衫；球衣,white shirt: 白衬衣，白衬衫 | stuffed shirt: [口]妄自尊大的人；自命不凡的人；道貌岸然的人 | in one's shirt: 只穿一件衬衣(或睡衣)
exception,/ ɪkˈsepʃn /,something not included in or different from a group of things,n. 例外，除外,with the exception of: 除了…以外 | without exception: 无例外地，一律 | with the exception: 除了…情况
corporation,/ ˌkɔːrpəˈreɪʃ(ə)n /,big company or a combination of several companies,n. 社团，公司，法人（团体）；市政当局,transnational corporation: 跨国公司 | multinational corporation: 跨国公司 | import and export corporation: [经]进出口公司
chip,/ tʃɪp /,a small piece that was broken or taken off something,n. 炸薯条，炸薯片；芯片 v. 打破，弄缺；（尤指用工具）削下，凿下,single chip: 单晶片 | blue chip: 蓝筹股；优值股票；高值筹码 | single chip computer: 单片计算机
winner,/ ˈwɪnər /,the person or animal that is the best in a contest or first in a race,n. 获胜的人（或队、动物等），优胜者；（体育比赛中）致胜的一分，制胜的进球 其他 【名】 （Winner）（美、德、英）温纳（人名）,
encounter,/ ɪnˈkaʊntər /,"to have or experience something, often unpleasant or difficult",v. 遭遇；偶遇，邂逅 n. 偶遇，邂逅；经历，体验,encounter with: 遭遇，遇到 | close encounter: 近距离接触；紧密交会
brown,/ braʊn /,"of the color of coffee, wood, or chocolate",adj. 褐色的，棕色的；肤色深的，晒黑的 n. 褐色，棕色；褐色的东西 v. （使）变成棕色，成褐色 其他 【名】 （Brown）（英、意、芬、捷、德、法、西、葡）布朗（人名）,gordon brown: 戈登·布朗（英国首相） | dark brown: 深棕色；深褐色 | brown rice: 糙米
breathe,/ briːð /,to move air into and out of your lungs,v. 呼吸；呼出，吐出,breathe in: 吸入 | breathe out: 呼出 | breathe freely: 透气；安心
excuse,/ ɪkˈskjuːs /,to give a reason to explain why you did something,n. 借口，托词；正当理由 v. 原谅，宽恕；辩解，开脱,excuse oneself: v. 为自己辩解；请求免除；请求准予离开 | excuse for: 借口；原谅 | make one's excuses: (对不能出席社交聚会等)表示抱歉(或遗憾)
partly,/ ˈpɑːrtli /,in part; not completely,adv. 部分地，在某种程度上,partly cloudy: 局部多云；少云
tennis,/ ˈtenɪs /,game played by hitting a ball over a net,n. 网球 n. （Tennis）（英）坦尼斯（人名）,table tennis: 乒乓球；桌球 | play tennis: v. 打网球 | tennis player: n. 网球选手
urban,/ ˈɜːrbən /,concerning a city; located in a city,adj. 城市的，城镇的；黑人音乐的 其他 【名】 （Urban）（英）厄本，（法）于尔邦（人名）,urban planning: 城市规划；城镇规划 | urban construction: 城市建设；城市工程 | urban development: 城市发展；城市开发
confuse,/ kənˈfjuːz /,to make something unclear or hard to understand,v. 使糊涂，使迷惑；混淆，弄错,confuse with: 混淆
southern,/ ˈsʌðərn /,in or from the south,adj. 在南方的，向南的；南方的 n. 南方人（Southern） 其他 【名】 （Southern）（英）萨瑟恩（人名）,southern hemisphere: 南半球 | university of southern california: 南加利福尼亚大学 | southern cross: [天]南十字星座
output,/ ˈaʊtpʊt /,amount of something that is produced,n. 产量，作品；产生，生产过程 v. 输出,output power: [化]输出功率 | output voltage: 输出电压 | output value: n. 输出值，产值
beauty,/ ˈbjuːti /,quality of being physically or visually attractive,n. 美丽，漂亮；美好的事物，上品 adj. （产品、工作或活动）美容的,natural beauty: 自然美 | beauty salon: n. 美容院 | sense of beauty: n. 美感；审美感
massive,/ ˈmæsɪv /,very big; very large and heavy,adj. 大而重的，结实的；非常严重的 n. <英，非正式>（某一地区的年轻人群体）嬉蹦音乐迷（或丛林爵士音乐迷）,massive retaliation: 大规模报复
install,/ ɪnˈstɔːl /,to set up a piece of equipment so that it is ready to use,v. 安装，设置；（计算机）安装（新软件）,
calculate,/ ˈkælkjuleɪt /,to find an answer using mathematics,v. 计算，核算；预测，推测,calculate on: 指望；期待 | be calculated for: 适合于……；为适合…而设计的
mouse,/ maʊs /,a small animal that has fur and a long tail,n. 老鼠；鼠标 v. （猫，猫头鹰）捕鼠；<非正式>用鼠标在计算机屏幕上移动光标,mouse button: 鼠标按钮 | mickey mouse: 米老鼠 | mouse pointer: n. [计]鼠标指针
mathematics,/ ˌmæθəˈmætɪks /,study or science of numbers and shapes,n. 数学；数学运算,fuzzy mathematics: 模糊数学 | applied mathematics: 应用数学 | higher mathematics: 高等数学
upper,/ ˈʌpər /,higher than others of the same kind,adj. 上面的，上层的，较高的；顶部的，上部的 n. 鞋面，鞋帮；<非正式>兴奋剂（尤指安非他明） 其他 【名】 （Upper）（英）厄珀（人名）,upper part: 上部 | upper limit: 上限；最高极限 | upper bound: 上界；最大值
creation,/ kriˈeɪʃ(ə)n /,act of making something,n. 创造，创建；作品，创作,value creation: 价值创造 | job creation: 提供就业机会 | poetry creation: 诗歌文本
occupy,/ ˈɑːkjupaɪ /,"to fill a time, a space, or an area",v. 使用（房屋、建筑），居住；占据（空间，时间）,occupy in: 从事
outline,/ ˈaʊtlaɪn /,"the main ideas or facts about something, without the details",n. 轮廓，外形；轮廓图，草图 v. 概述，略述；勾勒，描画……的轮廓,in outline: ◎画…的草图(或轮廓) | general outline: 大纲，概要 | outline form: 外形；洞缘形
sufficient,/ səˈfɪʃ(ə)nt /,having as much as is needed for a particular purpose,adj. 足够的，充足的；（理由、条件）充足的，充分的,sufficient condition: 充分条件 | sufficient for oneself: 不靠他人，不受他人影响 | necessary and sufficient condition: 充要条件；必要且充分的条件
update,/ ˌʌpˈdeɪt /,to change something by adding the most recent information,v. 为……增加最新信息，更新；使现代化 n. 最新报道，最新消息；（计算机软件的）更新,update information: 更新信息；修正信息 | dynamic update: 动态更新；动态升级 | last update: 最新更新
luck,/ lʌk /,"accidental way things happen, often good things",n. 幸运，好运；机遇，运气 v. <非正式>凑巧碰上；<美，非正式>靠运气成功 其他 【名】 （Luck）（英）勒克，（法）吕克，（德、瑞典）卢克（人名）,good luck: 好运；祝您（你）好运 | bad luck: 运气不好，坏运气；噩运 | in luck: 运气好
preserve,/ prɪˈzɜːrv /,to keep something in an unchanged or perfect condition,v. 保护，维护；保持，维持 n. 果酱，腌菜；（某人或某个团体的）专属领域，独有活动,preserve food: 保藏食物
split,/ splɪt /,to break something into pieces or divide something,v. （使）分裂，（使）产生分歧；（使）分开，分成（不同部分） n. 裂口，裂缝；分离，分裂，分歧 adj. 分裂的,split up: 分裂，分离 | split second: 一刹那；极快的 | split hairs: 斤斤计较，在小事上争论不休；作无益的、琐碎的分析
swing,/ swɪŋ /,to move smoothly backwards and forwards or from side to side while hanging from something,v. （使）摆动，摇荡；（使）改变（意见、情绪等） n. 摇摆，摆动；挥舞，挥动 adj. 摇摆乐的；（在投票选举中）摇摆不定的 其他 【名】 （Swing）（美、瑞典、英）斯温（人名）,in full swing: 活跃；正在全力进行中 | full swing: 达到活动的高潮；全力进行中 | go with a swing: v. 顺利进行；节奏轻快
illness,/ ˈɪlnəs /,unhealthy condition of the mind or body,n. 疾病；（某种）病，患病期,mental illness: 精神病 | serious illness: 重大疾病 | terminal illness: 终期病患
journalist,/ ˈdʒɜːrnəlɪst /,"a person who writes news reports for newspapers, magazines, television, or radio",n. 新闻工作者，新闻记者；报人，报纸撰稿人,
sudden,/ ˈsʌd(ə)n /,happening or done quickly or unexpectedly,adj. 突然的，意外的 n. 突然发生的事 adv. <文，非正式>突然地,of a sudden: 突然 | sudden death: n. 猝死；突然死亡；[体]突然死亡法（决赛中的一分或一球定胜负法） | sudden change: 突变；（滴定）突跃
advertisement,/ ˌædvərˈtaɪzmənt /,"a picture, short film, text, etc., that tells people about a product or service",n. 广告；（某一类事物的）活广告,advertisement company: 广告公司 | commercial advertisement: 商业广告 | advertisement plan: 广告策划
consistent,/ kənˈsɪstənt /,always acting or happening in the same way,adj. 始终如一的，一贯的；持续的，连续的,consistent with: 符合；与…一致 | consistent quality: 始终如一的质量 | consistent policy: 一贯的政策
originally,/ əˈrɪdʒənəli /,at first; in the beginning,adv. 起初，原来；独创地，新颖地,
aside,/ əˈsaɪd /,to the side; out of the way; for later use,adv. 在旁边，到（或向）一边；积攒，留出 n. （戏剧或电影中的）旁白；低语，悄悄话,set aside: 留出；驳回，撤销；不顾 | aside from: 除…以外 | put aside: v. 撇开；储存…备用
comfort,/ ˈkʌmfərt /,"state of being relaxed, warm, or happy",n. 舒服，舒适；安慰，慰藉 v. 安慰，抚慰,
secondly,/ ˈsekəndli /,used to give a point or reason after the first,adv. 其次；第二,
severe,/ sɪˈvɪr /,very bad; very serious,adj. 十分严重的，极为恶劣的；艰巨的，严峻的,severe test: 严格试验，严格检验 | severe acute respiratory syndrome: 严重急性呼吸系统综合症 | severe punishment: 严厉惩罚；从重处罚
gene,/ dʒiːn /,part of a cell that controls the development and appearance of a living thing,n. 基因，遗传因子,gene expression: [化]基因表达；基因表现 | gene therapy: n. 基因治疗 | gene engineering: 基因工程；遗传工程
prospect,/ ˈprɑːspekt /,"the possibility that something might happen in the future, especially something good",n. 可能性，希望；预期，展望 v. 勘探，勘察；寻找（商业机会）,prospect for: 勘探 | market prospect: 市场前景 | bright prospect: 光明的前景，辉煌的前程
snow,/ snoʊ /,soft white pieces of frozen water falling from the clouds,n. 雪，积雪；降雪，一场雪 v. 下雪，飘雪；<美，非正式>（用花言巧语）蒙骗，使相信 其他 【名】 （Snow）斯诺（人名）,snow white: n. 白雪公主 | in the snow: 在雪地里 | heavy snow: 大雪
plot,/ plɑːt /,"a plan to do something, often in secret and bad",n. 阴谋，密谋；情节 v. 密谋，暗中策划；（在地图上）画出，标出 其他 【名】 （Plot）（捷、法）普洛特，普洛（人名）,plot of land: 地块；基址 | plot against: 暗算；阴谋策划 | plot out: 划分；分配；描绘，提出…纲要
neck,/ nek /,part of the body joining the head and the body,n. 颈项，脖子；衣领，领口 v. 搂着脖子亲吻，相拥互吻；<英，非正式>一口喝下（某物，尤指酒） 其他 【名】 （Neck）（德、意、英）内克（人名）,neck and neck: 并驾齐驱，不分上下 | bottle neck: 瓶颈 | pain in the neck: 极讨厌的人或事
criteria,/ kraɪˈtɪriə /,details used to make a decision,n. （评判或做决定的）标准，准则，尺度 （criterion 的复数）,evaluation criteria: 评估标准；评定标准 | design criteria: 设计准则；设计标准 | quality criteria: 质量判据；质量准则
primarily,/ praɪˈmerəli /,in the most basic or important way,adv. 主要地，首要地，根本地,
integrate,/ ˈɪntɪɡreɪt /,to combine together; make into one thing,v. （使）合并，成为一体；（使）加入，融入群体 adj. 整合的,integrate with: 使与…结合 | integrate into: 成为一体，融入；使…并入 | integrate circuit: 集成电路
criticism,/ ˈkrɪtɪsɪzəm /,written or spoken remarks about what is bad about someone or something,n. 批评，批判；意见,literary criticism: n. 文艺评论 | textual criticism: 校勘；考订；版本鉴定 | new criticism: 新批评主义
convention,/ kənˈvenʃ(ə)n /,"a large meeting of the members of a profession, organization, or who have the same interests",n. 习俗，惯例；大会，集会,international convention: 国际惯例；国际公约；国际协定 | convention center: n. 会议中心；会展中心 | national convention: 全国代表大会（美国政党为总统候选人提名而召开）；国民公会（指1792－1795年间的法国议会）
bet,/ bet /,to make an agreement on the results of an event where the losers give something (usually money) to the winner,v. 打赌，赌博；<非正式>敢肯定 n. 下注；赌金 abbr. 在……之间（between） 其他 【名】 （Bet）（美）贝特（人名）,bet on: 就…打赌 | make a bet: 打赌 | best bet: 最好的办法；最好的措施
retain,/ rɪˈteɪn /,to continue to have or use something; to keep,v. 保持，保留；保存，储存,
sequence,/ ˈsiːkwəns /,an ordered group of related events or things,n. 顺序，次序；连续事件（或动作、事物） v. 按顺序排列；测定（整套基因或分子成分的）序列,in sequence: 依次，逐一 | time sequence: 时间顺序 | sequence analysis: 序列分析
plain,/ pleɪn /,simple; easy to understand; clear,adj. 无装饰的，朴素的；单色的，无花纹的 adv. 完全地，简直；明白地，不含糊地 n. （大）平原；（编织的）平针 其他 【名】 （Plain）（英）普莱恩，（法）普兰（人名）,plain text: 纯文本；没有加密过的文件 | in plain sight: 显而易见；一览无遗 | plain english: 简明英语；通俗易懂的话
volunteer,/ ˌvɑːlənˈtɪr /,someone who works willingly without pay,n. 志愿者，义务工作者；自告奋勇者，主动做某事的人 v. 自愿做，义务做，无偿做；志愿服役，志愿参军 adj. 志愿（者）的,volunteer services: 义工服务；志工服务台
rural,/ ˈrʊrəl /,"relating to parts of a country that are outside towns and cities, with fields, woods, etc.",adj. 农村的，乡村的；有乡村特色的，有乡土气息的,rural economics: 农村经济 | rural area: 农村地区；乡郊地区 | rural population: 农村人口
calm,/ kɑːm /,relaxed and not worried or angry,adj. 镇静的，沉着的；平静的，稳定的 n. （精神或情感状态的）镇静，平和；宁静，安静 v. 使平静，使镇静；冷静下来，镇静下来 其他 【名】 （Calm）（法、德）卡尔姆（人名）,calm down: 平静下来；镇定下来 | keep calm: 保持冷静 | stay calm: 保持冷静
abandon,/ əˈbændən /,to leave someone or something you are responsible for and not return,v. 抛弃，遗弃；（因危险）离开，舍弃 n. 放任，放纵,with abandon: 恣意地，放纵地 | abandon ship: 弃船
examination,/ ɪɡˌzæmɪˈneɪʃ(ə)n /,"test of your knowledge of, or ability in something",n. 考试；审查，调查,entrance examination: 入学考试 | examination and approval: 审查准许 | college entrance examination: 高考；大学入学考试
silence,/ ˈsaɪləns /,no sound or noise,n. 寂静，无声；沉默，默不作声: v. 使安静，使不说话；压制，使不再发表（反对意见） int. <正式>（用以让人们安静）安静，静下来,in silence: 沉默地 | keep silence: 保持沉默，保持安静 | silence is gold: 沉默是金
rapidly,/ ˈræpɪdli /,with great speed,adv. 快速地，迅速地,
efficient,/ ɪˈfɪʃ(ə)nt /,able to work well without waste,adj. 生效的，效率高的；（人）有能力的，能胜任的,energy efficient: 节能 | efficient production: 有效生产 | efficient market: 有效市场
revolution,/ ˌrevəˈluːʃ(ə)n /,"a change in the way a country is governed, usually by violence or war; a complete change",n. （思想、工作方式等的）彻底变革；（使用武力、暴力的）革命,chinese revolution: 辛亥革命 | industrial revolution: 工业革命，产业革命 | democratic revolution: 民主革命
delight,/ dɪˈlaɪt /,a strong feeling of great pleasure and happiness,n. 高兴；令人高兴的人或物，乐事 v. 使高兴；以……为乐 其他 【名】 （Delight）（英）迪莱特（人名）,delight in: 因…感到快乐 | with delight: 欣然 | take delight in: 乐于
spell,/ spel /,"to be able to say, write, or print the letters that make up a word",n. 一段时间；（疾病突然的）一次发作 v. 拼写，拼缀出（单词）；拼作，拼成 其他 【名】 （Spell）斯佩尔（人名）,spell out: 讲清楚 | under a spell: adv. 被迷住；被符咒镇住 | cold spell: 春寒期
premise,/ ˈpremɪs /,a statement or idea that is accepted as being true and is used for developing other ideas and actions,n. 前提，假设；（企业或机构使用的）房屋及土地（premises） v. 以……为基础，以……为前提；预先提出，事先提到,on the premise: 在…前提下 | major premise: n. [逻]（三段论法的）大前提 | off the premises: (尤指酒店)店外，屋外，建筑物外
lean,/ liːn /,to bend or move someone's body in a particular direction; (adj) very little fat,v. （身体）倾斜；倾向于做 adj. 瘦且健康的；（肉）瘦的，脂肪少的 n. 倾斜，歪曲；瘦肉 其他 【名】 （Lean）（丹）利恩（人名）,lean on: 依赖；靠在…上 | lean production: 精益生产；精实生产 | lean manufacturing: 精实生产
dramatic,/ drəˈmætɪk /,sudden and extreme,adj. 巨大而突然的，急剧的；激动人心的，引人注目的，给人深刻印象的,
differ,/ ˈdɪfər /,to be not the same as others,v. 不同于；意见有分歧 其他 【名】 （Differ）（法）迪费（人名）,differ from: 与…不同；区别于… | differ in: 不同在；在…方面存在不同 | differ with: 与…意见不一；与…不调和
grateful,/ ˈɡreɪtf(ə)l /,feeling or showing thanks; thankful,adj. 感谢的，感激的；（尤用于书信或正式场合提出请求）感激不尽，请,grateful for: 为…而感谢
protein,/ ˈproʊtiːn /,"a substance found in some foods, such as meat, that is needed by the body to stay healthy",n. 蛋白质，朊 adj. 蛋白质的,protein content: 蛋白质含量 | soy protein: 大豆蛋白；酱油蛋白质 | high protein: 高蛋白；高蛋白质面粉
bike,/ baɪk /,a vehicle with two wheels that a person can ride,n. 自行车，脚踏车，单车；摩托车 v. <非正式>骑自行车（单车）；<英> 用自行车（或摩托车）投递（信件，包裹） n. （Bike)（土、土库、塞）比克,by bike: 骑自行车；骑单车 | ride a bike: 骑自行车 | mountain bike: n. 山地车；山地自行车
distribute,/ dɪˈstrɪbjuːt /,to hand in or deliver something to people,v. 分发，分配；配送，分销,
intellectual,/ ˌɪntəˈlektʃuəl /,of or relating to the ability to think in a logical way and understand complicated ideas and subjects,adj. 智力的，理智的；才智超群的 n. 知识分子,intellectual property: 知识产权；著作权 | intellectual property right: 知识产权；智慧财产权 | intellectual capital: 知识资本；智慧资本
derive,/ dɪˈraɪv /,to develop or get something from something else,v. 获得，取得；起源于，来自 其他 【名】 （Derive）（法）德里夫（人名）,derive from: 源出，来自，得自；衍生于
crucial,/ ˈkruːʃ(ə)l /,extremely important,adj. 至关重要的，决定性的；<非正式>极好的,
unemployment,/ ˌʌnɪmˈplɔɪmənt /,the number of people in an area who want to work but do not have a job,n. 失业人数，失业率；失业，失业状态,unemployment rate: 失业率 | unemployment insurance: 失业保险 | unemployment benefit: 失业救济金；失业津贴
wheel,/ wiːl /,the round thing under a vehicle that turns and makes it move,n. 轮子，车轮；汽车（wheels） v. 推，拉（带轮运输工具）；用有轮之物推动（或拉动、移动）……,grinding wheel: 磨轮，砂轮 | steering wheel: 方向盘；驾驶盘；舵轮 | wheel in: 把…推进来
crop,/ krɑːp /,"plants grown on a farm for food (e.g., corn or rice)",n. 庄稼；（谷物或水果的）收成，产量 v. 剪短；剪裁（照片）,in crop: (土地)种着庄稼 | crop yield: 粮食产量，作物产量；谷物收获量 | crop production: 作物生产，种植业
minority,/ maɪˈnɔːrəti /,a part of a group that is less than half of the whole; a small part,n. 少数，少数派；少数民族，少数群体 adj. 少数的；少数民族的,ethnic minority: 少数民族 | minority nationality: 少数民族 | national minority: 少数民族
origin,/ ˈɔːrɪdʒɪn /,the point at which something begins or is created,n. 起源，起因；出身，血统,country of origin: 原产地；原产国 | certificate of origin: [商]原产地证书 | place of origin: 原产地；起运地点
interpretation,/ ɪnˌtɜːrprəˈteɪʃ(ə)n /,an explanation or opinion of the meaning of something,n. 解释，理解；表演，演奏，艺术处理,simultaneous interpretation: 同声传译 | judicial interpretation: 司法解释 | image interpretation: 图像判读，影像判读
gentleman,/ ˈdʒent(ə)lmən /,a man who has good manners and is considerate,n. （称呼或指男子，尤其是不认识的）先生；彬彬有礼的人，有教养的人,old gentleman: n. 恶魔；魔王 | ladies and gentleman: 女士们先生们 | the gentleman from: [美国英语](美国众议院)某某州(选出的)议员
drama,/ ˈdrɑːmə /,a piece of writing that tells a story about a serious subject or an exciting event,n. 剧本，戏剧；戏剧研究，戏剧艺术 其他 【名】 （Drama）（刚(金)）德拉马（人名）,tv drama: 电视剧 | modern drama: 话剧 | drama club: 戏剧学会
landscape,/ ˈlændskeɪp /,a large area of countryside or land that has a particular quality or appearance,n. （陆上，尤指乡村的）风景，景色；形势，情形 v. 对……做景观美化，美化……的环境；从事景观美化工作 adj. 横向列印的,landscape design: 景观设计；园林设计；环境景观设计 | landscape architecture: 造园术，园林建筑学；造景建筑业 | natural landscape: 自然景观；天然景观
educate,/ ˈedʒukeɪt /,to teach someone in a school or college,v. （在学校）教育；教导，培养,
toy,/ tɔɪ /,a thing that children play with,n. 玩具；玩意儿，小摆设 adj. 玩具的，和玩具有关的；个头很小的，小体型品种的 v. 漫不经心地考虑；调情，调戏 其他 【名】 （Toy）（美）托伊（人名）,toy factory: 玩具厂 | toy car: 玩具车 | toy store: 玩具店
fault,/ fɔːlt /,a bad quality or part of someone or something; responsibility for a mistake or bad situation,n. 错误；责任，过错 v. 挑剔，指责；发球失误,fault diagnosis: 故障诊断 | fault tree: 故障树；失效树 | fault zone: 断裂带；断层带，断层区
exhibit,/ ɪɡˈzɪbɪt /,to display or make available for people to see,v. 表现出；卖弄，炫耀 n. 展品；（法庭上出示的）证物,on exhibit: 展出
minor,/ ˈmaɪnər /,"not so large in size, not important or valuable",adj. 较小的，次要的，轻微的；（疾病）不严重的，（手术）小的 n. 未成年人；辅修课程 v. 辅修 其他 【名】 （Minor）（英）迈纳，（德、法、波、俄）米诺尔（人名）,asia minor: n. 小亚细亚 | minor in: 辅修；兼修 | minor axis: 短轴；短径；弱轴
hunt,/ hʌnt /,to search for wild animals to kill for food or sport,v. 打猎，猎取；搜寻，搜索 n. 搜索，寻找；打猎，狩猎 其他 【名】 （Hunt）（美）安（人名）,hunt for: 搜寻，寻找 | hunt down: 穷追直至抓获 | in the hunt: [美国俚语]有机会
storm,/ stɔːrm /,"bad weather with a lot of rain, snow, and strong winds",n. 暴风雨，暴风雪，风暴；（感情或反应的）爆发，迸发 v. 猛烈攻击，突然袭击；气冲冲地走,tropical storm: 热带风暴 | dust storm: 尘暴 | storm surge: 风暴潮；风暴汹涌
thick,/ θɪk /,having a large distance between two surfaces,adj. 厚的，粗的；有……厚的 n. 在……最激烈时，在……最紧张的时刻（the thick） adv. 厚地，浓密地；大量地 其他 【名】 （Thick）（美、英、加）西克（人名）,thick with: ◎充满着；布满着；密布着 | through thick and thin: 不畏艰险；在任何情况下 | thick liquid: 粘稠液体，浆
achievement,/ əˈtʃiːvmənt /,something good that you have successfully done,n. 成绩，成就；完成，实现,outstanding achievement: 业绩；杰出成就 | academic achievement: 学业成就；学业成绩 | achievement motivation: 成就动机
negotiate,/ nɪˈɡoʊʃieɪt /,to have a formal discussion to reach an agreement,v. （尤指在商业或政治上）谈判，磋商，洽谈；商定，达成协议,negotiate about: 协商；谈判
dominate,/ ˈdɑːmɪneɪt /,to have power or influence over,v. 统治，支配；在……中占首要地位,dominate the market: 欺行霸市
supplier,/ səˈplaɪər /,organization that provides a product or service,n. 供应商，供应者,power supplier: 电源供应器 | supplier quality engineer: 供应商质量工程师
prize,/ praɪz /,something that is won in a contest or given as an award,n. 奖品，奖项；非常珍贵的人（或物），十分重要的人（或物） adj. 可获奖的，优等的；作为奖品的 v. 珍视，高度重视；<美>撬开,nobel prize: 诺贝尔奖 | first prize: 一等奖 | nobel peace prize: 诺贝尔和平奖
typically,/ ˈtɪpɪkli /,in a normal or usual way,adv. 典型地，有代表性地；一般，通常,
peer,/ pɪr /,"person of the same age, class, or background as another",n. 同龄人，同等地位的人，相匹敌的人；（英国）贵族 v. 凝视，费力地看；隐现 其他 【名】 （Peer）（美、爱、英）皮尔（人名）,peer review: 同业互查 | peer to peer: 对等的；[计]端对端 | peer pressure: 来自同辈的压力
pension,/ ˈpenʃən /,regular payments you receive after you retire,n. 养老金，退休金；（法国和其他一些欧洲国家的）廉价小旅店 v. （尤指因年龄或疾病而）向（某人）支付养老金使其退休；（因陈旧或不再有用而）丢弃（某物）,pension fund: 养老基金；退休基金 | pension insurance: 养老保险 | pension plan: 公积金计划；退休金办法；养老计划
wing,/ wɪŋ /,part of an animal's body that is used for flying,n. （鸟、昆虫或蝙蝠的）翅膀，翼；（飞机的）机翼 v. 飞，飞行；被迅速送往 其他 【名】 （Wing）（英、印尼）温（人名）,left wing: 左翼；左派（名词left-winger，形容词left-wing） | right wing: 右翼；右派 | on the wing: 在飞行中；奔波着
acquisition,/ ˌækwɪˈzɪʃ(ə)n /,act of getting something,n. 学得，习得；（金钱、财物等的）获取,data acquisition: 数据采集 | data acquisition system: 数据采集系统；资料获取系统 | language acquisition: 语言习得
laughter,/ ˈlæftər /,action or sound of laughing,n. 笑，笑声,burst into laughter: 突然大笑 | laughter and tears: 又哭又笑;欢乐与悲伤[亦作 tears and laughter] | roar with laughter: 哄堂大笑
deeply,/ ˈdiːpli /,"to a great, intense, or extreme extent",adv. 很，非常；深刻地，深沉地,deeply rooted: adj. 根深的 | love deeply: 火热爱情，爱那么重 | breathe deeply: 深呼吸
recognition,/ ˌrekəɡˈnɪʃ(ə)n /,accepting that something is true or that it exists,n. 承认，接受；表彰，赞誉,pattern recognition: 模式识别 | recognition system: [计]识别系统 | speech recognition: 语音辨识
electricity,/ ɪˌlekˈtrɪsəti /,energy generated positive and negative charges,n. 电，电流，电力；强烈感情,static electricity: n. 静电；静位觉 | generate electricity: 发电 | electricity supply: 供电；电力供应
assistance,/ əˈsɪstəns /,act of helping someone,n. 帮助，援助,technical assistance: 技术援助 | financial assistance: 财政资助 | mutual assistance: 互相帮助；互相援助
roof,/ ruːf /,cover or top of something,n. 屋顶，车顶；（洞穴、矿井等的）顶部 v. 给......盖上屋顶；覆遮，遮蔽 其他 【名】 （Roof）（英）鲁夫（人名）,flat roof: 屋顶平台 | roof structure: 屋顶结构；塔楼 | floating roof: 浮顶（尤指油罐的浮顶）
retirement,/ rɪˈtaɪərmənt /,time when someone has stopped working because of their age,n. 退休，退职；退休生活，退休期间,retirement age: 退休年龄 | early retirement: 提前退休；内退 | retirement plan: 退休计划；养老金计划
respectively,/ rɪˈspektɪvli /,in the order people or things were mentioned,adv. 分别地，依次地,
variation,/ ˌveriˈeɪʃ(ə)n /,something almost the same as another but different,n. 变化，变动；变奏曲,temperature variation: 温度变化 | genetic variation: n. 遗传变异 | coefficient of variation: 变异系数；变动系数；变更系数
ultimately,/ ˈʌltɪmətli /,"finally, after doing other things",adv. 最终，最后；根本上，最重要地,
proof,/ pruːf /,information which shows that something is true or correct,n. 证明，证据；检验，证实 adj. 防……的，耐……的；试印的 v. 保护……免受影响（或损害）；印……的校样,burden of proof: 举证责任；提供证据之责任 | water proof: 防水的；不透水的 | explosion proof: 防爆
soil,/ sɔɪl /,top layer of earth in which plants grow,n. 泥土，土壤；（可供某物发展的）土壤，温床 v. 弄脏，玷污,soil erosion: n. 水土流失；土壤侵蚀；土壤流失；泥土流失 | soft soil: 软土，软泥地 | soil water: 土壤水
smart,/ smɑːrt /,"being clever, having a good mind",adj. 聪明的，明智的；（人）衣着得体的 v. （身体部位）感到刺痛；（因批评、失败等）难过，烦恼 n. 剧痛，刺痛；痛苦，苦恼 adv. 机敏地，整洁地，潇洒地 其他 【名】 （Smart）（法）斯马尔，（英、德）斯马特（人名）,smart card: 智能卡 | smart phone: 智能电话 | little smart: 小灵通（中国网通和中国电信联合推出的移动通信产品）
layer,/ ˈleɪər /,an amount of something that is spread over a surface,n. 层；层次，等级 v. 分层放置；把（头发）分层剪短,boundary layer: 边界层 | thin layer: 薄层；薄膜层 | surface layer: 表层
upset,/ ˌʌpˈset /,"troubled, worried, or angry",v. 使心烦意乱，使生气；打乱，搅乱 adj. 不高兴的，心烦意乱的；（肠胃）不适的 n. 烦恼，失望；肠胃不适,upset stomach: 肚子痛 | get upset: 伤心；感到不安 | stomach upset: n. 肠胃不适，消化不良
tooth,/ tuːθ /,hard white thing in the mouth used for biting and eating,n. 牙，齿；（工具边缘、梳子、锯、拉链等的）齿状物，齿 v. 给……装齿；啮合 其他 【名】 （Tooth）（英）图思（人名）,tooth profile: 齿形；齿廓 | tooth surface: 齿面；轮齿表面 | long in the tooth: 岁口大的（马）；年迈的，年老的
representation,/ ˌreprɪzenˈteɪʃ(ə)n /,speaking or doing something officially for another person,n. 代理人，代表；描绘，表现,knowledge representation: 知识表示；知识表达 | symbolic representation: 符号表示；符号表征；符号性表象 | graphical representation: 图示；图解表示法
preparation,/ ˌprepəˈreɪʃ(ə)n /,getting ready for something,n. 准备（指动作或过程）；准备工作，筹备工作（preparations）,preparation for: 为…做准备 | preparation method: 制备方法 | in preparation: 在准备中
dispute,/ dɪˈspjuːt /,argument between two or more parties about something,n. 争论，辩论，纠纷 v. 对……提出质疑，否认；争论，辩论,dispute resolution: [法律]调解纠纷 | in dispute: 在争论中 | labor dispute: 劳动争议；劳资纠纷
agenda,/ əˈdʒendə /,a list of subjects that people will discuss at a meeting,n. 待议事项，议事日程；（政治）议题,item on the agenda: 议程项目 | hidden agenda: 隐秘的议程；幕后的动机 | agenda setting: 议题设定；议程设定
emphasis,/ ˈemfəsɪs /,particular importance to the way something is said,n. 重要性，重点强调；重读，强调,emphasis on: 着重于；对…的强调 | put emphasis on: 重视，强调；把重点放在…… | lay emphasis on: 强调；把重点放在
edition,/ ɪˈdɪʃn /,a particular version of something that is sold to the public,n. 版本，版次；一集，一期,new edition: 修订版，新版；新版本 | first edition: （书籍、杂志的）初版 | special edition: 专刊，号外
silver,/ ˈsɪlvər /,"expensive, near white color metal (symbol Ag)",n. 银；银器（尤指餐具） adj. 银（白）色的；银制的，含银的，（有关）银的 v. 镀（或包）银于；<文>使具有银色光泽，使变成银色 其他 【名】 （Silver）（法）西尔韦，（英、德、芬、瑞典）西尔弗（人名）,sterling silver: 标准纯银，法定纯度银制成品 | silver medal: 银质奖章；银牌奖 | silver lining: （不幸或失望中的）一线希望；乌云周围的白光
entertainment,/ ˌentərˈteɪnmənt /,"activities that make people have a good time by singing, telling jokes, etc.",n. 娱乐，娱乐表演；招待，款待,entertainment industry: 娱乐业 | entertainment center: 娱乐中心 | blizzard entertainment: 暴雪娱乐公司
honest,/ ˈɑːnɪst /,good; always telling the truth and not stealing,adj. 诚实的，正直的；坦诚的，直率的 adv. 真的，确实,honest man: 诚实的人；正直的人 | be honest with: 坦诚；对…诚实 | good and honest: 善良
undertake,/ ˌʌndərˈteɪk /,"to begin or attempt, commit oneself to and begin",v. 承担，从事；承诺，答应,
retail,/ ˈriːteɪl /,concerning the business of selling products to the public for personal use,n. 零售 v. 零售；以……价格销售 adv. 以零售方式 adj. 零售的 其他 【名】 （Retail）（印）勒塔伊（人名）,retail business: 零售业务；小生意 | retail price: 零售价 | retail trade: 零售业
wire,/ ˈwaɪər /,"thin, flexible thread of metal",n. 金属丝，金属线；电线，导线 v. 给……接上电线，接通（电源）；（用电线）接通，连接 其他 【名】 （Wire）怀尔（人名）,steel wire: 钢丝 | wire rope: 钢丝索；钢缆， 钢索 | wire netting: 铁丝网；金属网
unlikely,/ ʌnˈlaɪkli /,not being likely to happen or not likely to be the truth,adj. 不大可能发生的；未必真实的，难以相信的 adv. 未必,
gay,/ ɡeɪ /,person attracted to someone of the same sex,adj. 同性恋的；<旧>艳丽的 n. 同性恋者（尤指男性） 其他 【名】 （Gay）（英、法、瑞典、毛里塔）盖伊，（西）加伊（人名）,gay marriage: 同性恋婚姻 | gay man: 男同性恋者
publication,/ ˌpʌblɪˈkeɪʃ(ə)n /,process of producing a book or magazine,n. 出版，发行；出版物，发行物,date of publication: 公布日期；出版日期 | publication date: n. 出版日期 | publication time: 发表时间
slight,/ slaɪt /,very small in degree or amount,adj. 轻微的，少量的；（人）瘦小的，纤弱的 v. 怠慢，轻视；<古>破坏，摧毁（防御工事） n. 冒犯，冷落,slight fever: 微热，低烧 | slight pain: 轻微疼痛 | slight illness: 小病；不适；头疼脑热
unknown,/ ˌʌnˈnoʊn /,not familiar or famous,adj. 未知的，未被确认的；不出名的，无名的 n. 无名者，不出名的人；不明情况，未知因素,unknown number: 未知数 | unknown soldier: （美）阵亡的无名英雄 | fever of unknown origin: 无明显病因的发烧
framework,/ ˈfreɪmwɜːrk /,basic structure of something,n. (建筑物或物体的）构架，结构；参照标准，准则,basic framework: 基本框架 | legal framework: 法律体制 | conceptual framework: 概念框架；基本概念
zone,/ zoʊn /,area of space used for a particular reason,n. （有某特色或作用的）地区，地带；（允许或禁止某种活动的）范围 v. 将……划为某种用途的区域；将……分成区（或划成带） 其他 【名】 （Zone）（塞）佐内,development zone: 开发区 | economic zone: 经济特区；经济圈；经济地带 | industrial zone: 工业区
restrict,/ rɪˈstrɪkt /,to prevent from doing something,v. 限制，控制（大小、数量、范围）；限制（活动或行为），妨碍,
trace,/ treɪs /,"to find, describe or discover by investigation",v. 查出，发现，追踪；追溯，追究 n. 痕迹，遗迹，踪迹；微量，少许 其他 【名】 （Trace）（美）塔斯（人名）,trace element: [化]微量元素 | without a trace: 无影无踪地；渺无踪迹地 | trace back: 追溯
inch,/ ɪntʃ /,a measure of length; 1/12 of a foot (2.54 centimeters),n. 英寸；（距离或数量）少许 v. （数量）逐渐增加（或减少）；（使）缓慢移动 其他 【名】 （Inch）（英）英奇（人名）,every inch: 彻底 | inch by: 逐渐地；一步一步地 | square inch: 平方英寸
equivalent,/ ɪˈkwɪvələnt /,"being about equal in value, use, or meaning",adj. 等同的，等效的 n. 对等的人（或事物），对应的人（或事物）；当量（equivalent weight）,equivalent circuit: 等效电路 | equivalent stress: 等效应力；折算应力；相当应力 | carbon equivalent: [化]碳当量
solid,/ ˈsɑːlɪd /,firm or hard; not a gas or liquid,adj. 固体的，坚硬的；结实的，牢固的 n. 立体（图形）；固体 其他 【名】 （Solid）（瑞典）索利德（人名）,solid foundation: 基础雄厚；实体基础 | solid waste: 固体废物，固态废物；固体废料，固体垃圾 | solid state: 固态
enterprise,/ ˈentərpraɪz /,a business or organization,n. 企业，事业单位；事业心，进取心,enterprise management: 企业管理 | business enterprise: 工商企业；企业机构 | private enterprise: 民营企业；私营企业
elderly,/ ˈeldərli /,"a polite word for 'old', used to describe people",adj. 上了年纪的；老掉牙的 n. 老人（the elderly）,elderly persons priority scheme: 共享颐年优先配屋计划
owe,/ oʊ /,"to need to pay money to a person, bank, business, etc.",v. 欠（钱），负账；应该做，应给予 其他 【名】 （Owe）（瑞典、挪）奥弗（人名）,
governor,/ ˈɡʌvərnər /,person who leads a state or province,n. 州长，省长，总督；理事，董事,speed governor: 调速器，限速器；蒂器 | vice governor: 副省长 | lieutenant governor: n. 副州长；副总督
uniform,/ ˈjuːnɪfɔːrm /,a set of clothes that show you are part of a group or school,n. 制服，校服；<非正式>穿制服的警官 adj. 全部相同的，始终如一的；制服式的 v. 使一致；使穿制服,in uniform: 穿制服 | uniform distribution: 均匀分布；一致分布 | school uniform: 校服
port,/ pɔːrt /,a town or an area of a town next to water where ships arrive and leave from,n. 港口，避风港；口岸，港口城市 v. 转移，移植（软件）；使（船，舵）向左转 其他 【名】 （Port）（英）波特，（法）波尔，（德、俄、匈、捷）波尔特（人名）,at the port: 作持枪的姿势 | in port: 在港内 | serial port: [计]串行端口；序列埠
pitch,/ pɪtʃ /,1. the level of a sound; 2. a throw of a ball; 3. a speech to sell something; 4. black substance that is sticky when hot and hard when dry,n. <英>体育场地，球场；程度，强度 v. 扔，抛，掷；（棒球中）投（球）,pitch in: 投入；作出贡献 | tar pitch: 焦油沥青 | coal tar pitch: 沥青；煤焦油沥青；硬煤沥青
arrival,/ əˈraɪv(ə)l /,when someone or something gets to a place,n. 到达，到来；到达者，加入者,on arrival: 到达；抵达时 | arrival time: 到达时间 | upon arrival: 一到；在到达时
contemporary,/ kənˈtempəreri /,being of the time being discussed,adj. 当代的，现代的；同时期的，同时代的 n. 同时代的人；同龄人，同辈,contemporary art: 当代艺术 | contemporary literature: n. 现代文学 | the contemporary era: 当代
gate,/ ɡeɪt /,place in a fence which can be opened or closed,n. 大门；登机口 comb. ……门事件（表示政治丑闻）(-gate) 其他 【名】 （Gate）（英）盖特，（法、瑞典）加特（人名）,gate valve: 闸门阀；闸式阀 | school gate: 校门；学校大门 | south gate: 南盖特（美国加利福尼亚州西南部城市）
ease,/ iːz /,state of being comfortable or relaxed,n. 容易；舒适，自在 v. 减轻，缓和，放松；缓缓移动,ease oneself: ◎自我安慰，泄愤，出气；抛弃心头的烦闷 | at ease: 安逸，自由自在；舒适 | with ease: 熟练地；不费力地
beer,/ bɪr /,alcoholic drink that is made from wheat or grains,n. 啤酒；一杯（或一瓶，一罐）啤酒 其他 【名】 （Beer）（法、德、俄、罗、捷、瑞典）贝尔，（英、西、南非）比尔（人名）,beer yeast: n. 啤酒酵母 | drink one's beer: [美国俚语]闭嘴，住嘴 | qingdao beer: 青岛啤酒
specialist,/ ˈspeʃəlɪst /,person who works in one specific area of a field or profession,n. 专家；专科医生 adj. 专业的；专门的,specialist system: 专家系统；专家制度 | heart specialist: 心脏病专家
assure,/ əˈʃʊr /,to make sure that something happens,v. 使确信，向……保证；确保，使确定,assure oneself: 弄清楚，查明 | assure of: vt. 向...保证）；查明（使相信
profile,/ ˈproʊfaɪl /,description listing the basic information about a person or group,n. （人头部的）侧面（像），侧影；（某物的）外形，轮廓 v. 概述，扼要介绍；给……画侧面像，显出……侧面轮廓,high profile: 鲜明的姿态；引人注目的高姿态；明确的立场 | low profile: 低姿态；低姿态的人 | company profile: 公司简介；公司概况；企业介绍
mood,/ muːd /,emotion or a state of mind; how you feel,n. 心境，情绪；气氛，情感基调 其他 【名】 （Mood）（英）穆德，（瑞典）莫德（人名）,bad mood: 坏心情，坏情绪 | in the mood: 兴致勃勃 | in a good mood: 心情好，好心情
episode,/ ˈepɪsoʊd /,show which is part of a larger story,n. 一段经历，一段时期；（电视剧或广播剧的）集，一集,
crack,/ kræk /,to almost break something,v. 破裂，裂开；崩溃，垮掉 n. 裂缝，裂纹；缝隙，窄缝 adj. 优秀的，训练有素的 其他 【名】 （Crack）（英、美、加）克拉克克（人名）,fatigue crack: 疲劳裂纹 | crack down: 镇压；取缔；劈啪击下 | crack propagation: 裂纹扩展
numerous,/ ˈnuːmərəs /,existing in large numbers,adj. 众多的，许多的,
submit,/ səbˈmɪt /,to accept a superior force has power over you,v. 呈递，提交；屈服，不得已接受,submit registration: 提交登记表；提交注册 | submit applications: 提交申请
symptom,/ ˈsɪmptəm /,a change in someone or something that shows they have an illness or problem,n. （医） 症状；（大问题的）迹象，征兆，征候,symptom complex: 症候群
virtually,/ ˈvɜːrtʃuəli /,almost completely,adv. 事实上，几乎；虚拟地，模拟地,
era,/ ˈɪrə /,a period of time in history that is special for a particular reason,n. 时代，年代，纪元 其他 【名】 （Era）（意、芬、印）埃拉（人名）,new era: 新纪元报 | the contemporary era: 当代 | cenozoic era: 新生代
coverage,/ ˈkʌvərɪdʒ /,"way a newspaper, television program, etc., reports an event or subject",n. 覆盖范围；新闻报道,media coverage: 媒体报道 | insurance coverage: [经]保险责任范围 | coverage rate: 覆盖率
tension,/ ˈtenʃ(ə)n /,feeling of anxiety and inability to relax,n. 紧张，焦虑；紧张关系，紧张局势 v. 使拉紧，使紧张,surface tension: 表面张力 | tension control: n. 张力控制 | interfacial tension: [物]界面张力
cable,/ ˈkeɪb(ə)l /,"wire carrying electricity, tv signals, internet, etc.",n. 电缆；钢缆，缆绳 v. 给……安装有线电视；给……发电报,cable tv: 有线电视 | cable television: 电缆电视，有线电视 | power cable: 电力电缆
sensitive,/ ˈsensətɪv /,easily hurt or damaged,adj. 过敏的，易受影响的；灵敏的 n. 具有超自然通灵能力的人,sensitive skin: 敏感性皮肤 | highly sensitive: 高灵敏度的 | pressure sensitive: 压敏，压敏材料
nervous,/ ˈnɜːrvəs /,having a tendency to become uneasy or anxious,adj. 神经紧张的，担忧的；神经质的，神经过敏的,nervous system: 神经系统 | central nervous system: 中枢神经系统 | autonomic nervous system: 植物性神经系统，自主神经系统
input,/ ˈɪnpʊt /,"to put in information, advice, or opinions",n. 投入，输进；输入的信息 v. 输入（信息）,input data: 输入数据；输入资料 | input signal: [电]输入信号 | input method: 输入法
isolate,/ ˈaɪsəleɪt /,to keep in a place or situation apart from others,v. 孤立，分离；隔离 n. 被隔离的人（或物）；（用于研究的）分离菌，隔离群 adj. 孤独的，孤立的,protein isolate: 分离蛋白 | soy protein isolate: 分离大豆蛋白
prisoner,/ ˈprɪz(ə)nər /,someone kept in a prison as punishment for a crime,n. 犯人，囚犯；俘虏，战俘,prisoner of war: 战俘 | prisoner of war (pow): n. 战俘 | political prisoner: 政治犯
eliminate,/ ɪˈlɪmɪneɪt /,to completely remove; to get rid of,v. 剔除，根除；对……不予考虑，把……排除在外,eliminate poverty: 消除贫困 | eliminate noise: 消除噪声 | eliminate illiteracy: 扫盲，扫除文盲
tight,/ taɪt /,held together firmly; difficult to move,adj. 牢固的，不松动的；紧身的 adv. 紧紧地，牢固地 其他 【名】 （Tight）泰特（人名）,sit tight: 稳坐不动；坚持主张；静待事态的发展 | in the tight: 【英式橄榄球】在密集阵式中 | tight schedule: 时间很紧；行程紧凑
wet,/ wet /,covered or soaked with a liquid; not dry,adj. 湿的，潮湿的；（天气）下雨的，多雨的 n. 雨，雨天（the wet）；<英>保守党温和派成员 v. 把（某物）弄湿；（尤指婴儿或小孩子）把……尿湿 其他 【名】 （Wet）（英、纳米、南非）韦特（人名）,all wet: 大错特错；胡说；毫无价值 | get wet: 弄湿，湿了；打湿 | wet process: 湿法；湿制程；湿版洗印
secondary,/ ˈsekənderi /,less important than something else,adj. （教育）中等的，中学的；次要的， 第二位的 n. 副手，下属；第二防线,secondary school: 中等学校 | secondary market: 二级市场；次级市场 | secondary pollution: 二次污染
welfare,/ ˈwelfer /,a government program to help poor people,n. 幸福，安康；福利救济，社会福利 adj. 福利的；接受社会救济的,social welfare: 社会福利；社会福利工作（等于social work） | public welfare: 公共福利，公用福利设施；社会福利 | welfare system: 福利体系
recruit,/ rɪˈkruːt /,"to get people to come and work, join, or study with you",v. 招聘，招收（新成员）；招募（新兵） n. 新兵；新成员,
exclude,/ ɪkˈskluːd /,to prevent someone from access to a group,vt. （故意）不包括，把……排除在外；认为……不可能，排除……的可能,
string,/ strɪŋ /,thin rope,n. 线，细绳，带子；一连串（类似事件） v. 用线穿，串起；使排成一排，把……连在一起 adj. 由弦乐器组成的，弦乐器的；线织的，线的,a string of: 一系列，一串 | drill string: [机械]钻柱 | pipe string: n. 管柱，一段管线；管道支线
cloud,/ klaʊd /,"a mass of water vapor in the sky, as when it is going to rain",n. 云，云朵；云状物，一团 v. 把……搞糊涂，使难以理解；破坏，给……蒙上阴影 其他 【名】 （Cloud）克劳德（人名）,in the clouds: 心不在焉；在云层中 | cloud computing: 云计算 | under a cloud: 失宠；不高兴；受嫌疑
persuade,/ pərˈsweɪd /,"to get you to do/believe something, by giving reasons",v. 说服，劝服；使相信，使信服,
inspire,/ ɪnˈspaɪər /,to make someone have the desire to do something,v. 激励，鼓舞；赋予灵感，激发（想法）,
grand,/ ɡrænd /,including many things; very large,adj. 壮丽的，堂皇的；宏伟的，宏大的 n. <非正式>一千美元，一千英镑；大钢琴，三角钢琴 其他 【名】 （Grand）（英、瑞典）格兰德，（法）格朗（人名）,grand prix: n. 国际汽车大奖赛；头等奖，最高奖 | grand canyon: n. （美）大峡谷 | grand canal: 大运河
hence,/ hens /,"from now, later than the present time",adv. 因此；之后,from hence: [古语]从这里 | hence with: 拿开；带走
crew,/ kruː /,"an organized group of workers (e.g., on a ship)",n. 全体船员，全体机组人员；一组工作人员 v. 当船员，当空乘人员 其他 【名】 （Crew）（英、西）克鲁（人名）,crew member: 乘务员 | a crew of: 一组工作人员 | film crew: 影片摄制组
phenomenon,/ fəˈnɑːmɪnən /,a fact that can be observed and studied,n. 现象；杰出的人，非凡的人（或事物）,social phenomenon: 社会现象；群集现象 | natural phenomenon: 自然现象 | normal phenomenon: 正常现象
pupil,/ ˈpjuːp(ə)l /,1. a child or young person who is being taught; a student; 2. the black round part in the center of the eye that lets in light,n. 学生，（尤指）小学生；弟子，门生,exit pupil: 出射光瞳；后透光孔 | pupil dilation: 瞳孔扩张；瞳孔放大
FALSE,/ fɔːls /,not real or true,adj. 错误的，不真实的；伪造的 adv. 欺诈地,false alarm: 假警报；引起一场空喜欢的人 | false positive: 假阳性 | false alarm rate: 火灾误报率；误警率；虚率
assist,/ əˈsɪst /,to help,v. 帮助，协助；<古>参加，出席 n. （球赛中的）助攻；资助，帮助,assist in: 帮助
restore,/ rɪˈstɔːr /,"to put or bring back into existence or use, mend",v. 恢复（某种情况或感受）；使复原，使复位,backup and restore: 备份与还原
formula,/ ˈfɔːrmjələ /,"plan, rule, or method for doing or making something",n. 计划，方案；配方，处方,empirical formula: 经验式；实验式 | infant formula: 婴儿配方；婴儿配方食品 | formula one: 一级方程式赛车
alter,/ ˈɔːltər /,to make a change to something,v. 改变，改动；（使）变化 其他 【名】 （Alter）（美、德、俄、以色列）阿尔特（人名）,alter ego: n. 密友；个性的另一面；至交
perceive,/ pərˈsiːv /,to notice or become aware of something,vt. 认为，理解；察觉，注意到,perceive as: 视为；当作
routine,/ ruːˈtiːn /,happening or done regularly or frequently,n. 常规，惯例；生活乏味，无聊 adj. 常规的，例行的；平常的，毫不特别的 v. <罕> 按惯例安排,routine maintenance: 日常维修；例行维护 | routine work: 日常工作；常规作业 | daily routine: 日常生活；日常工作
sink,/ sɪŋk /,"to go down below the surface of water, mud, etc.",v. 下沉，沉没；使失败，受挫 adj. <英>贫困的，贫民窟的 n. 水槽，水池；洼地，渗坑 其他 【名】 （Sink）（美、英、罗）辛克（人名）,heat sink: 散热器；吸热部件；冷源 | sink in: 渗入；完全被理解 | sink into: 陷入
stare,/ ster /,to look at someone or something for a long time,v. 凝视，盯着看；瞪眼看，茫然地看 n. 凝视，注视 其他 【名】 （Stare）（瑞典）斯塔勒（人名）,stare at: 凝视，盯住 | stare into: v. 凝视 | stare decisis: 遵循先例；（拉）[律]根据过去判例
anymore,/ ˌeniˈmɔːr /,no longer; no more,adv. （不）再，再也（不）,
hero,/ ˈhɪroʊ /,person of great courage and strength who saves others,n. 英雄，勇士；男主角，男主人公,national hero: 民族英雄；国家英雄 | hero worship: 英雄崇拜 | tragic hero: 悲剧英雄；英雄好汉
supporter,/ səˈpɔːrtər /,someone who shows they are in favor of an idea/plan,n. 支持者；拥护者,
convert,/ kənˈvɜːrt /,"to change form, character, or function to another",v. （使）转变，（使）转换；（使）改变信仰，（使）皈依 n. 皈依宗教者，改变信仰者；刚迷上……的人，最近开始热衷于……的人 其他 【名】 （Convert）（法）孔韦尔（人名）,convert into: 使转变；把…转化成；折合
steady,/ ˈstedi /,"firmly fixed, supported, or balanced; not shaking, rocking, or likely to fall over",adj. 平稳的，稳步的，持续的；稳定的，恒定的 v. 使平稳，稳住；（使）稳定，（使）固定（一段时间） n. <非正式>关系确定的情侣；（支撑大篷车或其他车辆的）支架，撑竿 int. 当心，冷静点 adv. 稳定地，持续地，稳固地,steady state: 定态；恒稳态 | steady growth: 稳步增长，增长平稳 | steady flow: 稳定流
meter,/ ˈmiːtər /,unit of length equal to 100 cm or about 39 inches,n. 计量器，仪，表；停车收费器 v. 用仪表计量（测量），通过计量器计（价） 其他 【名】 （Meter）（英）米特，（塞）梅特（人名）,square meter: n. 平方米 | flow meter: 流量计 | meter reading: 计数读数；仪表读数，计数器读数
truck,/ trʌk /,a large road vehicle used to carry things,n. 卡车，载重汽车；<英>（铁路）运货车皮，敞篷货运火车 v. <美>用卡车装运；<美>驾驶卡车 其他 【名】 （Truck）（德）特鲁克（人名）,heavy truck: 重型卡车 | dump truck: 自动倾卸卡车 | truck driver: 卡车司机
nose,/ noʊz /,part of the face used for breathing and smelling,n. 鼻子；（飞机、火箭等的）头部，机首 v. （车辆、船只等）缓慢地前行；（动物用鼻子）拱，嗅,on the nose: 正好，恰恰 | runny nose: 流鼻涕 | by a nose: 几乎；以些微之差
beside,/ bɪˈsaɪd /,by the side of something; next to something,prep. 在……旁边，在……附近；与……相比 adv. 在附近；况且，此外,beside oneself: 极度兴奋；发狂
sail,/ seɪl /,to travel on water in a ship or boat,v. （人）航行；（船）航行 n. 帆；乘船航行,set sail: 启航；张帆 | sail for: 船开向…；乘船往… | in sail: ◎扬帆
disaster,/ dɪˈzæstər /,something that causes a lot of harm or damage,n. 灾难，灾害；祸患，灾难性事物,natural disaster: 自然灾难，自然灾害 | disaster relief: 赈灾；灾难援助 | disaster prevention: 防灾
pace,/ peɪs /,the speed at which someone or something moves or happens,n. 步速，（移动的）速度；（发生、进展、发展的）速度，节奏 v. （因担忧、紧张或不耐烦而）踱步，踱步于；（在赛跑中）为……定速度 prep. <正式> （用于人名前，委婉提出不同意见）请……原谅 其他 【名】 （Pace）（捷）帕采，（英）佩斯，（法）帕斯，（罗）帕切（人名）,keep pace: 并驾齐驱；齐步并进 | keep pace with: 并驾齐驱，保持同步 | change of pace: n. 改变习惯；更换口味
heavily,/ ˈhevɪli /,a lot or to a great degree,adv. 在很大程度上，大量地；慢慢地，沉重地,rain heavily: 下大雨
devote,/ dɪˈvoʊt /,to decide to use or give something for something else,v. 献身，致力；用于,
terrorist,/ ˈterərɪst /,a person who uses fear or violence for a political purpose,n. 恐怖主义者，恐怖分子 adj. 恐怖主义者的，恐怖分子的,
justify,/ ˈdʒʌstɪfaɪ /,to give reasons why you did something or why it is right,v. 是……的正当理由；对……作出解释，为……辩解,
vital,/ ˈvaɪt(ə)l /,necessary,adj. 至关重要的，必不可少的；生机勃勃的，充满活力的 n. 身体的重要内脏，维持生命的重要器官（vitals） 其他 【名】 （Vital）维塔尔（人名）,vital part: 要害部位 | vital energy: 生命力 | vital force: n. 生机；生命力
fascinate,/ ˈfæsɪneɪt /,attract or interest greatly,v. <旧>（尤指蛇）以眼神震慑（人，动物），使无法动弹；深深吸引，迷住,
external,/ ɪkˈstɜːrn(ə)l /,outside of something,adj. 外部的，外面的；对外的，与外国有关的 n. 外表，外部特征,external environment: 外环境 | external force: 外力 | external wall: 外墙；外堤
spare,/ sper /,kept as something extra that can be used if it is needed,adj. 备用的，外加的；不用的，闲置的 v. 抽出，拿出（时间、金钱等）；饶恕，赦免 n. 备用品；（车辆或机器的）零件，备件 其他 【名】 (Spare)（美、英、瑞典、加、拉脱维亚、印、法）史琶尔（人名）,spare oneself: 偷懒 | spare time: n. 消遣时间 | spare part: 备件
whenever,/ wenˈevər /,at any or every time that,conj. 无论何时，无论什么情况；每当 adv. 究竟什么时候；不论何时，随便什么时候,or whenever: [口语] 或任何时候
depression,/ dɪˈpreʃ(ə)n /,a feeling of great sadness,n. 抑郁，沮丧；萧条（期），不景气,great depression: 大萧条（美国经济大萧条时期） | economic depression: [经]经济萧条 | postpartum depression: 产后忧郁症，产后抑郁
guilty,/ ˈɡɪlti /,having done something bad or illegal,adj. 内疚的，羞愧的；有罪的，有过失的,guilty of: 有……之过错；对……感到内疚 | plead guilty: 服罪；[经]被告服罪 | feel guilty: 感到内疚
underlie,/ ˌʌndərˈlaɪ /,to lie or exist beneath,vt. 构成……的基础，为……的起因；位于……的下面,
mom,/ mɑːm /,mother,n. 妈妈 n. （Mom）人名；（柬）蒙,soccer mom: n. 足球妈妈；非常重视小孩休闲活动，亲自开车接送小孩参加运动，活动的母亲
distinction,/ dɪˈstɪŋkʃn /,the special quality that makes something different,n. 差别，区分；杰出，卓越,without distinction: 无差别 | with distinction: 以优异成绩，以杰出的表现 | class distinction: 阶级界限
satisfaction,/ ˌsætɪsˈfækʃ(ə)n /,happy feeling because of something that you did,n. 满意，称心；（对需求或欲望的）满足,customer satisfaction: 客户满意度 | with satisfaction: 满意地 | job satisfaction: 工作满意
incorporate,/ ɪnˈkɔːrpəreɪt /,to include or involve as part of something else,v. 包含，合并；组成公司 adj. 合成一体的，合并的；具体化的,incorporate with: 合并；混合
pour,/ pɔːr /,to make a liquid flow from one container into another,v. 倾倒，倒出；（给……）斟，倒（饮料等） n. 灌，注；倾泻 其他 【名】 （Pour）（美、捷）保尔（人名）,pour out: v. 倾吐；诉说 | pour into: 川流不息地涌入 | pouring rain: 瓢泼大雨；倾盆大雨
sweep,/ swiːp /,to remove dust or dirt from a surface with a broom or brush,v. 打扫，清除；（迅猛地）带走，卷走 n. 打扫，清扫；挥动,sweep the floor: 扫地；清洁地面；清扫地板，拖地板 | sweep away: 清除；一扫而空 | sweep efficiency: 波及系数
obligation,/ ˌɑːblɪˈɡeɪʃn /,something that you do because it is your duty or because you feel you have to,n. （法律上或道义上的）义务，责任；恩惠，人情债,no obligation: 无义务 | moral obligation: 道义上的责任 | legal obligation: n. 法律义务
sir,/ sɜːr /,form of address to a man you respect,n. 先生，长官（尤指对上级的尊称）；老师（学生对男教师的称呼） 其他 【名】 （苏丹、德）西尔（人名）,dear sir or madam: 尊敬的先生或女士（信笺的开头语）
evaluate,/ ɪˈvæljueɪt /,to form an idea to judge something carefully,v. 评价，评估，估值；求（方程式，公式，函数）的数值,
anger,/ ˈæŋɡər /,"to make someone mad, upset, or annoyed",n. 愤怒，怒火 v. 使生气，激怒 其他 【名】 （Anger）（法）安热，（德、捷、瑞典）安格尔，（罗）安杰尔（人名）,in anger: 生气地，愤怒地 | show anger: 显示愤怒
pub,/ pʌb /,a place that sells alcohol and food,n. 酒吧，酒馆；酒店，旅馆 abbr. 公众的；公开的（public 的缩写） v. <非正式>时常出入于酒吧，泡酒吧 其他 【名】  （Pub）（匈）普布（人名）,
perception,/ pərˈsepʃ(ə)n /,the way in which one sees or understands something,n. 看法，认识；感觉，感知,visual perception: 视觉感知；视知觉 | aesthetic perception: 美感，审美观念；审美知觉 | depth perception: [心]深度知觉
naturally,/ ˈnætʃ(ə)rəli /,as someone would expect; not surprising,adv. 自然地，天然地；当然地，必然地,
currency,/ ˈkɜːrənsi /,a money system that a country uses,n. 通货，货币；通用，流行,foreign currency: n. 外币 | reserve currency: 储备货币 | currency exchange: 货币兑换；外汇兑换
database,/ ˈdeɪtəbeɪs /,information stored in a computer in an organized way,n. （计算机）数据库，资料库,database system: 数据库系统；资料库系统 | database management: 数据库管理，资料库管理 | relational database: 关系数据库
initially,/ ɪˈnɪʃəli /,at the beginning,adv. 开始，最初,
territory,/ ˈterətɔːri /,area of land or ocean owned or controlled by a government or person,n. 领土，版图，领地；（美国、加拿大等的）准州,northern territory: 北领地，北部领地；北部地方 | territory development department: 拓展署 | sales territory: 销售地区
stream,/ striːm /,small river,n. 小河，小溪；一连串，源源不断（的事情） v. （人，东西）流动，涌动；不断地流出（液体），不断地排出（气体）,main stream: 干流；主干流 | data stream: 数据流 | a stream of: 一连串
rarely,/ ˈrerli /,in an infrequent manner,adv. 罕有，很少；异乎寻常地，极度,rarely if ever: 几乎从不 | rarely or never: 几乎从来不；非常难得
height,/ haɪt /,distance of something from the bottom to the top,n. 身高；高,in height: 高度，在高度上 | at the height of: 在…顶点；在…的顶峰或鼎盛时期 | wave height: 波形高度
apparent,/ əˈpærənt /,easy to see or clearly understand,adj. 显而易见的，易懂的；貌似的，表面上的,apparent viscosity: 表观粘度 | apparent density: 表观密度；松装密度 | apparent activation energy: 表观活化能
western,/ ˈwestərn /,"coming from, found in, or facing towards the west",adj. 西方的，西部的；（Western）西方国家的（指与北美、西欧、北欧、南欧各国相关的） n. （关于19世纪美国西部生活，尤指牛仔生活的）西部电影、西部小说；西方人 其他 【名】 （Western）（英）韦斯顿（人名）,western countries: 西方国家（western 西方；country 的复数形式）；西域 | western medicine: 西医；西药 | western culture: 西方文化
expansion,/ ɪkˈspænʃ(ə)n /,act of expanding or becoming bigger,n. 扩大，扩张；扩充，展开,thermal expansion: 热膨胀 | business expansion: 业务扩张，营业扩充；经济高涨 | expansion coefficient: 膨胀系数，膨胀率；展开系数
constantly,/ ˈkɑːnstəntli /,happening a lot or all the time,adv. 总是，经常地，不断地,
muscle,/ ˈmʌs(ə)l /,a body tissue that can become longer or shorter and moves the body,n. 肌肉；体力，力气 v. 用力搬动；挤,smooth muscle: 平滑肌 | skeletal muscle: n. 骨骼肌；骨肌 | muscle strength: 肌肉强度
scare,/ sker /,to make someone feel frightened or worried,v. 使惊恐，吓唬；害怕，恐惧 n. 惊恐，惊吓；（社会上的）大恐慌,scare away: 把…吓跑 | scare buying: n. 抢购 | scare someone off: 将...吓跑
badly,/ ˈbædli /,not in a good way; not as wanted or liked,adv. 严重地；差，拙劣地,badly off: 穷困的，没钱的；境况不佳的 | hurt badly: 头痛的厉害，严重受伤
everyday,/ ˈevrideɪ /,used or seen daily; suitable for daily use; ordinary,adj. 日常的，每天的,everyday life: 日常生活 | happy everyday: 快乐每一天（祝福语） | everyday use: 日常使用
boundary,/ ˈbaʊndri /,where one area ends and another begins,n. 分界线，边界；界限，范围,boundary condition: 边界条件，界面条件 | boundary value: 边值；边界值 | boundary layer: 边界层
ratio,/ ˈreɪʃioʊ /,two numbers that show ​the relationship between two groups of people or things,n. 比率，比例,utilization ratio: 利用率；实用比 | noise ratio: 噪声比 | compression ratio: n. 压缩比
essay,/ ˈeseɪ /,short written work that displays someone's opinions or beliefs regarding a particular subject,n. （学生为某门课程所写的）短文，论说文； （用来刊登的）散文，随笔 v. 试图，作……尝试,essay test: n. 申论方式测验
scream,/ skriːm /,to make a sudden loud cry,v. （因伤痛、害怕、激动等）尖叫；（向某人或为某事）高声喊，大声叫 n. （因疼痛、惊恐、兴奋等发出的）尖叫声；（动物的）高声尖叫,scream for: 强烈要求；为…而尖叫 | scream out: 大叫；尖声喊叫
withdraw,/ wɪðˈdrɔː /,pull back; move away or backward from something,v. 提，取（银行账户中的钱款）；停止提供，不再给予,withdraw from: v. 退出；离开 | withdraw money: 取钱 | withdraw cash: 取现；取钱
pollution,/ pəˈluːʃ(ə)n /,dirty or dangerous waste released into an environment,n. 污染；污染物,environmental pollution: n. 环境污染 | air pollution: 大气污染，空气污染 | water pollution: 水污染
disorder,/ dɪsˈɔːrdər /,a lack of organization,n. 混乱，杂乱；骚乱，动乱 v. 打乱，使紊乱,in disorder: 混乱；慌乱地， 狼狈不堪；杂乱地 | mental disorder: 精神病；心理失常 | bipolar disorder: 躁郁症；两极型异常
furniture,/ ˈfɜːrnɪtʃər /,"items such as tables, chairs, beds, or closets",n. 家具；装置,office furniture: 办公器具；办公室设备 | furniture design: 家具设计 | wood furniture: 木制家具
symbol,/ ˈsɪmb(ə)l /,action or object that represents a particular idea or quality,n. 象征，标志；符号,status symbol: 社会地位象征 | olympic symbol: 奥林匹克标志，奥林匹克五环旗 | symbol table: 符号表
apartment,/ əˈpɑːrtmənt /,set of rooms to live in on one floor of a building,n. 公寓套房；（总统等要人的）房间，套间,apartment building: （美）公寓大楼 | apartment house: （美）隔成公寓的建筑物 | apartment complex: 公寓大楼
demonstration,/ ˌdemənˈstreɪʃ(ə)n /,explanation of how something works,n. 演示，展示；游行，示威,demonstration project: 示范项目，示范工程 | demonstration effect: 示范效果 | demonstration teaching: 示范教学
analyst,/ ˈænəlɪst /,someone who is skilled at studying the details of data,n. 分析者，化验员；心理分析师,market analyst: 市场分析员 | news analyst: 评论员 | financial analyst: 财务分析师
platform,/ ˈplætfɔːrm /,a raised area for people to stand on,n. 平台；讲台，舞台,service platform: 工作台；操作平台 | offshore platform: 海上平台；近海平台 | open platform: 开放平台
steel,/ stiːl /,very strong metal made of iron and other substances mixed together,n. 钢，钢铁；钢铁工业 v. 使坚强地做（或面对）；钢化 adj. 钢制的；钢铁业的 其他 【名】 （Steel）（德）施特尔，（英）斯蒂尔 （人名）,stainless steel: 不锈钢 | iron and steel: 钢铁 | steel industry: 钢铁工业；钢铁业；炼钢工业
cake,/ keɪk /,"a sweet baked food made from flour, eggs, fat, and sugar",n. 饼状食物，饼；块，小块 v. （用会变干的东西厚厚地）覆盖；（干后）结成硬块 其他 【名】 （Cake）（英）凯克，（塞）察凯（人名）,birthday cake: 生日蛋糕 | piece of cake: 轻而易举的事情；轻松愉快的事 | moon cake: n. 月饼
transform,/ trænsˈfɔːrm /,to change the shape of something completely,v. 使改观，使变形，使转化；变换（电流）的电压 n. （数，语言学）变换式，转换句；（数，语言学）转换规则,fourier transform: 傅里叶变换 | fast fourier transform: 快速傅里叶变换 | transform into: 转变成
wound,/ wuːnd /,an injury to the body that is caused when something breaks the skin,n. （刀、枪或其他武器所致的）创伤，伤口；（感情或名誉的）损害，痛苦 v. （武器或其他利器）伤害，使受伤；（在感情上）使受创伤 v. 蜿蜒；使喘不过气,wound healing: 创伤修复，愈合；伤口愈合 | wound up: 紧张的；兴奋的 | wound dressing: 绷带，伤口敷料；创伤敷料
restriction,/ rɪˈstrɪkʃ(ə)n /,a rule or law that limits what people can do,n. 限制规定，限制法规；（受）限制（状态），（受）约束（状态）,restriction enzyme: 限制性内切酶；限制酶 | restriction fragment: 限制酶断片 | restriction endonuclease: 限制酶，限制性内切核酸酶
foundation,/ faʊnˈdeɪʃ(ə)n /,underground base on which a building is constructed,n. 地基，基础；基本原理，根据,on the foundation: [英国英语]领取基金会提供奖学金(或津贴)的；属于由基金维持的机构的 | theoretical foundation: 理论基础 | solid foundation: 基础雄厚；实体基础
designer,/ dɪˈzaɪnər /,someone who creates plans to make something,n. 设计师，设计者；谋划者 adj. 由著名设计师设计的，标有设计师姓名的；时尚的，时髦的,fashion designer: 时装设计师 | graphic designer: 美术设计员 | interior designer: 室内设计师
strain,/ streɪn /,too much pressure on a person or system that can cause problems,n. 焦虑，紧张；负担，紧张 v. 拉伤，扭伤；绷紧，用力拉 其他 【名】 （Strain）（英）斯特兰（人名）,strain rate: 应变速率；应变率；变形速度 | strain energy: 应变能 | strain at something: ◎使劲拉某物；使劲做某事；努力争取
innovation,/ ˌɪnəˈveɪʃ(ə)n /,new invention or idea that is created,n. 新事物，新方法；革新，创新,technological innovation: 技术革新；工艺革新 | innovation ability: 创新能力 | continuous innovation: 连续创新
album,/ ˈælbəm /,book with a collection of photographs or pictures,n. 唱片，专辑；相册，影集，集邮册,photo album: 相册；相簿 | debut album: 首张专辑；处女专辑 | stamp album: n. 集邮册
singer,/ ˈsɪŋər /,"a person who sings, often as a profession",n. 歌手，歌唱家 n. （Singer）（美）桑热（人名）,pop singer: 流行歌手 | folk singer: n. 民歌手；民歌演唱者
trail,/ treɪl /,"a path through the countryside, often where people walk",n. 痕迹，踪迹；（人或动物的）足迹，嗅迹 v. 拖，拉；没精打采地走，拖沓地走 其他 【名】 （Trail）（美）特雷尔（人名）,
trap,/ træp /,a device used for catching animals,n. （捕捉动物的）陷阱，网，夹子；圈套，诡计 v. 设陷阱（或夹子、捕捉器）捕捉；使陷入圈套，使中计 n. <美>暗色岩 其他 【名】 （Trap）（美、丹、法、荷）特拉普（人名）,on trap: 可得的；随时可用的 | steam trap: 疏水阀；疏水器；汽水分离器；凝汽阀 | ion trap: 离子阱
loose,/ luːs /,not tightly attached or held,adj. 未固定牢的，松动的；零散的，松脱的 v. 释放，发泄；松开，解开 adv. 宽松地 n. 在逃；（箭的）发射 其他 【名】 （Loose）（英）卢斯，（捷、瑞典）洛塞，（德）洛泽（人名）,let loose: 释放；使随心所欲；屈服；突然倒塌 | come loose: 松掉；变松 | on the loose: 散漫；放荡
extension,/ ɪkˈstenʃ(ə)n /,extra time allowed to complete something,n. 延伸，扩展；展期，延长期,brand extension: 品牌延伸 | by extension: 相关地；引申开来 | extension service: 推广服务
wealth,/ welθ /,large amount of money and possessions,n. 财富；富有,a wealth of: adj. 很多的 | wealth management: 财富管理 | wealth of society: 社会财富
gradually,/ ˈɡrædʒuəli /,occurring in a slow manner over a period of time,adv. 逐渐地，逐步地,
tank,/ tæŋk /,container for holding liquid or gas,n. （储存液体或气体的）箱，罐，缸；一箱，一罐（的量） v. 彻底失败，破产；故意输掉比赛 其他 【名】  （Tank）（德、土、阿塞、土库、挪）汤克（人名）,oil tank: 油箱，油槽 | water tank: 水箱；水槽 | storage tank: 储油罐；储蓄槽
evil,/ ˈiːv(ə)l /,morally bad; causing harm to someone,adj. 恶毒的，邪恶的；有害的，易造成伤害的 n. 有害（或不受欢迎）的事；邪恶，罪恶,evil spirit: 恶魔；妖精 | speak evil of: 说坏话；诽谤 | do evil: 作恶；为非作歹；干坏事；造孽
remarkable,/ rɪˈmɑːrkəb(ə)l /,"interesting and unexpected, worthy of notice",adj. 引人注目的，非凡的,remarkable development: 显著发展
tune,/ tuːn /,group of musical notes that make a nice sound,n. 曲调，曲子；歌曲，乐段 v. （给乐器）调音，校音；（给收音机、电视等）调谐，调频道 其他 【名】 （Tune）图恩（人名）,out of tune: 走调；不协调；（对某事）没有兴趣 | in tune: 一致；合调子 | tune in: 收听；调谐；使…协调
grass,/ ɡræs /,"plants with narrow green leaves, grown on lawns",n. 草；草地，草坪 v. 在……上种草；<英，非正式>（向警方）告发 其他 【名】 （Grass）（英、法、德、俄、瑞典）格拉斯（人名）,on the grass: 在草地上 | green grass: 绿色草，青草 | forage grass: 饲草
invitation,/ ˌɪnvɪˈteɪʃ(ə)n /,when someone asks you to do something or go somewhere,n. 邀请；引起，招致,invitation letter: 邀请函 | invitation card: 请帖；招待券 | by invitation: 凭请柬
transition,/ trænˈzɪʃ(ə)n /,a gradual change from one condition to another,n. 过渡，转变；（分子生物）转换 v. 转变，过渡,transition period: 过渡时期 | phase transition: 相变 | transition temperature: [电]转移温度
frighten,/ ˈfraɪt(ə)n /,to make someone afraid or nervous,v. 使惊吓，使惊恐,
bid,/ bɪd /,an offer to pay a particular amount of money for something,v. 出价；投标，竞标 n. 出价，喊价；投标 其他 【名】 （Bid）（美）比德（人名）,bid for: 投标；出价；许诺获支持 | in a bid to: 为了… | bid on: 投标；出价；承包…的投标
breed,/ briːd /,to produce baby animals of specific kinds,v. 交配繁殖；饲养，培育 n. 品种；（人的）类型，种类 其他 【名】 （Breed）（美）布里德（人名）,rare breed: 凤毛麟角；稀有品种 | breed out: 在人工繁殖中消除 | pure breed: 纯种
extraordinary,/ ɪkˈstrɔːrdəneri /,beyond what is ordinary; very unusual; remarkable,adj. 异乎寻常的，令人惊奇的；非凡的，卓越的 n. （公司正常业务活动之外的）非常账目，特支款项,extraordinary general meeting: 特别会员大会；非常股东大会
brilliant,/ ˈbrɪliənt /,having a great amount of intelligence or talent,adj. 巧妙的，使人印象深的；成功的，辉煌的,brilliant blue: 鲜蓝；酞青；孔雀兰 | brilliant sunshine: 灿烂的阳光 | brilliant green: 亮绿
adviser,/ ədˈvaɪzər /,an expert who suggests what someone should do,n. 顾问，指导者,legal adviser: 法律顾问 | financial adviser: 财务咨询师；财政顾问 | technical adviser: 技术顾问
stem,/ stem /,"the long, thin part of a plant that supports leaves and flowers","n. （植物、灌木的）茎，干；（高脚酒杯的）柄脚 v. 阻止，遏制；止住（液体的流动） abbr. （STEM）理工科的统称（science, technology, engineering, and mathematics）",stem cell: 干细胞，骨髓干细胞 | stem from: 起源于 | brain stem: 脑干
reverse,/ rɪˈvɜːrs /,to go in the opposite direction,v. 逆转，彻底改变（决定、政策、趋势等）；撤销，推翻（法庭判决） n. 相对，相反（the reverse）；逆向，逆转 adj. 相反的，反向的；背面的，反面的,in reverse: adv. 相反，向相反方向，倒（退），逆（行、转等） | reverse engineering: 逆向工程 | reverse osmosis: 反渗透，逆向渗透
mode,/ moʊd /,way of acting or doing something,n. 方式，做法；（机器、设备的）运行方式，状态 其他 【名】 （Mode）（英、德、法、乍、瑞典）莫德（人名）,operation mode: 操作方式 | control mode: 控制方式；调节状态 | mode of operation: 操作方式；运行方式
mirror,/ ˈmɪrər /,a thing with a glass surface used to look at yourself,n. 镜子；写照，真实反映 vt. 反射，映照；反映,mirror image: [物]镜像 | mirror surface: 镜面；镜像曲面 | rearview mirror: （车辆）后视镜
awful,/ ˈɔːf(ə)l /,very bad; horrible; terrible,adj. 让人讨厌的，糟糕的；骇人听闻的，可怕的 adv. 非常，极其,an awful lot: ◎经常 | an awful lot of: 许多，大量的 | awful weather: 气候恶劣；非常糟糕的天气
pose,/ poʊz /,to put someone in a position to be photographed,v. 造成，引起（威胁、危险、问题等）；提出（问题） n. （为拍照、画像等摆的）姿势；故作姿态，装腔作势,pose a threat: 构成威胁；形成一种威胁
adjust,/ əˈdʒʌst /,to change so as to fit in with new conditions,v. 调整，调节；整理（衣服）,adjust and control: 调控 | adjust price: 调整价格
creative,/ kriˈeɪtɪv /,having the ability to make something new,adj. 创造（性）的，创作的；有创造力的，有想象力的 n. 创作者；创意，创作素材,creative thinking: 创造性思维 | creative design: 创意设计，创新设计；美工设计 | creative work: 创作；创造性工作
nowadays,/ ˈnaʊədeɪz /,at the present time; now,adv. 如今，现在,
poem,/ ˈpoʊəm /,"a written composition in verse, not prose",n. 诗，韵文,love poem: 爱情诗 | narrative poem: 叙事诗；叙述诗 | prose poem: n. 散文诗
agricultural,/ ˌæɡrɪˈkʌltʃərəl /,concerning farming,adj. 农业的，与农业有关的；务农的，农用的,agricultural production: 农业生产 | agricultural products: 农产品 | agricultural science: 农业科学；农学
competitor,/ kəmˈpetɪtər /,"someone taking part in a race, business, etc.",n. 竞争者，对手；选手，参赛者,competitor analysis: 竞争者分析
alcohol,/ ˈælkəhɔːl /,"drinks such as wine, whiskey, beer",n. 含酒精饮品，酒；酒精，乙醇,polyvinyl alcohol: 聚乙烯醇 | ethyl alcohol: 乙醇；酒精；威士忌 | alcohol content: 酒精含量
festival,/ ˈfestɪvl; ˈfestəvəl /,cultural event with a program of events,n. 活动节期，纪念活动；节日，节庆 adj. 节日的，喜庆的,spring festival: 春节（中国农历正月初一） | mid-autumn festival: 中秋节 | film festival: 电影节
vegetable,/ ˈvedʒtəb(ə)l /,a plant that is raised and eaten as food,n. 蔬菜；植物人 adj. 植物的,vegetable oil: 植物油 | vegetable protein: n. 植物（性）蛋白 | vegetable juice: 蔬菜汁
van,/ væn /,truck with an enclosed cargo space,n. （厢式）小型货车；<美>面包车 v. 用车搬运 其他 【名】 （Van）（老、泰、柬、缅）万（人名）,van gogh: n. 梵高（荷兰画家） | van der waals: 范德瓦尔斯（荷兰物理学家， 曾获1910年诺贝尔物理学奖） | vincent van gogh: 文森特·梵高（荷兰画家）
confident,/ ˈkɑːnfɪdənt /,feeling that you can do well at something,adj. （性格，态度）自信的，充满信心的；坚信的，肯定的 n. <古>密友，知己,confident in: 自信的；确信的 | confident of: 确信，相信
planet,/ ˈplænɪt /,one of the bodies that orbit the sun,n. 行星；地球（the planet） 其他 【名】 （Planet）普拉内特（人名）,planet earth: 行星地球（电视节目） | red planet: [口]火星 | planet gear: 行星齿轮
curve,/ kɜːrv /,a smooth rounded line that is not straight,n. 曲线，弧线；转弯，弯道 v. （使）弯曲，（使）呈曲线形 adj. 弯曲的，曲线形的,curve fitting: 曲线拟合 | characteristic curve: 特性曲线；特征曲线 | elliptic curve: 椭圆曲线；橢圓曲線
knee,/ niː /,the middle part of your leg that bends,n. 膝盖，膝关节；（裤子的）膝部 v. 用膝盖顶（撞） 其他 【名】 （Knee）（英）尼（人名）,knee joint: 膝关节；弯头结合 | on one's knee: ◎(恳求、祈祷、屈服时)跪着 | knee pad: n. 护膝
overcome,/ ˌoʊvərˈkʌm /,to succeed in a struggle,v. 克服，解决；征服，战胜,overcome difficulties: 克服困难；战胜困难
web,/ web /,a net made by spiders; many things connected together,n. （蜘蛛）网；网状物，错综复杂的事物 v. 用网（或网状物）覆盖；使中圈套,web site: 网页；网址 | web page: 网页 | world wide web: [计算机]万维网
depth,/ depθ /,distance below a surface,n. 深度，纵深；深刻，深奥,in depth: 深入地；全面地 | in the depth of: 在……里面 | buried depth: 埋深；埋藏深度
entrance,/ ˈentrəns /,a way into a place,n. 入口，进口；进入，进门 v. 使入迷，使狂喜,entrance examination: 入学考试 | college entrance examination: 高考；大学入学考试 | main entrance: 大门，正门入口；主要入口
log,/ lɔːɡ /,a piece of a tree that has been cut,n. 原木，圆材；正式记录，航海日志 v. 正式记录；行驶，行进（若干距离或时间）,log in: 注册；请求联机 | log on: [计]登录；注册 | well log: 测井曲线；钻井日志
giant,/ ˈdʒaɪənt /,"extremely big, or much bigger than other things",n. （传说中的）巨人；高大健壮的人 adj. 巨大的，伟大的,giant panda: [动]大熊猫；大猫熊 | giant cell: 巨细胞；巨胞 | giant star: 巨星
god,/ ɡɑːd /,a being with special powers that cannot be explained by nature,n. 神；上帝，天主， 真主（God） v. 膜拜，崇拜 int. （用以表示吃惊、愤怒或悲痛等）天哪（God） 其他 【名】 （God）（索、阿拉伯）古德（人名）,god bless: 上帝保佑 | thank god: 谢天谢地，幸亏 | word of god: 上帝之道（圣经工具）
portion,/ ˈpɔːrʃ(ə)n /,part of a whole,n. （某物的）一部分；（尤指餐馆中食物的）一份，一客 v. 分配；<古> 给（新娘）嫁妆,central portion: 中心部位 | main portion: 主要部分 | portion something out: 把(食品、土地、财产等)分成几份；把某物分成若干份；按比例分配
substance,/ ˈsʌbstəns /,a particular type of material,n. 物质，材料；主旨，主要内容,in substance: 实质上；基本上；事实上 | organic substance: 有机物；有机物质 | active substance: 活性物质；放射性物质；有效物质
extensive,/ ɪkˈstensɪv /,large; full or complete,adj. 广阔的；广泛的,extensive use: 广泛应用；有系统应用 | extensive reading: 泛读；泛读材料 | extensive management: 粗放经营；粗放式管理
interpret,/ ɪnˈtɜːrprət /,to repeat what was said in another language,v. 解释，说明；口译,right to interpret: 解释权
independence,/ ˌɪndɪˈpendəns /,having the freedom to make your own decisions ,n. 独立，自主；（国家的）独立,independence from: 独立自主 | declaration of independence: 独立宣言 | independence day: 美国独立纪念日（7月4日）
sugar,/ ˈʃʊɡər /,white sweet substance used to make foods sweeter,n. 食糖；一匙糖，一块方糖 v. 给……加糖；美化（讨厌的事物） int. （代替 shit，用于表示懊恼）糟糕，哎呀 其他 【名】 （Sugar）（英）休格（人名）,blood sugar: [生化]血糖 | sugar content: 糖含量 | sugar cane: 甘蔗
inner,/ ˈɪnər /,concerning the inside part of something,adj. 内部的，靠近中心的；内心的，未表达出来的 n. 内部，内里；靶子内圈,inner mongolia: n. 中国内蒙古 | inner surface: 内表面 | inner wall: 内壁；内衬墙
harm,/ hɑːrm /,"to hurt, damage, or cause problems",n. 伤害，损害 v. 危害，损害（某事物）；伤害（人或动物） 其他 【名】 （Harm）（德）哈尔姆（人名）,do harm to someone: 加害某人;让某人不满意[亦作do someone harm] | no harm: 无害 | do harm: 有害处，不利
consult,/ kənˈsʌlt /,to discuss something to make a decision,v. 咨询，请教；商量，商讨,consult with: 商量，协商
pink,/ pɪŋk /,pale red color,adj. 粉红色的；（因窘迫、愤怒或剧烈活动而）脸色发红的 n. 粉红色；粉红色衣服或衣料 v. <英>（车辆引擎）发响爆声，爆震；变成粉红色 其他 【名】 （Pink）（美、英、加、德、菲）平克（人名）,in the pink: 非常健康；气色红润；精力充沛 | pale pink: 浅桃红，苍桃红色 | light pink: 淡粉红色
shadow,/ ˈʃædoʊ /,a dark shape that appears when something stops the light,n. 阴影，影子；暗处，阴影处（=shadows） v. 被……阴影笼罩，投阴影于；暗地跟踪 adj. 影子内阁的,in the shadow of: 在…附近 | in the shadow: 在阴暗处 | eye shadow: 眼影，眼睑膏
strip,/ strɪp /,to take something away from (someone),v. 除去，撕掉（外皮或表层）；夺去，剥夺（地位，权力，财产） n. （纸、金属、织物等）条，带；带状地带 其他 【名】 （Strip）（俄、美）史地鄱（人名）,strip of: 剥夺 | strip mill: 带钢轧机；带材轧机；钢带轧机；板条辊轧机 | steel strip: 钢带
smooth,/ smuːð /,something that feels pleasant and flat when you touch it; not rough,adj. （表面）光滑的，平坦的，平整的；顺利的，无困难的 v. 抚平，弄平滑；轻轻地涂擦（液体、面霜等） n. 平滑部分 adv. 光滑地，平稳地，流畅地,smooth muscle: 平滑肌 | smooth surface: 光滑表面；光滑面；平滑面 | smooth operation: 正常运转；平稳运转，稳定运转
intervention,/ ˌɪntərˈvenʃ(ə)n /,involvement in a situation to prevent future problems,n. 干预，介入；调停，斡旋,government intervention: 政府干预；政府干涉 | surgical intervention: 手术治疗；外科手术 | crisis intervention: [心]危机干预；危机处理；危机介入
impress,/ ɪmˈpres /,to make someone admire or respect another person or thing,v. 使钦佩，使留下深刻印象；使意识到（重要性或严重性等） n. 压印，印记,impress on: 给…留下印象 | impress upon: 使牢记；给…留下印象；留下印记
exam,/ ɪɡˈzæm /,test of your knowledge or ability in something,n. 考试；试卷,final exam: 期末考，期末考试 | exam paper: （英）试卷；试题册；（美）答题纸 | mid-term exam: 期中考试
vice,/ vaɪs /,type of evildoing,n. 堕落，邪恶；小毛病，坏习惯 v. 握住，钳紧 adj. 副的；代替的，代理的 prep. 代替 其他 【名】 （Vice）（塞）维采（人名）,vice president: 副总统；副主席 | vice versa: 反之亦然 | vice director: 副处长；副主任；副院长；副会长
radical,/ ˈrædɪk(ə)l /,very new and different from what is traditional,adj. 根本的，彻底的；激进的，极端的 n. 激进分子； 游离基，自由基,free radical: [化]自由基；游离基 | radical polymerization: 游离基聚合；游离基引发聚合反应 | radical mastectomy: n. 根治性乳房切除术
similarly,/ ˈsɪmələrli /,in a way that is almost the same as something or someone else,adv. 相似地；同样，也,
behave,/ bɪˈheɪv /,to act in a particular way; to act correctly,v. 行为，表现；起反应，起作用,behave oneself: 使举止规矩 | behave well: 表现好；举止得体；行为检点；表现良好 | behave yourself: 请检点一点，行为规矩些
loud,/ laʊd /,making a lot of noise,adj. 大声的，响亮的；（人或举止）吵闹的，聒噪的 adv. 大声地，响亮地 其他 【名】 （Loud）（英）劳德（人名）,out loud: 响亮地；大声地 | loud and clear: 一清二楚 | laugh out loud: 大声笑
dimension,/ daɪˈmenʃn; dɪˈmenʃn /,"measurement of length, width, or height",n. 大小，尺寸；（空间的）维度 v. 切削（或制作）成特定尺寸；标出尺寸,fractal dimension: 分形维数；碎形維度 | one dimension: 一维，单面向 | two dimension: 二维
subsequent,/ ˈsʌbsɪkwənt /,happening after,adj. 随后的，接着的；（河，谷）后成的,subsequent events: 财务报表编制后发生的事项 | subsequent handling: 后续工序
infection,/ ɪnˈfekʃ(ə)n /,act or state of becoming infected with a disease,n. 传染病；感染,infection rate: 感染率 | virus infection: 病毒感染 | nosocomial infection: 院内感染，医院感染
jacket,/ ˈdʒækɪt /,"a light, thin coat",n. 夹克衫，短上衣；书皮，护封 v. 给……装护套；给……穿短上衣,leather jacket: 皮夹克 | water jacket: 水套 | down jacket: 羽绒服；鸭绒衣；羽绒夹克
efficiency,/ ɪˈfɪʃ(ə)nsi /,working well; producing something without waste,n. 效率，效能；（机器的）功率,high efficiency: 高效率 | production efficiency: 生产效率 | work efficiency: 工作效率；劳动效率；加工效率
dirty,/ ˈdɜːrti /,not clean,adj. 肮脏的；下流的 v. 弄脏，使变脏；变脏 adv. 很，非常；卑鄙地，不诚实地,dirty water: 脏水 | dirty laundry: 脏衣服 | dirty air: 污浊空气
statistic,/ stəˈtɪstɪk /,a number that represents a piece of information,n. 统计数字，统计资料；统计学（statistics） adj. 统计的，统计学的（同 statistical）,statistic analysis: 统计分析 | statistic data: 统计数据；统计资料 | statistic bureau: 统计局
regularly,/ ˈreɡjələrli /,"at the usual time each day, week, or month",adv. 定期地，有规律地；频繁地，经常地,
resort,/ rɪˈzɔːrt /,a place where people go on holiday,n. 旅游胜地，度假胜地；求助的方法，采用的手段 v. 诉诸，求助于；<正式>常去，（成群结队地）去,last resort: 最后手段 | tourist resort: 观光胜地 | summer resort: 避暑地；避暑圣地
iron,/ ˈaɪərn /,the hard metal used to make steel (symbol Fe),n. 铁；熨斗 v. 熨，烫 adj. 铁的，铁制的；刚强的，坚强的 其他 【名】 （Iron）（英）艾恩（人名）,iron and steel: 钢铁 | cast iron: 铸铁，生铁，锻铁 | iron ore: 铁矿石；铁矿砂
broadcast,/ ˈbrɔːdkæst /,to send out signals by radio or television,v. 散布，传播（信息等）；播撒（种子等） n. 电视节目，广播节目；广播，播出 adj. 广播（或电视）节目的 adv. 四散地，撒播地,live broadcast: 直接广播 | news broadcast: 新闻广播，新闻报道 | television broadcast: 电视广播
membership,/ ˈmembərʃɪp /,all the people who belong to a club or group,n. 会员身份，会籍；会员数,membership function: 从属函数；属籍函数 | membership fee: 会员费；入会费 | degree of membership: 隶属程度
bread,/ bred /,"baked food made from flour, used in sandwiches, etc.",n. 面包；（通过工作等挣得的）钱财 v. 在……上撒面包屑,steamed bread: n. 馒头 | bread and butter: 涂黄油的面包；基本生活资料；生计 | daily bread: n. 日常食品；生计
blind,/ blaɪnd /,unable to see; with eyes that cannot see,adj. 失明的，盲的；未察觉的，视而不见的 v. 使变瞎，使失明；使眼花，使目眩 n. 窗帘，（尤指）卷帘；<美>（狩猎时的）埋伏处，伏击处 adv. 看不清地；失去理智地 其他 【名】 （Blind）（法）布兰，（德、瑞典）布林德（人名）,blind date: n. 从未见面的男女经第三者安排所作的约会 | blind eye: 视而不见；[科]不育芽眼 | blind spot: （视网膜上的）盲点；（驾驶车辆等视力以外的）盲区；偏见；无知
pure,/ pjʊr /,not mixed with anything else,adj. 纯的，不掺杂质的；血统纯的，纯种的 其他 【名】  （Pure）（俄）普雷（人名）,pure water: 纯水，净水；纯净水 | pure white: 纯白；纯白色；纯洁白 | pure gold: 纯金，足赤
bloody,/ ˈblʌdi /,covered or spotted with blood on the surface,adj. 流血的，沾满血的；血腥的，残酷的 adv. 非常，很（用于强调）；该死地，讨厌地 v. 使受伤，使流血；血染，使沾上鲜血,bloody nose: 出血的鼻子 | bloody mary: 血玛丽（一种通常用伏特加、蕃茄汁和调味料制成的鸡尾酒）；血腥玛莉；血玛丽酒 | bloody murder: 血腥谋杀
ally,/ ˈælaɪ /,"someone who supports, helps, or defends you",n. 同盟国；盟友，支持者 v. 与……结盟，与……联合 其他 【名】 （Ally）（英）艾丽，（法）阿利，（巴基）阿利，（尼日利）阿利（人名）,ally with: 与…结盟
quantity,/ ˈkwɑːntəti /,amount or number of something,n. 量，数目；大量，大批,quantity of: 数量；流量 | large quantity: 大量；大数量 | quality and quantity: 质量和数量
bend,/ bend /,to make something not straight; make into a curve,v. 弯曲（身体关节）；（路）转弯 n. （道路或河流的）拐弯，弯道；（身体的）弯曲（动作） 其他 【名】 （Bend）（美、丹、德）本德（人名）,bend in: 把…往里弯 | bend over: 俯身；折转 | on the bend: ◎用不正当的手段
mature,/ məˈtʃʊr /,"being an adult, being fully developed physically",adj. 成熟的，理智的；成年的，发育完全的 v. （使）成熟，（使）长成；变理智，（举止）变成熟,mature market: 成熟的市场 | mature stage: 成熟期；产品生命成熟期 | mature market economy: 成熟的市场经济
briefly,/ ˈbriːfli /,happening in a short period of time; using few words,adv. 简短地，简要地；短暂地，暂时地,
alarm,/ əˈlɑːrm /,sound or light used for a warning or to wake someone,n. 警报；警报器 v. 使不安，使恐慌；给（门等）安装警报器,alarm system: 报警系统 | fire alarm: 火警；火警警报器 | alarm clock: 闹钟
disturb,/ dɪˈstɜːrb /,to stop someone from working or sleeping,v. 打扰，妨碍；使焦虑，使烦恼,do not disturb: 请勿打扰（美国连续剧）
sustain,/ səˈsteɪn /,"to maintain, lengthen or continue to do something",v. 维持，保持；维持……的生命 n. （乐）延音,sustain losses: 蒙受损失
flood,/ flʌd /,a large amount of water covering land that is usually dry,v. （使）淹没；泛滥 n. 洪水，水灾；大批，大量（的人或事物） 其他 【名】 （Flood）（美、英、加）弗勒德（人名）,in flood: 在泛滥 | flood control: 防洪；洪水控制 | flood in: 涌入，大量地涌到
poverty,/ ˈpɑːvərti /,being poor,n. 贫穷，贫困；<正式>贫乏，低劣,in poverty: 贫困；处于贫困当中 | poverty alleviation: 扶贫 | poverty line: 贫困线；贫穷线（指维持一般生活所需收入的最低标准）
crazy,/ ˈkreɪzi /,not being sensible or practical,adj. 愚蠢的，古怪的，不理智的；极度烦恼的，疯狂的 n. 疯子,crazy about: 热衷，着迷；狂热的 | a little crazy: 有点儿疯狂 | go crazy: 发疯；疯狂
cite,/ saɪt /,to mention the work of others in your writing,v. 引用，援引；引证，引以为例 n. <美>引用，引文,cite an example: 举例；引用一个例子
newly,/ ˈnuːli /,very recently; just done or made,adv. 最近；重新,
parallel,/ ˈpærəlel /,very similar and often occurring at the same time,adj. 平行的；相似的，同时发生的 n. （人或事物的）相似的手法，共同点；相似的人（或物） v. 与……相似；与……同时发生 adv. 与……平行,in parallel: 并行的；[电]并联的；平行的 | parallel processing: [计]并行处理；平行加工 | parallel with: 平行；与…比较
gender,/ ˈdʒendər /,state of being male or female,n. 性别；（语法中的）性,gender difference: 性别差异 | gender role: 性别角色 | gender discrimination: 性别歧视
sponsor,/ ˈspɑːnsər /,to help someone or something succeed by giving them money ,n. 赞助者，赞助商；（培训或教育的）资助者 v. 赞助（活动、节目等）； 为慈善活动捐资，为义赛捐款,
boot,/ buːt /,footwear covering your foot and part of your leg,n. 靴子；猛踢 v. 猛踢；锁住（非法停车的轮子） 其他 【名】 （Boot）（英、美、荷、加、德、意、俄）布特（人名）,boot loader: 引导装载程序 | boot camp: n. ［美口］海军训练新兵之营地 | boot sector: n. 引导扇区；启动磁区
accurate,/ ˈækjərət /,correct; not having mistakes or errors,adj. 准确的，精确的；（工具，方法）精密的,accurate measurement: 精确测量 | accurate positioning: 精确定位 | accurate model: 准确模型
dealer,/ ˈdiːlər /,someone who buys things to sell to others,n. 商人，交易商；<非正式>毒品贩子,drug dealer: 贩毒者；毒品走私犯 | authorized dealer: 授权经销商；认可交易商 | securities dealer: 证券交易商
button,/ ˈbʌt(ə)n /,small round piece of material used to fasten clothing,n. 纽扣，扣子；按钮 v. 用纽扣扣住 其他 【名】 （Button）（英）巴顿（人名）,on the button: 准确，确切 | mouse button: 鼠标按钮 | cancel button: 取消按钮
burden,/ ˈbɜːrd(ə)n /,"something that causes worry, difficulty, or hard work",n. 负担，责任；负重，负荷 v. 烦扰，使负重担 其他 【名】 （Burden）（英）伯登（人名）,heavy burden: 重负；重炉料 | burden of proof: 举证责任；提供证据之责任 | tax burden: 课税负担
desert,/ ˈdezərt /,area of land that has very little water and few plants,n. 沙漠，荒漠；荒凉的地方 v. 离弃，舍弃（某地）；抛弃，遗弃（某人） adj. 无人居住的，荒凉的；像沙漠的,desert island: n. 荒岛 | sahara desert: 撒哈拉大沙漠[北非] | gobi desert: 戈壁沙漠（蒙古和中国西北部）
mate,/ meɪt /,"someone who you work, live, or go to school with",n. <英，非正式>朋友，伙伴；同伴，同事 v. （使）交配；连接，配备 其他 【名】 （Mat）（日)蛏（姓），（西、意、塞）马特，（波黑）马特，（罗、俄）马泰（人名）,soul mate: 情人；性情相投的人；心心相印的伙伴 | running mate: （美）竞选伙伴 | mate with: 使紧密配合
occasionally,/ əˈkeɪʒ(ə)nəli /,not very often; sometimes; seldom,adv. 偶然，偶尔,
shareholder,/ ˈʃerhoʊldər /,someone who owns a part of a corporation,n. 股东，股票持有者,shareholder value: 股东价值；股东利益 | majority shareholder: 大股东；多数股东 | minority shareholder: 小股东；少数股东
bowl,/ boʊl /,a round container used for holding things like rice or soup,n. 碗，盆；一碗之量 v. 滚（球，箍或其他圆形物）；（板球等）投球,super bowl: 美国橄榄球超级杯大赛 | mixing bowl: 搅拌钵；混料罐；[美俚]公路交叉点 | rice bowl: n. 饭碗；水稻种植区
discovery,/ dɪˈskʌvəri /,learning something for the first time,n. 发现，被发现的事物；（法律）强制性透露,scientific discovery: 科学发现 | discovery channel: 探索频道 | great discovery: 伟大的发现；好棒的发现
resistance,/ rɪˈzɪstəns /,refusal to accept something new or different,n. 反对，抵制；抵抗，反抗,corrosion resistance: 耐蚀性；抗腐蚀性 | wear resistance: [机]耐磨性，耐磨度 | heat resistance: [物]耐热性
bath,/ bæθ /,the cleaning of a body by putting it completely into water,n. 浴缸，浴盆；洗澡，沐浴 v. 给……洗澡；洗澡，沐浴,take a bath: 洗个澡 | water bath: [医]水浴 | plating bath: 电镀槽
frequency,/ ˈfriːkwənsi /,how often something happens,n. 出现次数；频繁,high frequency: 高频 | low frequency: 低频率；低周波 | frequency domain: [化]频域；频率范围
criticize,/ ˈkrɪtɪsaɪz /,to say that someone or something is bad,v. 批评，指责；评论,
tap,/ tæp /,to hit something lightly,v. 轻拍，轻扣，轻敲；敲出节奏，打拍子 n. 水龙头，阀门，旋塞；轻拍（声），轻敲（声） 其他 【名】 （Tap）塔（人名）,tap water: 自来水；非蒸馏水 | tap into: 挖掘；接进 | on the tap: [英国俚语]在乞讨东西
philosophy,/ fəˈlɑːsəfi /,study of ideas about the fundamental nature of life,n. 哲学；哲学体系，思想体系,business philosophy: 经营理念，经营哲学 | management philosophy: 管理哲学；经营哲学 | design philosophy: 设计原则；设计原理
lip,/ lɪp /,top and bottom part of the outside of a person's mouth,n. 嘴唇；（伤口或洞口）边缘 v. （水）拍打；（高尔夫）击球至（洞穴）的边缘（而未落入） adj. 口头上的 其他 【名】 （Lip）（法）利普，（中）猎（广东话·威妥玛），(柬）利，（东南亚国家华语）立（人名）,cleft lip: n. 唇裂；兔唇 | upper lip: 上嘴唇 | on the lips of: adv. 在…中流传
attribute,/ əˈtrɪbjuːt; ˈætrɪbjuːt /,"a quality or characteristic that someone or something has (e.g., size or color)",v. 把……归因于；认为是……所作 n. 属性，特质；标志，象征,attribute data: 属性资料（数据） | attribute value: 属性值 | attribute name: 属性名称
apologize,/ əˈpɑːlədʒaɪz /,to say sorry because of a mistake or injury you made,v. 道歉，谢罪,apologize for: 道歉
approval,/ əˈpruːv(ə)l /,positive opinion of something or someone,n. 称许，赞成；批准，许可,approval of: 批准；同意 | examination and approval: 审查准许 | for approval: 提交批准
grab,/ ɡræb /,to quickly reach out and take something in your hand.,v. 攫取，抓住；（尤指匆忙地）取，吃，喝 n. 攫取，赚取；抓具，抓斗,up for grabs: 大家有份 | grab a bite: 吃点东西（非正式语）；随便吃几口；先吃点东西垫垫肚子 | grab at: 抓住，抓取；抓住不放
entitle,/ ɪnˈtaɪt(ə)l /,to give the right to do or have something to someone,v. 给予（某人）权利，给（某人）资格；给......命名，给......题名,
lend,/ lend /,to give to someone for a while before it is returned,v. 借给，借出；贷出，贷（款） 其他 【名】 （Lend）（德）伦德（人名）,lend itself to: 适用于，适宜于；有助于 | lend a helping hand: 伸出援助之手， 助一臂之力 | lend support to: 支持；支援
involvement,/ ɪnˈvɑːlvmənt /,act or process of joining in a particular activity,n. 参与，介入；投入，沉迷,involvement in: 介入；参与 | job involvement: 工作投入；职务参与；工作认同 | employee involvement: 员工参与；员工投入
exposure,/ ɪkˈspoʊʒər /,state of experiencing something directly,n. 暴露，接触；曝光，揭发,exposure time: 曝光时间 | sun exposure: 日照 | occupational exposure: 职业照射
conventional,/ kənˈvenʃən(ə)l /,following the common attitudes and practices,adj. 依照惯例的，遵循习俗的；老一套的，习惯的,conventional method: 常规方法；习用方法 | conventional type: 常规型式 | conventional industries: 传统产业
digital,/ ˈdɪdʒɪt(ə)l /,using electronic signals or computers,adj. 数字的，数码的；数字显示的 n. 数字电视，数位电视,digital library: 数字图书馆 | digital image: 数字图象 | digital signal: 数字信号
translate,/ trænzˈleɪt /,to change words from one language into another,v. 译，翻译；（使）转变，（使）变化,translate into: 翻译成
edit,/ ˈedɪt /,to check and makes changes before publication,v. 编辑，校订；编选 n. 编辑，校订，剪辑 其他 【名】 （Edit）（罗、匈）埃迪特（人名）,edit box: [计]编辑框 | edit mode: [计]编辑方式 | edit window: 编辑窗口
formation,/ fɔːrˈmeɪʃ(ə)n /,"process of creating, or making into a particular shape",n. 组成物；构成,formation damage: 地层损害，油层损害；生产层损坏 | formation water: 地层水 | bone formation: 骨形成；骨生成
deposit,/ dɪˈpɑːzɪt /,"money that is given for a special purpose such as proof that you will buy something, or as savings in a bank",v. 放下，放置；储蓄 n. 沉积物，沉积层；订金,ore deposit: 矿床；矿层 | deposit insurance: 存款保险 | deposit account: 存款帐户；储蓄存款
pleasant,/ ˈplez(ə)nt /,causing a good feeling,adj. 令人愉快的，惬意的；礼貌而友善的，和蔼可亲的 其他 【名】 （Pleasant）（英）普莱曾特（人名）,pleasant to hear: 好听；入耳 | pleasant sensation: 快感 | pleasant day: 快乐的一天
overseas,/ ˌoʊvərˈsiːz /,in or to a foreign country that is across a sea,adj. 外国的，海外的 adv. 在国外，在海外,overseas chinese: 华侨，海外华人 | overseas market: 海外市场 | overseas investment: 海外投资
advocate,/ ˈædvəkeɪt /,"to publicly support a belief, or to request a change",v. 拥护，提倡 n. 拥护者，提倡者；辩护律师,devil's advocate: 故意持相反意见的人；故意唱反调的人
establishment,/ ɪˈstæblɪʃmənt /,"organization, institution, or place to do business",n. 建立，设立；权势集团，现存体制,permanent establishment: 恒久的设施 | establishment of diplomatic relations: 建交；建立外交关系 | business establishment: 营业处所
summary,/ ˈsʌməri /,a brief statement that gives the most important information,n. 总结，概要 adj. 总结性的，概括的；（司法程序）即决的，简易的,in summary: 总之；概括起来 | summary procedure: 简易程序；即决裁判程序 | summary report: 汇总报表；概要报表
rough,/ rʌf /,"not smooth, gentle, or careful",adj. （表面）粗糙的，不平的；（网球或软式墙网球拍）粗面的 n. （高尔夫球场的）深草区（the rough）；草稿，草图 v. 粗制，对……粗加工；草拟，画……的轮廓 adv. <非正式> 粗糙地，粗暴地；<英> 风餐露宿 其他 【名】 （Rough）（英）拉夫（人名）,in rough: 作为草稿；在草稿纸上 | in the rough: 未完成的；未加工的；大致上 | rough surface: 粗糙表面
pen,/ pen /,something you write with that uses ink,n. 笔，钢笔；（圈养动物用的）围栏，圈 v. 写，撰写；（把……）关起来，圈起来 其他 【名】 （Pen）（法）庞，（俄、塞、英、意）佩恩，（柬）宾（人名）,pen and ink: 笔墨；钢笔画；写作 | put pen to paper: 开始写；落笔 | pen pal: 笔友（等于pen friend）
recovery,/ rɪˈkʌvəri /,process of returning to a former state after problems,n. 康复，痊愈；戒除,recovery rate: 恢复速率 | oil recovery: 油回收 | economic recovery: 经济复苏；经济采收率
seal,/ siːl /,to make something so that it does not leak air or water,n. 印章，图章；表示确认的事物 v. 封上（信封）；密封（容器） 其他 【名】  （Seal）西尔（人名）,seal of: 证明；保证 | mechanical seal: [机]机械密封 | oil seal: 油封
tube,/ tuːb /,"long, hollow object",n. （金属、塑料、玻璃等材料制的）管，管子；管状物 v. 用管道运输；<英，非正式>乘地铁,steel tube: 钢管 | seamless steel tube: 无缝钢管；无缝套筒 | copper tube: 铜管
tower,/ ˈtaʊər /,"a tall, narrow building",n. 塔，塔楼；（发送信号等的）塔台 v. （比周围的人或物）高出许多，屹立；胜过，超过（其他人或机构） 其他 【名】 （Tower）（英）托尔（人名）,cooling tower: 冷却塔 | eiffel tower: 艾菲尔铁塔（位于巴黎塞纳河南岸） | tower crane: [机]塔式起重机
characterize,/ ˈkærəktəraɪz /,"to describe the qualities of a person, place, thing",v. 描述，刻画；成为……的特征，是……的典型,
specify,/ ˈspesɪfaɪ /,"to state, name, or mention exactly and clearly",v. 明确指出；具体说明,
exact,/ ɪɡˈzækt /,completely correct; accurate; specific,adj. 确切的，精确的；严谨的，一丝不苟的 v. 强取，勒索；实施（报复）,the exact same: [非规范用语]正是同一个，正是这个；完全相同的 | exact solution: 精确解 | exact science: 精密科学（如数学、物理学、化学等）
spin,/ spɪn /,to turn around repeatedly,v. （使）快速旋转；（使）急转身 n. 高速旋转；兜风,electron spin: 电子自旋 | spin out: 消磨；拖延时间 | spin resonance: 自旋共振；自旋共旋
operator,/ ˈɑːpəreɪtər /,"someone who uses and controls something, usually equipment",n. （设备、机器的）操作员；经营者,telephone operator: 话务员 | network operator: 网络运营者；网路操作者；网络算子 | computer operator: n. 电脑操作人员
infant,/ ˈɪnfənt /,child in the beginning stage of life; a baby,n. 婴儿，幼儿；（英国学校里四至七岁的）学童 adj. 供婴幼儿用的；初期的，初创期的 其他 【名】 （Infant）（英）因方特（人名）,infant formula: 婴儿配方；婴儿配方食品 | infant mortality: 婴儿死亡率，早期失效；早期故障期 | premature infant: 早产儿
dig,/ dɪɡ /,to move material to create a hole,v. 搜寻，寻找；<非正式，旧>喜欢 n. 挖苦，嘲讽；（用手指或肘部）轻碰，轻戳 其他 【名】 （Dig）（罗）迪格（人名）,dig out: 掘出；发现 | dig deep: ◎挖深 | dig up: 挖出；掘起；开垦；发现
drag,/ dræɡ /,to pull something that is difficult to move,v. 拖，拽；生拉硬拽，强迫 n. <非正式>乏味无聊的事（人）；累赘，拖累 其他 【名】 （Drag）（匈）德劳格（人名）,drag on: 拖延 | drag and drop: 拖放 | drag reduction: 减阻
mount,/ maʊnt /,to organize and begin an action; to attach to a support,v. 组织，开展；爬上，登上 n. 山，山峰；坐骑，马 其他 【名】 （Mount）（英）芒特（人名）,surface mount: 表面黏着方式 | mount up: 增长；上升 | mount qomolangma: 珠穆朗玛峰
wrap,/ ræp /,to cover something on all sides with a piece of material or paper,v. 包，裹，包装；用（手臂、指头或腿）围紧，用……绕住 n. 披肩，围巾； 包裹（或包装）材料,wrap up: 伪装；使全神贯注；穿暖和的衣服 | under wraps: 不公开的；秘密的 | wrap around: adj. 卷绕的，环绕的
anticipate,/ ænˈtɪsɪpeɪt /,to expect or look ahead to something positively,v. 预期，预料；预见（并做准备）,
dependent,/ dɪˈpendənt /,someone who depends on another for (financial) support,adj. 依赖的，依靠的；取决于 n. 受供养者,dependent on: 依赖于；依靠 | time dependent: 依时性，与时间有关的 | dependent variable: 因变量；他变数；应变数
specialize,/ ˈspeʃəlaɪz /,to focus on one area of a field or profession,vi. 专门研究（或从事），专攻；专营,specialize in: 专门研究……
angle,/ ˈæŋɡ(ə)l /,a place where two lines or surfaces meet,n. 角；倾斜，斜角 v. 斜移，斜置；向（特定人群）提供资讯，定位于,angle of view: 视角 | visual angle: n. 视界，视角 | contact angle: 接触角；交会角
chicken,/ ˈtʃɪkɪn /,a large bird that is raised on farms for its eggs and meat,n. 鸡；鸡肉 adj. 没勇气的，胆小的 v. <非正式>因害怕而放弃，胆怯（chicken out）,fried chicken: n. 炸鸡 | chicken soup: 鸡汤；心灵鸡汤 | chicken breast: [医]鸡胸
anxiety,/ æŋˈzaɪəti /,fear about what might happen; worry,n. 焦虑，忧虑；令人焦虑的事,anxiety disorder: 焦虑症；焦虑性障碍；焦虑症候群 | anxiety for sth: 渴望 | test anxiety: 考试焦虑；测验焦虑
virus,/ ˈvaɪrəs /,"a very small, basic living thing that causes disease or sickness",n. 病毒；病毒性疾病，病毒感染 其他 【名】 （Virus）比鲁斯（人名）,influenza virus: 流感病毒 | b virus: ［病］B病毒 | hepatitis b virus: 乙型肝炎病毒；[病毒学]B型肝炎病毒
precisely,/ prɪˈsaɪsli /,in an exact and accurate manner,adv. 精确地，准确地；恰好，正是（表示强调）,
rival,/ ˈraɪv(ə)l /,"a person, team, or organization that competes with another; a competitor",n. 竞争对手，敌手；可与之匹敌者，可与之相比的人（或物） v. 与......相匹敌，比得上 adj. 竞争的，对抗的 其他 【名】 （Rival）（俄）里瓦尔（人名）,rival firms: 竞争公司；竞争商行
offense,/ əˈfens /,criminal act; something that causes hurt,n. 违法，犯罪；冒犯，伤害,no offense: 无意冒犯；请勿见怪 | criminal offense: 犯罪行为，犯罪；刑事犯罪 | take offense: 生气
detect,/ dɪˈtekt /,to discover or identify the presence of something,v. 查明，察觉；测出，检测，识别,
teenager,/ ˈtiːneɪdʒər /,a person between the ages of 13 and 19,n. 青少年，十几岁的孩子（13到19岁之间的孩子）,
admire,/ ədˈmaɪər /,to feel respect or wonder toward someone,v. 钦佩，仰慕；欣赏，观赏,admire for: vt. 赞赏
moderate,/ ˈmɑːdərət /,average in size or amount,adj. 普通的，中等的；不偏激的，温和的 v. 缓和，使适中；主持（讨论或会议） n. 持温和政见者,moderate price: 公平价格；公道价格 | moderate temperature: 中等温度 | moderate intensity: 中等强度
surgery,/ ˈsɜːrdʒəri /,medical treatment in which a doctor cuts into a body,n. 外科手术；<英>诊所,plastic surgery: [医]整形外科 | heart surgery: 心脏手术 | cosmetic surgery: 整容手术；整容外科
musician,/ mjuˈzɪʃ(ə)n /,"a person who writes, sings, or plays music, as a job",n. 音乐家，乐师，作曲家,
significance,/ sɪɡˈnɪfɪkəns /,importance of something; the potential for something to have a big effect,n. 重要性，意义；意思，含义,economic significance: 经济重要性 | statistical significance: 统计显著性；统计数据 | significance test: 显著性检验；显著性测定
shower,/ ˈʃaʊər /,the cleaning of a body by standing under falling water,n. 淋浴器，花洒；淋浴间，淋浴室 v. 淋浴，洗澡；洒落，（使）纷纷降落,shower room: 浴室 | take a shower: 洗淋浴 | meteor shower: [天]流星雨
illegal,/ ɪˈliːɡ(ə)l /,not allowed by the laws or rules,adj. 非法的，违法的；违规的 n. 非法移民，非法劳工,illegal activities: 违法行为；不法活动 | illegal income: 非法所得；不合法收入 | illegal immigration: 非法移民；非法入境
charity,/ ˈtʃærəti /,"organization providing help to the needy, the sick",n. 慈善组织，慈善机构；慈善事业,in charity: ◎出于恻隐之心 | charity work: 慈善工作 | out of charity: 出于仁慈
universal,/ ˌjuːnɪˈvɜːrs(ə)l /,done or experienced by everyone,adj. 普遍的，全体的，全世界的；通用的，万能的 n. 普遍原则，通用原理；普遍看法，普遍特征,universal joint: 万向节；万向接头 | universal law: 普遍规律；普遍法则 | universal suffrage: 普选权
cigarette,/ ˈsɪɡəret /,a small paper tube filled with tobacco,n. 香烟，纸烟；麻醉烟，草药烟，药性烟,cigarette smoking: 吸烟 | cigarette paper: 卷烟纸 | cigarette lighter: 香烟打火机
constitute,/ ˈkɑːnstɪtuːt /,to make up or be part of something,v. 组成，构成；是，被视为,constitute a crime: 构成犯罪；进行犯罪
adequate,/ ˈædɪkwət /,enough; good enough for what is needed,adj. 足够的，适当的，合乎需要的；（品质）足够好的，令人满意的,adequate for: 胜任……的；对……是足够的；适合……的 | adequate consideration: 充分考虑；适当约因 | adequate preparation: 充分准备
consultant,/ kənˈsʌltənt /,expert who gives (paid) advice,n. 顾问；高级顾问医师，会诊医师,management consultant: 管理顾问 | marketing consultant: 营销顾问；市场顾问；销售顾问 | consultant firm: 咨询公司；顾问公司
historian,/ hɪˈstɔːriən /,someone who studies or writes about the course of history,n. 历史学家，史学工作者,natural historian: 博物学家
cousin,/ ˈkʌzn /,a child of your uncle or aunt,n. 堂（表）兄弟，堂（表）姐妹；远房亲戚,first cousin: 堂兄弟姊妹 | distant cousin: 远表兄妹 | second cousin: 远房堂或表兄弟姊妹
visual,/ ˈvɪʒuəl /,something to look at with the eyes,adj. 视觉的，视力的；栩栩如生的 n. 视觉资料（指说明性的图片、影片等）,visual angle: n. 视界，视角 | visual effect: 视觉效果；视觉特效，视觉效应 | visual field: 视野
stupid,/ ˈstuːpɪd /,lacking the ability to learn easily; not intelligent,adj. 笨的，傻的，脑子不好使的；欠考虑的，糊涂的 n. 傻瓜，笨蛋,
keen,/ kiːn /,being eager or excited for something to happen,adj. 渴望的，热衷的；喜爱的，着迷的 v. （为死者）恸哭，哀号 n. 痛哭，挽歌 其他 【名】 （Keen）（英）基恩，（德）肯，（肯）金（人名）,keen on: 喜爱；热衷于… | keen competition: 剧烈竞争 | keen interest: 强烈的兴趣
ethnic,/ ˈeθnɪk /,connected with people who share a cultural tradition,adj. （有关）种族的，民族的；少数民族的 n. 少数民族成员，某民族群体的人,ethnic group: n. 同种同文化之民族 | ethnic minority: 少数民族 | ethnic chinese: 华裔人士
twin,/ twɪn /,two children born from the same mother at the same time,n. 双胞胎之一，孪生儿之一；两个极相似的事物之一，两个非常相像的人中的一个 adj. 双胞胎的，孪生的；成对的，成双的 v. 使结成姐妹城市，使结成友好城市；使（两人或两事物）紧密结合，使相连 其他 【名】 （Twin）特温（人名）,twin screw: 双螺旋桨；双推进器；双驱动桥 | twin sister: 双胞胎姐妹之一 | twin brother: n. 孪生兄弟
clinical,/ ˈklɪnɪk(ə)l /,related to the examination and treatment of patients,adj. 诊所的，医务室的；临床的，临床诊断的,clinical application: 临床应用 | clinical practice: 临床实践；内科学 | clinical data: 临床资料；临床数据
eastern,/ ˈiːstərn /,being in the area to the east,adj. 东方的；向东的，朝东的,eastern europe: 东欧 | eastern china: 华东地区 | china eastern: 中国东方航空公司
forecast,/ ˈfɔːrkæst /,"a prediction of some future thing (e.g., the weather)",v. 预测，预报 n. 预测，预报,weather forecast: 天气预测，天气预报 | demand forecast: 需求预测 | sales forecast: 销售预测
segment,/ ˈseɡmənt /,part divided from the other parts of something,n. 部分，片段；（市场）细分的部分 v. 分割，划分；（细胞）分裂,market segment: 细分市场；市场区隔；分块市场 | line segment: n. 线段 | soft segment: 软链段，柔性链段
custom,/ ˈkʌstəm /,what is usual or normal,n. 风俗，习俗；习惯 adj. 定做的，量身设计的,folk custom: n. 民间习俗 | custom duty: 关税 | custom made: 定做的，非现成的；定制品
adapt,/ əˈdæpt /,to change something to fit or suit a new purpose,v. 适应；调整，使适合,adapt to something: （使）适合；（使）适应 | adapt for: 调整，使适合于；为…改编
sand,/ sænd /,grains of rock that make beaches and deserts,n. 沙，沙子；沙堆，沙地 v. （用砂纸或打磨机）磨光；撒沙于，铺沙于 其他 【名】 （Sand）（英、德、意、芬、罗、捷、挪、瑞典）桑德，（法）桑（人名）,quartz sand: [化]石英砂 | a grain of sand: 一粒沙子 | fine sand: 细砂；细沙
cap,/ kæp /,"small, soft hat often with a front visor or shade",n. 帽子；（对物件起保护作用的）罩，盖，套 v. 覆盖；限额收取（或支出） 其他 【名】 （Cap）（法、德、罗）卡普，（塞、捷）察普（人名）,cap rock: [地质]冠岩；盖岩 | bottle cap: 瓶盖 | pile cap: 桩帽
prompt,/ prɑːmpt /,being done quickly and with no delay,v. 促使，导致；鼓励，提示（说话者） n. （给演员的）提词；（计算机屏幕上显示准备接受指令的）提示 adj. 迅速的，立刻的；（人）利索的，敏捷的 adv. 准时地,prompt delivery: 限时专送 | command prompt: 命令提示符 | prompt attention: 从速办理
charm,/ tʃɑːrm /,quality of making people like you; attractiveness,n. 魅力，魔力；护身符，咒语 v. 吸引，迷住；诱使，哄诱,artistic charm: 艺术魅力 | like a charm: 效验如神地；异常成功地 | lucky charm: 幸运符；护身符
react,/ riˈækt /,to behave or make a change in a particular way,v. （作出）反应；起化学反应,react on: v. 起作用于；对…有影响 | react against: 反抗；反对；起反作用
lecture,/ ˈlektʃər /,talk or speech about a particular subject,n. 讲座，讲课，演讲；训斥，告诫 v. （尤指在大学里）开讲座，讲课；训斥，告诫,lecture on: 有关…的演讲；训斥；告诫 | lecture note: 讲义，上课笔记 | lecture hall: 讲堂，大讲堂；演讲厅；大教室，阶梯教室
venture,/ ˈventʃər /,activity that involves taking chances or risks,n. 风险项目，冒险事业；冒险旅行，冒险行动 v. 敢于去（未知或危险等地方）；冒险 其他 【名】 （Venture) （法）旺蒂尔（人名）,joint venture: 合资企业；联合经营 | venture capital: 风险资本，风险投资 | venture company: 创业公司；风险投资公司
compound,/ ˈkɑːmpaʊnd /,something that is made from two or more other things,n. 混合物，化合物；复合词 adj. 复合的，混合的；以复利计算的 v. 使加重，使恶化；合成，混合,compound fertilizer: 复合肥料 | organic compound: n. 有机化合物 | chemical compound: [化]化合物
rescue,/ ˈreskjuː /,to save something from danger or harm,v. 营救，援救；拯救，挽救（生意等） n. 营救，救援；营救行动,rescue work: n. 救济事业 | rescue workers: 救援人员 | search and rescue: 搜索与营救
mess,/ mes /,dirty or untidy area,n. 肮脏，杂乱；不整洁或邋遢的人（或物） v. 弄脏，弄乱；玩弄 其他 【名】 （Mess）（德、罗）梅斯（人名）,mess up: 陷入困境；搞糟 | a mess of: 一大堆…；把…弄糟 | in a mess: 乱糟糟，一团糟
preference,/ ˈprefrəns /,something that is liked or wanted more than another,n. 偏爱，偏好；更喜欢的人（或物）,preference for: 偏爱… | preference to sth: 优先 | tax preference: 税收优惠
comprehensive,/ ˌkɑːmprɪˈhensɪv /,including most or all things,adj. 综合性的，全面的；有理解力的 n. 综合中学；专业综合测验,comprehensive evaluation: 综合评价，综合评价法 | comprehensive analysis: 综合分析 | comprehensive utilization: 综合利用
incentive,/ ɪnˈsentɪv /,something that encourages a person to work hard,n. 激励，刺激,incentive mechanism: 激励机制 | incentive system: 奖励制度，激励制度 | incentive theory: 激励理论；诱因论
league,/ liːɡ /,association of sports teams that organizes matches for its members,n. 联盟，同盟；（体育项目）联合会，社团 v. （与……）组成联盟，加入联盟 其他 【名】 （League）（英）利格（人名）,premier league: 超级联赛 | youth league: 青年团 | arab league: 阿拉伯联盟（全称League of Arab States）
dialog,/ ˈdaɪəlɔːɡ /,conversation between two or more individuals,n. 对话；会话,dialog box: [计]对话框，对话窗口
cream,/ kriːm /,the thick white liquid that comes from milk and is used in cooking,n. 奶油，乳脂；霜，膏 adj. 奶油色的，淡黄色的，米黄色的 v. 把……搅成奶油状；<美，非正式>轻易彻底打败,ice cream: 冰淇淋 | whipped cream: n. 生奶油 | cream cheese: n. 奶油干酪
rapid,/ ˈræpɪd /,happening very quickly,adj. 快的，迅速的；（移动，活动）快速的 n. 急流，湍滩；高速交通工具，高速交通网,rapid development: 迅速发展；高歌猛进 | rapid prototyping: 快速原型 | rapid response: 快速反应
cancel,/ ˈkæns(ə)l /,to stop a planned event from happening,v. 取消（计划好的事情）；终止，废除 n. 取消，撤销；邮票注销章，戳记 其他 【名】 （Cancel）（法）康塞尔（人名）,cancel button: 取消按钮 | cancel out: 取消；抵销 | cancel after verification: 核销
regret,/ rɪˈɡret /,to be sorry about something,v. 懊悔，惋惜；（用于正式书面语）对......感到抱歉，对......感到遗憾 n. 遗憾，惋惜；（因无法出席会议、聚会等的）致歉语,regret doing: 对做过的事表示遗憾、后悔 | to express regret: 表示遗憾
dismiss,/ dɪsˈmɪs /,to send someone away,v. 开除，解雇；不考虑，不理会,dismiss from: 解雇；开除
margin,/ ˈmɑːrdʒɪn /,"the empty space at the top, bottom, and sides of a written or printed page",n. 页边空白；差额，幅度 v. 给……加上边；预付定金，交押金 其他 【名】 （Margin）（俄、意）马尔金（人名）,profit margin: [经]利润率 | continental margin: 大陆边缘 | gross margin: [经]毛利
beneath,/ bɪˈniːθ /,under; in or to a lower position; below,prep. 在……下方；在……表面之下，隐藏在……之下 adv. 在下面，在底下,beneath one: 不会做出；不合身份
opponent,/ əˈpoʊnənt /,a person that you are competing against in a game or contest,n. 对手，竞争者；反对者，阻止者 adj. 对立的，敌对的,
resist,/ rɪˈzɪst /,to try to stop or prevent something,v. 阻挡，抵制；抵抗，回击 n. 保护涂层（防染色、着釉等），防染材料,resist the temptation: 抵制诱惑；抵挡住诱惑 | hard to resist: 人见人爱；无法抗拒；惹人喜爱 | resist heat: 耐热
capability,/ ˌkeɪpəˈbɪləti /,"means, ability, or potential to do something",n. 能力，才能；（国家的）军事力量,process capability: 加工能力；工序能力 | design capability: 设计能力 | capability maturity model: 能力成熟度模型；软件能力成熟度模型
absolute,/ ˈæbsəluːt /,complete and total,adj. 完全的，纯粹的；绝对的，无疑的 n. 绝对真理，绝对原则,absolute value: 绝对值 | absolute advantage: 绝对利益 | absolute power: 绝对权力（电影名称）
correspond,/ ˌkɔːrəˈspɑːnd /,to have similarity or equality with something,v. 类似于，相当于；通信,correspond with: 符合，一致；与……通信
stroke,/ stroʊk /,to touch someone or something repeatedly in a caring way,n. 中风；（使用武器的）击，打 v. 轻抚，抚摸；轻挪，轻触，轻拭,one stroke: 一行程；一次行程 | on the stroke: 准时地 | long stroke: 长冲程
dare,/ der /,to have enough courage to do something,v. 激，激将；敢于，胆敢 n. 挑战，激将 其他 【名】 （Dare）（美）达雷（人名）,how dare you: 你敢；胆子真大啊 | dare to be: 敢于做
barrier,/ ˈbæriər /,structure or object that stops free movement,n. 障碍，壁垒；障碍物，关卡 其他 【名】 （Barrier）（法）巴里耶（人名）,trade barrier: 贸易壁垒 | language barrier: n. 语言障碍 | barrier reef: 堡礁；堤礁
rid,/ rɪd /,to no longer be wanted so you throw it away,v. 使……去掉，使……去除；摆脱，消除 adj. 得到解脱的 其他 【名】 （Rid）（俄、德、英、美）里德（人名）,get rid of: 摆脱，除去 | rid of: 除去，摆脱 | get rid: 摆脱；排除；处理掉
divorce,/ dɪˈvɔːrs /,legal ending of a marriage,n. 离婚；离婚判决 v. 与（某人）离婚；使分离，割裂,divorce rate: 离婚率 | divorce from: 离婚；分离 | divorce court: 离婚法庭
ruin,/ ˈruːɪn /,"to spoil something, to make it useless",n. 毁坏，毁灭；破产，身败名裂 v. 毁坏，破坏；使（建筑物，地方）破败，使成为废墟 其他 【名】 （Ruin）（法、俄、意、瑞典）吕安（人名）,in ruins: 成为废墟 | financial ruin: 经济损失
bury,/ ˈberi /,to put something into the ground and cover it,v. 埋，埋葬；埋藏，隐藏 其他 【名】 （Bury）（英、西）伯里，（法）比里，（德、意、罗、波、捷、匈）布里，（俄）布雷（人名）,
counsel,/ ˈkaʊns(ə)l /,to listen and give expert advice to someone,n. 忠告，建议；辩护律师 v. 建议，劝告（做……）；为……提供咨询，给……提供建议,legal counsel: 法律顾问；法律指导 | take counsel: 商量；征求意见 | general counsel: 总顾问；法律总顾问；律师事务所；法律咨询公司
tendency,/ ˈtendənsi /,quality that something happens or someone behaves in a particular way,n. 经常性行为，偏好；趋势，趋向,development tendency: 发展趋势 | tendency to sth: 趋向；趋于 | unhealthy tendency: 不正之风
frequent,/ ˈfriːkwənt /,happening often,adj. 频繁的，经常性的；<古>间隔很近的 v. 常去，常出入于,frequent flyer: 飞行常客 | frequent visitor: 常客；熟客
motor,/ ˈmoʊtər /,a machine that uses energy to make something work or move,n. 发动机，马达；汽车，轿车 adj. 机动的；汽车的，车辆的 v. 乘车旅行，驾车旅行；使用发动机驾驶帆船,motor vehicle: 汽车；机动车辆 | dc motor: 直流电动机；直流马达；直羚动机 | electric motor: 电动机
survival,/ sərˈvaɪv(ə)l /,act of continuing to exist when facing difficulty,n. 继续生存，存活，幸存；遗留物，幸存物，残存物 adj. 幸存的，赖以生存的，救生用的,survival rate: 存活率 | survival time: 生存时间；存活期 | survival of the fittest: 适者生存
counter,/ ˈkaʊntər /,"a long, flat surface in a shop or kitchen where work is done",n. 柜台；对立面 v. 反驳，驳斥；抵制，抵消 adv. 相反地，对立地；逆向地 adj. 反面的，对立的,counter measure: 对策；防范措施；反措施 | particle counter: 粒子计数器；粒子计数管；颗粒测量计数器 | over the counter: 成药；直接交易
possess,/ pəˈzes /,to have or own something,v. <正式> 拥有，持有；具有（品质或能力）,possess oneself: 自制，镇静 | possess someone of something: 使某人拥有某物 | possess of: 拥有；占有
permission,/ pərˈmɪʃ(ə)n /,right to do something as allowed by another,n. 同意，许可；许可证，书面许可,without permission: 未经许可 | with one's permission: 如果…允许的话 | written permission: 书面许可证；签单
valley,/ ˈvæli /,"long, low area between hills or mountains, often with a river running through it",n. 山谷；流域 n. （Valley）人名；（英）瓦利,river valley: 河谷；山涧 | happy valley: 欢乐谷（游乐场）；跑马地（香港一高级住宅区） | napa valley: 纳帕谷（美国加州葡萄酒的主要产地）
float,/ floʊt /,to stay on the surface of a liquid and not sink,v. （使）漂浮，（使）浮动；轻盈走动，飘然移动 n. 彩车；鱼漂，浮子 其他 【名】 （Float）（美、英、德）弗洛特（人名）,float glass: [化]浮法玻璃 | float on: 浮在…上 | float valve: 浮阀
mad,/ mæd /,"very angry, very strong feelings, crazy",adj. 生气的，气愤的；极愚蠢的，很不明智的,mad at: 生气；恼火 | mad dog: 疯狗 | mad cow disease: n. 疯牛病；牛绵状脑病
greatly,/ ˈɡreɪtli /,very much,adv. 非常地，极大地,
visible,/ ˈvɪzəb(ə)l /,easily seen or understood,adj. 看得见的；明显的，引人注目的 n. 有形进出口货物（visibles）,visible light: 可见光 | visible spectrum: 可见光谱 | visible image: 可见象；可见像；视像
electric,/ ɪˈlektrɪk /,using a particular type of energy carried through metal wire,adj. 电的；令人激动的 n. 电路系统；电气交通工具,electric power: 电力；电功率 | electric field: 电场 | electric current: 电流
impressive,/ ɪmˈpresɪv /,something makes someone admire or respect,adj. 给人印象深刻的，令人钦佩的,
evolution,/ ˌevəˈluːʃ(ə)n /,"slow, steady change or development",n. 进化（论）；演变，发展,theory of evolution: 进化学说，进化论 | evolution theory: 进化论 | peaceful evolution: 和平演变
awareness,/ əˈwernəs /,having knowledge of something,n. 认识，意识；感悟能力,awareness of: 意识到 | environmental awareness: 环境意识；环保意识 | brand awareness: 品牌意识，商标意识；品牌知名度
violent,/ ˈvaɪələnt /,done with force; likely to cause physical damage,adj. 暴力的；（人）有暴力倾向的,violent crime: 暴力犯罪，暴力罪行 | violent death: 暴力死亡；横死 | violent storm: 暴风；十一级风
slave,/ sleɪv /,someone who is legally owned by another person,n. 奴隶，苦工；完全受（某事物）控制的人 v. 苦干，拼命干；使（装置）从属于（另一装置） 其他 【名】  （Slave）（塞、罗）斯拉韦（人名）,
wealthy,/ ˈwelθi /,having a great amount of money or property,adj. 富有的，丰富的 n. 富人（the wealthy）,
architecture,/ ˈɑːrkɪtektʃər /,design and construction of buildings,n. 建筑设计，建筑风格；建筑学,system architecture: 系统架构 | landscape architecture: 造园术，园林建筑学；造景建筑业 | modern architecture: 现代建筑
acceptable,/ əkˈseptəb(ə)l /,satisfactory; good enough,adj. 可接受的，（大多数人）认同的；合意的，令人满意的,acceptable level: 可接受的程度 | acceptable quality: 合格质量，可接受的质量 | acceptable performance: 可接受的性能；合格性能
journal,/ ˈdʒɜːrn(ə)l /,a written record of subjects or events,n. 杂志，期刊，报纸；日记，日志,wall street journal: 华尔街日报 | medical journal: 医学期刊 | academic journal: 学报，学术期刊
coal,/ koʊl /,dark hard substance from the earth burnt as a fuel,n. 煤；煤炭工业 v. 供煤；采煤，提炼煤,coal mine: 煤矿，煤矿坑 | coal mining: 煤矿开采 | coal seam: 煤层
measurement,/ ˈmeʒərmənt /,the finding of the size or amount of something or someone,n. （通常以数字形式呈现的）测量结果；三围，（身材）尺寸,measurement system: 测量系统 | temperature measurement: 温度测量，测温；水温测定 | measurement accuracy: 量测精度
random,/ ˈrændəm /,chosen or done without a plan or pattern,adj. 任意的，随机的，胡乱的；（砖石建筑）石头大小不一的 n. 随意，随机；<非正式>不认识的人，陌生人 adv. 随机地，胡乱地,at random: 胡乱地；随便地；任意地 | random sampling: 随机抽样；随意采样 | random variable: 随机变数，随机变量；无规变量
successfully,/ səkˈsesfəli /,in a manner that achieves a goal,adv. 成功地；顺利地,
depress,/ dɪˈpres /,to make someone feel very sad; to reduce the value of something,v. 使抑郁，使沮丧；降低，抑制,
illustration,/ ˌɪləˈstreɪʃ(ə)n /,picture that helps explain something,n. 插图，图解；说明，例释,
burst,/ bɜːrst /,to break in a sudden and violent way,v. 爆炸，爆裂，胀开；冲，闯，突然出现 n. 突发，迸发；爆裂，裂口 其他 【名】 （Burst）（美）布尔斯特（人名）,burst into: 闯入；情绪的突然发作 | rock burst: 岩层突裂 | burst out: 闯出来；突发；摆脱；大声喊叫
privilege,/ ˈprɪvəlɪdʒ /,advantage or right that is given to only a certain person or group of people,n. 特权，特殊待遇；荣幸，光荣 v. <正式> 给予特权，特别优待；特免，免除（某人）,special privilege: 特权；特别优惠；特殊许可
buyer,/ ˈbaɪər /,someone who gets something by paying money for it,n. 买主；采购员 n. （Buyer）人名；（英）拜尔,prospective buyer: 准买家 | potential buyer: 准买家；有意的买家；潜在购买者 | buyer behavior: 买方行为；消费者行为
mutual,/ ˈmjuːtʃuəl /,shared between two or more people,adj. 相互的，彼此的；共同的，共有的 n. 互助公司,mutual benefit: 互惠互利 | mutual understanding: 互相谅解，相互理解 | mutual trust: [营]相互信任；互相信赖
rail,/ reɪl /,"long, thin piece of metal",n. 铁路系统；铁轨，轨道 v. 用栏杆把……围起，把……隔开；<正式>谴责，抱怨,rail transit: 城市轨道交通；铁路直达运输 | by rail: 由铁路，乘火车 | light rail: 轻轨；轻轨电车
motivate,/ ˈmoʊtɪveɪt /,to make someone excited about doing something,v. 成为……的动机，是……的原因；激励，激发,
laboratory,/ ˈlæbrətɔːri /,a place for doing research and experiments,n. 实验室，实验大楼,laboratory test: 实验试验 | laboratory equipment: 实验室设备；实验室仪器 | laboratory experiment: 室内试验；实验室实验
mortgage,/ ˈmɔːrɡɪdʒ /,long-term loan from a bank for buying property,n. 按揭，抵押贷款；抵押贷款额 v. 抵押；（为眼前好处）使承受（未来）风险,housing mortgage: 住房按揭 | mortgage loan: 按揭贷款；抵押借款 | subprime mortgage: 次级房贷
promotion,/ prəˈmoʊʃ(ə)n /,moving someone to a more important position,n. 提拔，晋升；促销，推销,sales promotion: 促销 | health promotion: 健康促进；养生、保健 | website promotion: 网站推广
passion,/ ˈpæʃ(ə)n /,"powerful, positive feeling about something",n. 爱恋，情欲；激情，热情,passion for: 对…的强烈爱好 | have a passion for: 对…有强烈的爱好 | passion fruit: [植]百香果；西番莲果
champion,/ ˈtʃæmpiən /,person who fights for or supports strongly,n. 冠军，第一名；拥护者，斗士 v. 捍卫，拥护，支持 adj. <英，非正式>极好的；冠军的，得一等奖的 其他 【名】 （Champion）（英）钱皮恩，（法）尚皮翁（人名）,olympic champion: 奥运冠军；奥林匹克冠军 | defending champion: 卫冕冠军 | open champion: 公开(锦标)赛冠军
fulfill,/ fʊlˈfɪl /,to do something that was promised or required,vt. 履行；实现,fulfill oneself: v. 完全实现自己的抱负
dust,/ dʌst /,fine dry powder that builds up on surfaces,n. 沙尘；灰尘 v. 擦去……的灰尘；把粉末撒于 其他 【名】 （Dust）（德、俄）杜斯特（人名）,in the dust: 死了；入土 | dust removal: 除尘，除尘设备 | dust collector: 吸尘器；集尘器
dedicate,/ ˈdedɪkeɪt /,"to give your energy, time, etc., completely to someone",v. 致力于，献身于；把（书、戏剧、音乐作品等）献给,
roughly,/ ˈrʌfli /,in an inexact or imprecise manner,adv. 粗略地，大约；粗暴地，粗鲁地,
skirt,/ skɜːrt /,piece of clothing for the lower body worn by women,n. 女裙，半身裙；（连衣裙、外衣等的）下摆（skirts） v. 环绕……的四周，沿……的边缘走；绕开，回避（话题）,piston skirt: 活塞裙 | mini skirt: n. 迷你裙；超短裙 | skirt length: 裙长
province,/ ˈprɑːvɪns /,area that a country or nation is divided into,n. （知识、兴趣、责任的）范围，领域；省,guangdong province: （中国）广东省 | shanxi province: 山西省；陕西省 | metallogenic province: 成矿区
march,/ mɑːrtʃ /,to walk with regular steps as a group ,v. 齐步走，行军；快步走 n. 三月（March）；示威游行,in march: 在三月；在三月份 | long march: 长征 | march in: 进入；（运动员）进场
evaluation,/ ɪˌvæljuˈeɪʃ(ə)n /,judgment about the value or condition of something,n. 评价，评估,comprehensive evaluation: 综合评价，综合评价法 | performance evaluation: 性能评估；性能赋值 | evaluation model: 评价模型
compromise,/ ˈkɑːmprəmaɪz /,an agreement in which each side must give up some things,n. 折中，妥协；妥协方案，折中办法 v. 妥协，让步；危及，损害,reach a compromise: 达成妥协 | make a compromise: 妥协；折衷；做出让步 | missouri compromise: 密苏里妥协案
accomplish,/ əˈkɑːmplɪʃ /,to succeed in doing; complete successfully,v. 完成，实现,accomplish nothing: 一事无成；一无所成
weakness,/ ˈwiːknəs /,quality of not being powerful or strong,n. 虚弱，软弱；缺点，不足,structural weakness: 组织弱化
announcement,/ əˈnaʊnsmənt /,act of informing people about something publicly,n. 公告；（报纸上的）布告,official announcement: 正式通知；官方消息 | results announcement: [财经]业绩公布
salt,/ sɔːlt /,natural white substance used to flavor or preserve food,n. 盐，食盐（=common salt）；（化学）盐 v. 给（食物）加盐调味；用盐腌制（食物）（=salt down） adj. 含盐的，咸的；用盐腌制的 abbr. （美俄）限制战略武器谈判（Strategic Arms Limitation Talks） 其他 【名】 （Salt）（美、爱尔兰、马耳他）索尔特（姓氏）,salt lake: 盐湖，盐水湖 | in salt: 撒了盐的；盐腌的 | salt water: 咸水
glance,/ ɡlæns /,to look at someone or something quickly,v. 一瞥，看一眼；浏览 n. 一瞥，很快的一看；（光的）闪烁，闪耀 其他 【名】 （Glance） （美、俄、澳）格兰斯（人名）,at a glance: 一瞥；看一眼 | glance at: 看一下，浏览；提到，影射 | at first glance: 乍一看，初看；第一眼就……
opera,/ ˈɑːprə /,play with music in which all the words are sung,n. 歌剧演出，歌剧表演；歌剧团，歌剧院 其他 【名】 （Opera）（意）奥佩拉（人名）,opera house: n. 歌剧院 | beijing opera: n. 京剧 | peking opera: 中国京剧
contest,/ ˈkɑːntest /,an event in which people try to win,n. 比赛，竞赛；争夺，竞争 v. 争辩，提出异议；争取赢得，角逐,speech contest: 演讲比赛 | contest for: 和...对抗（后接物） | beauty contest: 选美比赛
brush,/ brʌʃ /,thing used to comb your hair or to clean the floor,n. 刷子，画笔；灌木丛 v. 刷，拂拭；刷掉，拂去,brush plating: [化]刷镀 | brush up: 复习；提高；擦光 | carbon brush: 碳刷
embarrass,/ ɪmˈbærəs /,to cause someone to feel uncomfortable about something,v. （使）尴尬，窘迫；使难堪，使为难,
gallery,/ ˈɡæləri /,place to look at various types of art,n. 美术馆，画廊；（大厅的）楼座，楼上旁听席 其他 【名】 （Gallery）（英）加勒里（人名）,art gallery: 美术馆；画廊 | photo gallery: 图片库 | picture gallery: 画馆；美术馆
genetic,/ dʒəˈnetɪk /,concerning the parts of a cell that determine particular characteristics,adj. 基因的，遗传学的；有共同起源的,genetic algorithm: 遗传算法 | genetic engineering: 遗传工程 | genetic material: 遗传物质；基因材料
aggressive,/ əˈɡresɪv /,behaving in a very threatening way,adj. 好斗的，挑衅的；积极进取的,aggressive behavior: 攻击行为；侵犯行为 | aggressive action: 侵蚀作用；腐蚀性 | aggressive attitude: 侵犯态度
chest,/ tʃest /,the front of your body between your neck and your waist,n. 胸部，胸膛；箱子，盒子，柜子 v. 以胸部推（球）,chest pain: 胸痛 | chest x-ray: 胸部x光片；胸腔X 光摄影 | chest wall: 胸壁
format,/ ˈfɔːrmæt /,"form, design, or arrangement of something",n. 总体安排，计划，设计；（书或杂志的）开本，版式 v. 为……编排格式；格式化,file format: [计]文件格式 | data format: 数据格式 | standard format: 标准格式；标准书型
literary,/ ˈlɪtəreri /,concerned with written works,adj. 文学的，文学上的；书面的,literary criticism: n. 文艺评论 | literary style: 文言体；文艺语体 | literary work: n. 文学作品；手笔
govern,/ ˈɡʌvərn /,to officially control and lead an area,v. 统治，管理；控制，影响 其他 【名】 （Govern）（英）戈文（人名）,
embrace,/ ɪmˈbreɪs /,to hold someone closely,v. 拥抱；欣然接受，乐意采纳 n. 拥抱；接受，信奉,warm embrace: 温暖的拥抱
praise,/ preɪz /,to express approval of something or someone,v. （尤指公开地）赞美，表扬；（用语言或音乐）赞美（上帝） n. 表扬，赞美；（对上帝的）感谢，崇拜,in praise of: 歌颂；为赞扬 | praise for: 因为...赞美 | public praise: 口碑，公众的称赞
silent,/ ˈsaɪlənt /,not speaking or making noise,adj. （人）安静的，沉默的；沉默寡言的，不爱说话的,keep silent: 保持沉默；缄默 | remain silent: 保持沉默 | silent night: 寂静的夜
pump,/ pʌmp /,to make water or any other liquid move using a machine,n. 泵，抽水机；<英>平底鞋，轻软舞鞋 v. 用泵（或泵样器官等）输送；快速上下（或内外）运动 其他 【名】 （Pump）（美、俄、印、泰、加）蓬普（人名）,heat pump: 热泵，蒸汽泵 | water pump: 抽水机，水泵 | centrifugal pump: 离心抽机，离心泵
publisher,/ ˈpʌblɪʃər /,business that produces books or magazines,n. 出版者，出版商；发行人,
celebration,/ ˌseləˈbreɪʃ(ə)n /,special event where people show the importance of something,n. 庆典，庆祝活动；庆祝，颂扬,in celebration of: 为庆祝…
golf,/ ɡɑːlf /,game played to hit a ball into a hole with a stick,n. 高尔夫球运动；（无线通讯中的）字母G的代码 v. 打高尔夫球 其他 【名】 （Golf）（西、挪）戈尔夫（人名）,golf course: n. 高尔夫球场 | golf club: 高尔夫俱乐部 | play golf: 打高尔夫球
compensation,/ ˌkɑːmpenˈseɪʃ(ə)n /,money given or received as payment for loss,n. 赔偿金，补偿金；弥补，抵消,compensation system: 补偿制度 | error compensation: 误差补偿，平差 | compensation method: 补偿法
classical,/ ˈklæsɪk(ə)l /,concerning ideas considered to be traditional,adj. 经典的，传统的；和古希腊与古罗马文化相关的,classical music: 古典乐 | classical economics: 古典经济学 | classical literature: 古典文学
weigh,/ weɪ /,"to determine the weight of, using scales",v. 称，称……的重量；重，有……重 n. （航海）（船）在航行中,weigh on: 重压于；使苦恼 | weigh up: 权衡；估量；称 | weigh in: 加入比赛；比赛前量体重；参加辩论
versus,/ ˈvɜːrsəs /,used to show that a thing or person is against another thing or person,prep. （比赛或诉讼中）以……为对手，与……竞争；与……相对，与……相比,
deficit,/ ˈdefɪsɪt /,an amount that is less than needed,n. 亏损，赤字，不足额；（体育用语）失分数,trade deficit: n. 贸易逆差；贸易赤字 | budget deficit: 预算赤字 | fiscal deficit: 财政赤字
modify,/ ˈmɑːdɪfaɪ /,to make small changes to something,v. 修改，改进；修饰，限定,
flash,/ flæʃ /,sudden bright light,v. 闪光，闪亮；（快速）出示，显示 n. 闪光；闪光灯 adj. 阔气的，爱显摆的；突然而短暂的 其他 【名】 （Flash）（美）弗拉什（人名）,in a flash: 瞬间；立刻 | flash memory: 闪速存储器 | flash point: 闪点；燃点
friendship,/ ˈfrendʃɪp /,feeling of liking someone; good relationship,n. 友谊，朋友关系；友情，友好 其他 【名】 （Friendship）（英）弗兰德希普（人名）,friendship store: 友谊商店 | friendship hotel: 友谊宾馆 | friendship group: 友谊型群体；友好群体；社交小组
profession,/ prəˈfeʃ(ə)n /,job requiring special education or skills,n. （尤指需要长期训练和正规资格的）职业；（某）职业界同行，同业,profession of: 宣称(感情、信念等)；表白 | legal profession: 法律界；法律专业 | medical profession: 医疗职业
literally,/ ˈlɪtərəli /,in a way that expresses the exact meaning of something,adv. 按照字面意义地，逐字地；真正地，确实地,
equation,/ ɪˈkweɪʒ(ə)n /,a statement showing things to be equal,n. 等式，方程（式）；等同（看待）,differential equation: 微分方程 | wave equation: 波动方程 | regression equation: 回归方程
gesture,/ ˈdʒestʃər /,a hand or body movement that expresses a particular idea or feeling,n. 手势，姿势；姿态，表示 V. 打手势，用动作示意,gesture recognition: 手势识别 | make a gesture: 做手势，表示；做一个手势
entertain,/ ˌentərˈteɪn /,to take care of guests by helping them enjoy their time,v. 使有兴趣，使快乐；心存，怀有（想法、希望、感觉等）,
fantastic,/ fænˈtæstɪk /,"very fanciful in design, construction, or appearance",adj. 极好的，非常棒的；极大的，极高的,fantastic job: 干的太好了；好样的
assign,/ əˈsaɪn /,to give someone a particular job or something to do,v. 分派，布置（工作、任务）；分配（某物）,assign work: 派活；指派工作 | assign a value: 分配一个值；赋值
inflation,/ ɪnˈfleɪʃ(ə)n /,continual rise in the prices of products,n. 通货膨胀，通胀率；充气，膨胀，增大,inflation rate: 通货膨胀率 | price inflation: 物价膨胀 | inflation pressure: 膨胀压力；充气压力；轮胎压力
historic,/ hɪˈstɔːrɪk /,belonging to the past; of what is important or famous in the past,adj. 历史上重要的；过去的，与历史（或过去）有关的,historic site: 古迹；历史遗迹；历史地段 | historic monument: 历史碑石
injure,/ ˈɪndʒər /,do physical harm or damage,v. 使受伤，弄伤；损害，伤害（名誉、自尊等）,
remote,/ rɪˈmoʊt /,far away,adj. 边远的，偏僻的；（距离或空间上）遥远的 n. 遥控装置，遥控器,remote sensing: 遥感；远距离读出 | remote control: n. 遥控；遥控装置 | remote monitoring: 远距离遥控
therapy,/ ˈθerəpi /,treatment intended to help fix your problem or medical illness,n. 治疗，疗法；心理治疗,gene therapy: n. 基因治疗 | radiation therapy: 放射治疗 | drug therapy: 药物治疗；药物疗法
orange,/ ˈɔrɪndʒ /,a color that is a mixture of red and yellow,n. 橙，柑橘；橙汁，橘汁饮料 adj. 橙红色的，橘黄色的；奥兰治党或社团的 n. （Orange）（美、法、俄、英）奥林奇（人名）,orange juice: 橘子汁 | orange peel: 橙皮；橘皮皱 | methyl orange: [化]甲基橙；甲橙
twist,/ twɪst /,to turn something in opposite directions at the same time,v. 使弯曲；（使）扭曲变形 n. 扭动，转动；弯曲处，拐弯处 其他 【名】 （Twist）（美、英、荷）特威斯特（人名）,twists and turns: 迂回曲折 | twist drill: n. 麻花钻；螺旋钻 | twist and turn: 迂回曲折
personnel,/ ˌpɜːrsəˈnel /,group of people who work for a company,n. （公司、组织或军队中的）全体人员，员工；人事部门 adj. 人员的，有关人事的,technical personnel: 技术人员 | personnel training: 人员培训 | management personnel: 管理人员；管理人才
imagination,/ ɪˌmædʒɪˈneɪʃ(ə)n /,the ability to think of new ideas or things that are not real,n. 想象力，想象；幻觉，空想，幻想物,capture the imagination of: 激发...的想象力 | just my imagination: 只是幻觉；只是我的幻想
disagree,/ ˌdɪsəˈɡriː /,to have a different opinion from someone,v. 有分歧，意见不合；不一致,disagree with: 不同意；不一致；不适合 | disagree on: 对…持有不同看法 | agree to disagree: 消除分歧，求同存异；同意各自保留不同意见
throat,/ θroʊt /,passage inside the neck used to swallow and breathe,n. 喉咙，咽喉；喉部，颈前部 v. 用喉音说,sore throat: 咽喉痛 | have a sore throat: 嗓子疼 | nozzle throat: 喷嘴喉；喷嘴喉部
insight,/ ˈɪnsaɪt /,a clear idea about how something works,n. 洞悉，了解；洞察力 其他 【名】 （Insight）（英）因赛特（人名）,insight into: 深刻理解，洞察… | gain an insight into: 看透， 识破
tackle,/ ˈtæk(ə)l /,to take action to solve a difficult problem,v. 应付，解决（难题或局面）；与……交涉 n. （足球等中的）抢断球；（橄榄球或美式足球）擒抱摔倒,fishing tackle: n. 渔具；钓鱼用具 | block and tackle: 滑车组；滑轮组 | tackle box: 工具盒；钓具盒
forever,/ fərˈevər /,for a very long or seemingly endless time,adv. 永远；完全地，永恒地 n. 极长的时间，永恒 adj. 长期的，永久的,love you forever: 永远爱你 | last forever: 永远持续 | forever and ever: 永远
exceed,/ ɪkˈsiːd /,to be greater in number than something,v. 超过，超出；超越（限制）,exceed in: 在…方面超过
expenditure,/ ɪkˈspendɪtʃər /,amount of money used during a certain time,n. 经费，支出额；（时间、金钱、精力等的）消耗，花费,revenue and expenditure: 收支 | public expenditure: 市政开支；公用事业费用 | energy expenditure: 能量消耗
joy,/ dʒɔɪ /,feeling of great happiness and pleasure,n. 欢欣，高兴；使人高兴的人（或物），乐趣 v. 感到高兴，感到欣喜,with joy: 高兴地 | tears of joy: 高兴的泪水，喜极而泣
pregnant,/ ˈpreɡnənt /,when women carry a child inside them that is not yet born,adj. 怀孕的，妊娠的；意味深长的，意义重大的,pregnant woman: 孕妇 | to be pregnant: 怀孕 | pregnant solution: 含贵重矿物溶液
reliable,/ rɪˈlaɪəb(ə)l /,"deserving of your trust, dependable",adj. 可靠的，可信赖的；真实可信的，确凿的 n. 可靠的人（或物）,reliable quality: 质量可靠 | reliable data: 可靠数据 | reliable information: 可靠的信息
gear,/ ɡɪr /,"special supplies, tools, or clothes needed for a particular activity; machinery that turns power into forward or backward movement",n. 排挡，齿轮；（用于特定目的的）装备，服装 v. 使变速，使调挡 其他 【名】 （Gear）（英）吉尔（人名）,bevel gear: 锥齿轮，锥形齿轮；伞齿轮 | gear box: 齿轮箱 | gear transmission: 齿轮传动
click,/ klɪk /,to press a button,v. （用鼠标）点击；发出咔嗒声 n. 短而尖的声音，咔哒声；点击,click here: 点击这里，点击此处；单击此处 | double click: 双击；双击鼠标 | click and drag: 单击并拖动
poet,/ ˈpoʊət /,person who writes poems,n. 诗人,poet laureate: 桂冠诗人；优秀的诗人
fortune,/ ˈfɔːrtʃən /,"chance or luck, particularly good luck",n. 时运，命运；好运，机遇 v. 给予财富；偶然发生 其他 【名】 （Fortune） （英）福琼，（法）福蒂纳（人名）,good fortune: 好财运，好运；顺景 | make a fortune: 发财，赚大钱 | a small fortune: [口，谑]一笔巨款；很多钱
ceremony,/ ˈserəmoʊni /,special social or religious event,n. 仪式，典礼；礼节，礼仪，客套,opening ceremony: 开学典礼；开幕式；开幕仪式；开幕典礼 | wedding ceremony: n. 结婚典礼 | signing ceremony: 签字仪式；签约仪式
pile,/ paɪl /,group of things one on top of another,n. 一堆，一叠；一大堆，大量 v. 堆放；堆满 其他 【名】 （Pile）（西）皮莱，（英）派尔（人名）,pile foundation: 打桩基础 | a pile of: 一堆；很多 | pile in: 塞进；挤入
pig,/ pɪɡ /,farm animal that gives bacon and ham,n. 猪；<非正式>令人讨厌的人，猪猡 v. <非正式>狼吞虎咽；<非正式>像猪一样挤在一起,in pig: (母猪)怀小猪的；[俚语]怀孕的 | pig iron: 生铁 | guinea pig: 豚鼠；[动]天竺鼠
mixture,/ ˈmɪkstʃər /,something made by combining two or more things,n. 混合体，结合体；混合物，混合料,mixture ratio: 混合比例 | gas mixture: 气体混合物；毒气混合物 | reaction mixture: n. 反应混合物；反应混合液
automatically,/ ˌɔːtəˈmætɪkli /,in a way not requiring control by a person,adv. 自然地，必然地；不假思索地，无意识地,
scholar,/ ˈskɑːlər /,a person who studies and knows a lot about a particular subject,n. 学者；有学问的人,visiting scholar: 访问学者 | research scholar: 研究学者；研究员
psychological,/ ˌsaɪkəˈlɑːdʒɪk(ə)l /,having to do with the mind,adj. 心理的，精神的；心理学的，关于心理学的,psychological quality: 心理素质 | psychological characteristics: 心理特点 | psychological counseling: 心理咨询；心理辅导
dramatically,/ drəˈmætɪkli /,in a sudden or extreme manner,adv. 剧烈地，明显地；戏剧性地，夸张地,
stake,/ steɪk /,a strong stick with a pointed end that you push into the ground,n. 股本，股份；桩，标桩，篱笆桩 v. 拿…...冒险，以…...打赌；用桩支撑 其他 【名】 （Stake）（瑞典）斯塔克（人名）,at stake: 危如累卵；处于危险中；在紧要关头 | stake someone to something: 为某人取得某物而提供金钱(或援助)，资助某人取得某物 | equity stake: 股权
creature,/ ˈkriːtʃər /,animal of any type,n. 生物，动物；（具有某种特征的）人,living creature: 生物；生命单位 | fellow creature: 同类动物；人类 | creature comfort: n. 物质享受（尤指食物）
partnership,/ ˈpɑːrtnərʃɪp /,working with others for some purpose,n. 合伙（关系），合股；合伙企业,strategic partnership: [政治]战略伙伴关系 | in partnership with: 和…合伙(或合作) | limited partnership: 有限责任合伙公司；普通合股公司
participation,/ pɑːrˌtɪsɪˈpeɪʃ(ə)n /,act of being involved in something,n. 参加，参与,participation in: 对…的参与；对…的参加 | active participation: 主动参与；积极参加 | community participation: 社区参与
clause,/ klɔːz /,"a separate part of a contract, a will, or another legal document",n. 从句，分句；（法律文件的）条款 其他 【名】 （Clause）（法）克洛斯（人名）,arbitration clause: 仲裁条款；公断条款 | attributive clause: 定语从句 | relative clause: n. 关系从句
penalty,/ ˈpenəlti /,punishment for committing a crime or offense,n. （因违反法律、规定或合同而受到的）处罚，刑罚；（行为、环境带来的）不利后果，苦难,death penalty: 死刑 | penalty function: 罚函数；[数]补偿函数 | penalty for: 罚金；对…的处罚
chamber,/ ˈtʃeɪmbər /,a room or space inside something used for a special purpose,n. 房间，室；会议厅，会所 v. 把子弹送入弹膛；把……关在房间里 adj. 室内的；私人的，秘密的 其他 【名】 （Chamber）（英）钱伯（人名）,chamber of commerce: 商会 | combustion chamber: [机]燃烧室 | red chamber: （加拿大议会）参议院
fancy,/ ˈfænsi /,"not plain or ordinary, expensive",v. <英，非正式> 喜欢，想要；<英，非正式> 爱恋，爱慕 n. 喜欢，想要；想象，想象力，想象的事物 adj. 时髦的，奢华的；华丽的，花哨的 其他 【名】 （Fancy）范茜（人名）,take a fancy to: 喜欢；爱上 | fancy yarn: 花式纱 | fancy dress: n. 化装舞会所穿着的服装
poetry,/ ˈpoʊətri /,poetic writing; imaginative verses,n. 诗歌；诗一般的美丽，诗的意境,poetry creation: 诗歌文本 | lyric poetry: 抒情诗 | epic poetry: 史诗
chat,/ tʃæt /,to talk in a friendly and relaxed manner,v. 闲聊，聊天 n. 闲聊，聊天；鸣禽 其他 【名】 （Chat）（英、美、泰）沙（人名）,chat with: 同…聊天，和…聊天 | chat room: 聊天室 | have a chat: 聊天；谈天；闲谈
clothing,/ ˈkloʊðɪŋ /,things you wear on your body,n. 衣服，（尤指某种）服装 v. 给……穿衣，为……提供衣服，赋予（某人某品质）（clothe 的现在分词）,clothing industry: 服装工业；制衣业；缝纫业 | protective clothing: 防护衣；防护罩，安全罩 | clothing store: 服装店；成衣店
evolve,/ ɪˈvɑːlv /,to slowly change or develop into something better,v. 进化，演化；逐步发展，逐渐演变,evolve into: vt. 发展成，进化成 | evolve from: v. 由…进化
sake,/ seɪk /,interest or benefit of someone or something,n. 利益，好处；目的 其他 【名】 （Sake）（罗）萨克，（日）酒（姓）（人名）,for the sake: 为了…；为了...的利益 | for the sake of: 为了；为了…的利益 | for god's sake: 看在上帝面上
shelf,/ ʃelf /,flat board attached to a wall on which to store things,n. 搁板，架子；（尤指水中）陆架，底岩 v. <非正式>告发（某人）,on the shelf: 在书架上；束之高阁；被搁置的；闲置的 | shelf life: n. 保存限期；贮藏寿命；闲置时间；适用期 | off the shelf: 现成的，不用定制的
boost,/ buːst /,to help increasing progress or growth,v. 使增长，推动；<美，非正式>偷窃 n. 推动，促进；广告，宣扬 其他 【名】 （Boost）（英）布斯特，（德）博斯特（人名）,boost up: 向上推 | boost pressure: 升压；吸入管压力
tail,/ teɪl /,back end of an animal's body that sticks out,n. （动物的）尾巴；（一些蝴蝶的）狭翅须 v. 跟踪，盯梢；（飞行物体）曲线移动,tail gas: 尾气；废气 | tail end: 末端；结束 | the long tail: 长尾理论；长尾巴
possession,/ pəˈzeʃn /,having or owning something,n. <正式> 拥有，持有；个人财产，所有物,in possession of something: 拥有(或占有)某物 | in possession: 占有，持有 | in possession of: 拥有，占有
abortion,/ əˈbɔːrʃ(ə)n /,a medical operation to end the time when a female is going to have a baby,n. 流产，堕胎；失败,induced abortion: n. [医]人工流产 | spontaneous abortion: 自然流产；自发性流产 | threatened abortion: 先兆流产
curious,/ ˈkjʊriəs /,wanting to know more about something,adj. 好奇的，求知欲强的；稀奇的，不寻常的,curious about: 好奇；想知道
wooden,/ ˈwʊd(ə)n /,made of wood,adj. 木制的；（行为）僵硬的，呆板的,wooden furniture: 木制家具；木家具 | wooden box: 木箱；木盒子 | wooden floor: 木质地板
boom,/ buːm /,to make a deep hollow resonant sound,n. 繁荣；流行，风靡 v. 迅速发展，繁荣；轰鸣，轰响 其他 【名】 （Boom）（英、美、荷、俄、比、德）博姆（人名）,economic boom: 经济繁荣，经济腾飞 | baby boom: 婴儿潮；生育高峰 | business boom: 商业繁荣，生意兴隆
tale,/ teɪl /,story about colorful and imaginary events,n. 故事，传说；（对真人真事精彩的或夸张的）描述，讲述,fairy tale: 神话故事，童话；谎言 | folk tale: 民间故事 | tell the tale: 编讲悲惨的往事
democratic,/ ˌdeməˈkrætɪk /,of democracy; entitling the people to power,adj. 平等的，有民主精神的；民主政体的,democratic party: （美）民主党 | democratic centralism: 民主集中制 | democratic revolution: 民主革命
maintenance,/ ˈmeɪntənəns /,keeping (a machine) working by checking and fixing it,n. 维护，保养；保持，维持,operation and maintenance: 使用和维护 | equipment maintenance: 设备维修；设备保养 | maintenance cost: 维护费用
consequently,/ ˈkɑːnsɪkwentli /,therefore; as a result of something,adv. 因此，结果,
pot,/ pɑːt /,"deep, round container that is used for cooking",n. 锅；（盛食品的）罐，瓶 v. 把（植物）栽入盆中；将（食物）用密封罐煮（或储存） 其他 【名】 （Pot）（柬）布特，（捷）波特，（法）波（人名）,hot pot: 火锅；干锅，干煸类 | pots and pans: 坛坛罐罐；炊事用具 | pot of gold: 一罐金子；装金子的罐子；最终宝藏
cow,/ kaʊ /,large farm animal from which we get milk and beef,n. 母牛，奶牛；雌性动物 v. 恐吓，威胁,milk cow: 奶牛；乳牛 | dairy cow: n. 奶牛；乳牛 | cash cow: 摇钱树；巨大财源
strengthen,/ ˈstreŋ(k)θ(ə)n /,to make something stronger,v. 使（情感、决心等）更强烈，使（关系）更加紧密；巩固（地位），加强（实力）,strengthen environmental protection: 加强环境保护 | strengthen the awareness: 提高意识；强化意识 | strengthen unity: 加强团结
whilst,/ waɪlst /,during the time that; at the same time,conj. <英，正式>当……的时候；与…同时,
constraint,/ kənˈstreɪnt /,something that limits or prevents someone or something from moving,n. 限制，束缚；克制，拘束,constraint condition: 约束条件 | constraint equation: 约束方程式 | budget constraint: 预算约束；预算限制
fold,/ foʊld /,to move one part of something so that it lies on top of another part,v. 折叠，对摺；倒闭，垮掉 n. 褶，褶皱；折叠,fold up: 倒闭；撒手；垮台；放弃 | fold belt: 褶皱带 | fold increase: 成倍增加
bin,/ bɪn /,a container for storing things,n. 垃圾桶；储物箱 v. 把……扔进垃圾箱；摒弃，拒绝 其他 【名】 （Bin）（美、意）本（人名）,osama bin laden: 奥萨马·本·拉登 | recycle bin: 回收站；资源回收筒 | rubbish bin: 垃圾筒，垃圾桶
undergo,/ ˌʌndərˈɡoʊ /,"to experience something, often bad",v. 经历，经受,
potentially,/ pəˈtenʃəli /,that could happen or become reality,adv. 可能地，潜在地,
scope,/ skoʊp /,range of things that something includes,n. 范围，领域；（发挥能力的）机会，施展余地 v. 评估，调查（scope sth. out）；确定（规划项目）的范围,within the scope of: 在…范围内 | business scope: 营业范围 | scope of application: 适用范围
pretend,/ prɪˈtend /,to act as if something is true when it is not,v. 伪装，假装；（玩游戏时）假扮，装扮 adj. <非正式>假装的，假想的（尤为儿童使用）,
diversity,/ daɪˈvɜːrsəti; dɪˈvɜːsɪti /,state or quality of having a range of different things,n. 多样性，多样化；不同，差异,species diversity: 物种多样性；歧异度 | biological diversity: 生物多样性；生物差异 | diversity index: 多样性指数；歧异度指数
allege,/ əˈledʒ /,to state without proof,v. (未经证实地）宣称，指控,
pride,/ praɪd /,when you respect yourself,n. 自豪（感）；自尊（心） v. 以……自豪（pride oneself on/upon） 其他 【名】 （Pride）（英）普赖德（人名）,pride in: 以…为傲 | the pride of: ...的全盛期 | take pride in: v. 以…为傲
intense,/ ɪnˈtens /,"very strong, great, or extreme in degree",adj. 很大的，十分强烈的；严肃紧张的，激烈的,intense competition: 激烈的竞争 | intense emotion: 激情 | intense pain: 剧烈疼痛；剧痛
inquiry,/ ˈɪnkwəri; ɪnˈkwaɪəri /,request for information,n. 询问，疑问；调查，审查,inquiry into: 调查，查询；对…的调查；询问 | inquiry learning: 探究性学习 | inquiry system: 查询系统
resign,/ rɪˈzaɪn /,to leave a job because you want to,v. 辞（职），放弃（工作或职位）；（使）听任，（使）顺从（~ oneself to）,resign from: 辞职
craft,/ kræft /,to make by hand and with much skill,n. 工艺，手艺；船，艇，飞行器 v. 精心制作 其他 【名】 （Craft）（英、德、罗）克拉夫特（人名）,craft brother: n. 同行 | art and craft: 工艺品 | space craft: 宇宙飞船
strict,/ strɪkt /,must be obeyed,adj. 要求严格的，严厉的；（命令或规则）必须严格遵守的,strict control: 严格控制 | strict with: 对…要求严格 | strict liability: 严格责任；严格赔偿责任
concrete,/ ˈkɑːnkriːt /,"hard substance used in building made by mixing cement, sand, small stones, and water",adj. 确实的，具体的；实在的，有形的 n. 混凝土 v. 用混凝土覆盖（或做成）；<旧>（使）凝固，（使）凝结,reinforced concrete: n. 钢筋混凝土 | in the concrete: 实际上，具体的 | concrete structure: 混凝土结构；具体结构；混凝土建造物
shell,/ ʃel /,hard outer covering that protects,n. （蛋、坚果、某些种子和某些动物的）壳；（甲虫的）鞘翅 v. 剥……壳；炮轰,cylindrical shell: 柱状壳体；筒壳 | shell structure: 壳结构 | in the shell: 尚未成熟，在酝酿之中
damn,/ dæm /,to say someone should be punished for their bad behavior,int. 该死，见鬼（表示很生气或失望）；天啊（表示赞叹或惊奇） adj. 该死的（表示对某人或某物生气）；（用于加强语气）十足的，完全的 adv. 极其，非常；丝毫不 v. 严厉批评，谴责；（表愤怒或厌烦）该死，讨厌，混账 n. 一点点，丝毫；（对……）在乎,damn well: 非常地 | not worth a damn: 不值一文，毫无价值 | god damn: 该死的
distinct,/ dɪˈstɪŋkt /,clearly different in nature from something else,adj. 不同的，有区别的；清楚的，明显的,distinct from: vt. 与……不同
humor,/ ˈhjuːmər /,quality of being funny,n. 幽默，诙谐；心情 vt. 迎合，迁就；顺应,sense of humor: 幽默感，幽默 | good humor: n. 高兴；心情好 | black humor: 黑色幽默（一种病态或异乎寻常的幽默）
limitation,/ ˌlɪmɪˈteɪʃ(ə)n /,act of controlling or reducing the size of something,n. 限制，制约；起限制作用的规则（或事实、条件）,time limitation: 时间限制 | limitation of liability: 责任范围 | space limitation: 空间限制
indication,/ ˌɪndɪˈkeɪʃ(ə)n /,something that signals that something else exists or will happen,n. 指示，标示；象征，暗示，迹象,give clear indication of: 注明 | visual indication: 目测（指示）；可见指示 | fault indication: 故障显示
stability,/ stəˈbɪləti /,quality of not being easily moved or changed,n. 稳定（性），稳固（性）；坚定，恒心,thermal stability: 热稳定性，耐热性；热稳性 | stability analysis: 稳定性分析；稳度分析 | slope stability: 坡面稳定性
wise,/ waɪz /,knowledgeable about life; having good judgment,adj. （行为或决定）明智的，高明的；有学问的，精通的 v. 了解，知道 其他 【名】 （Wise）（英）怀斯（人名）,wise choice: 明智的选择 | wise guy: 自作聪明的人 | get wise: [美国俚语]
neglect,/ nɪˈɡlekt /,to fail to take care of something,v. 疏于照顾，未予看管；不予重视，忽视 n. 忽略，忽视，未被重视,neglect of: 疏忽 | neglect of duty: 玩忽职守；[法]失职；过失责任
compose,/ kəmˈpoʊz /,to come together to form or make something,v. 组成，构成；作曲,compose oneself: 镇静 | compose of: 由…组成
jail,/ dʒeɪl /,place to hold criminals being punished for a crime,n. 监狱；监禁 v. 监禁 其他 【名】 （Jail） （英）杰尔（人名）,in jail: 在监狱；在狱中服刑；被封锁了 | go to jail: 入狱
shelter,/ ˈʃeltər /,a place to live or stay that protects someone from weather,n. 居所，住处；（尤指用以躲避风雨或攻击的）遮蔽物，庇护处 v. 提供庇护，提供保护；躲避，避难 其他 【名】 （Shelter）（英）谢尔特（人名）,shelter oneself: ◎为自己辩解；给自己找借口 | shelter from: 保护某人不受打击 | take shelter: 寻求庇护；避难
mere,/ mɪr /,small and unimportant,adj. 仅仅，只不过；只凭……就足以 n. <旧>小湖，池塘；（尤指毛利人用绿岩制的武器）石棒 其他 【名】 （Mere）（日）目连，（西）梅雷（人名）,mere trifle: 小意思 | a mere nobody: 微不足道的人
carbon,/ ˈkɑːrbən /,a chemical element (C) found in all living things,n. 碳；复写纸 adj. 碳的，碳处理的 其他 【名】 （Carbon）（英）卡本，（西）卡尔翁，（法）卡尔邦（人名）,carbon dioxide: 二氧化碳 | carbon fiber: 碳化纤维，碳素纤维 | carbon steel: [化]碳钢，碳素钢
regulate,/ ˈreɡjuleɪt /,to make rules or laws to control something or someone,v. （用规则条例）控制，管理；调节，调整,
cheese,/ tʃiːz /,a yellow or white food made from milk,n. 干酪，奶酪；（拍照时让人微笑的用语）笑一笑 v. <英，非正式>激怒，使厌烦；停止,cream cheese: n. 奶油干酪 | cheese cake: n. 干酪饼；富于性感的半裸体美女照 | big cheese: 大人物，重要人物；愚蠢或粗鲁的男人
trigger,/ ˈtrɪɡər /,to make something start happening,n. （枪械等的）扳机；（尤指引发不良反应或发展的）起因，诱因 v. 引发，激发；起动，触发 其他 【名】 （Trigger）特里杰（人名）,trigger circuit: [计]触发电路；同步起动电路 | trigger pulse: 触发脉冲 | pull the trigger: 开枪
pipe,/ paɪp /,"tube a round, hollow piece of metal, plastic, or wood",n. 管子，管道；烟斗 v. 用管道运输；传送，播送（音乐、录音） 其他 【名】 （Pipe）（匈）皮佩，（英）派普（人名）,steel pipe: 钢管 | heat pipe: 热管；热导管 | pipe in: v. 用电讯设备传送；用管道输入；吹奏管乐器迎入
destruction,/ dɪˈstrʌkʃn /,damaging something so badly that it no longer exists,n. 破坏，摧毁,destruction of: 摧毁 | weapons of mass destruction: 大规模杀伤性武器 | environmental destruction: 环境破坏
guitar,/ ɡɪˈtɑːr /,stringed musical instrument played with the fingers,n. 吉他，六弦琴,play the guitar: 弹吉他，玩吉他 | electric guitar: 电吉他 | acoustic guitar: 原声吉他；木吉他
flag,/ flæɡ /,"piece of cloth, frequently marked with a colorful symbol or sign",n. 旗帜；国旗 v. 给……做标记；示意……停下来，挥手示停,red flag: n. 红旗；危险信号；[喻]惹人生气的事物 | national flag: n. 国旗 | white flag: 白旗（表示投降）；降旗
piano,/ piˈænoʊ /,keyboard instrument used for playing music,n. 钢琴 n. （Piano）人名；（法、意、葡）皮亚诺,play the piano: 弹钢琴 | piano music: 钢琴曲 | play piano: 弹钢琴
magic,/ ˈmædʒɪk /,a special power that allows impossible things to happen,n. 魔法，法术；魔术，戏法 adj. 魔术的，戏法的；魔法的，魔力的 v. （像）用魔法变出（或使消失、使变成……等） 其他 【名】 （Magic）（美）马吉克（人名）,black magic: n. 魔法；巫术 | magic art: 魔术；妖术；巫术 | as if by magic: adv. 不可思议地
mystery,/ ˈmɪstəri /,"book, play, or film that deals with a solution of a strange crime",n. 难以理解（或解释）的事物，奥秘；神秘的人（或事物） adj. 神秘的，身份不明的,murder mystery: 谋杀之谜
ski,/ skiː /,one of a pair of long flat boards attached to boots for moving smoothly over snow,n. 滑雪（水）板；（车辆的）滑橇 v. 滑雪，滑水 adj. 滑雪的，滑水的,ski resort: 滑雪胜地 | water ski: 滑水橇 | ski jumping: 跳台滑雪（滑雪运动项目之一）
whisper,/ ˈwɪspər /,to talk with breath but no voice,v. 耳语，低语，小声说；（私下或秘密地）传说（某事），谣传 n. 耳语（声），低语（声），私语（声）；沙沙声，飒飒声，潺潺声,in a whisper: 低声地，悄声地
rear,/ rɪr /,towards the back part of something,n. （尤指建筑物或车辆等的）后部，背部（the rear）；（队列的）后方，后尾部队（或舰队） adj. 后方的，背部的 v. 养育，饲养；栽种，培植 adv. 向后，在后面,front and rear: 在前后 | rear axle: 后桥；后轴 | rear wheel: 后轮；后车轮
menu,/ ˈmenjuː /,list of dishes available at a restaurant,n. 菜单；饭菜，菜肴,menu item: [计]菜单项 | menu bar: n. [计]菜单栏 | main menu: 主菜单；主选单；炙单
species,/ ˈspiːʃiːz /,a group of related animals or plant,n. （动植物的）种，物种；种类 adj. 原种的,species diversity: 物种多样性；歧异度 | species composition: 物种组成；种类成分 | species richness: 物种丰富度；种繁富度
moon,/ muːn /,round object circling the earth at night,n. 月亮，月球；月光 v. 懒散度日，浪荡；出神，呆视 其他 【名】 （Moon）（英）穆恩，（瑞典）莫恩，（柬）蒙，（缅）孟（人名）,on the moon: 在月球上 | full moon: 满月 | moon cake: n. 月饼
presumably,/ prɪˈzuːməbli /,concerning a true or likely nature,adv. 大概，可能,
bless,/ bles /,to ask the gods to protect someone or something,v. 求上帝保佑，祈神赐福，祝福；祝圣，使圣洁 int. <英>哎呀，太好啦，太谢谢了 其他 【名】 （Bless）（英、意、德、匈）布莱斯（人名）,god bless: 上帝保佑
airline,/ ˈerlaɪn /,company that flies passengers in its planes,n. 航空公司；输气管（air line） adj. 航线的,airline ticket: 飞机票 | airline industry: 航空公司；航线 | airline company: 航空公司
amendment,/ əˈmendmənt /,"a change, addition, or improvement to something",n. 修正，修订之处；美国宪法修正案（Amendment）,first amendment: 第一修正案（美国宪法，内容有关新闻、出版自由等） | constitutional amendment: 宪法修正案，修宪 | soil amendment: 土壤改良；土壤改良剂
grandmother,/ ˈɡrænmʌðər /,mother of your mother or father,n. （外）祖母，奶奶，外婆；女祖先,maternal grandmother: 外祖母；外婆；姥姥
jury,/ ˈdʒʊri /,group of people who listen to information about something and make a decision,n. 陪审团；（竞赛的）裁判委员会 adj. （航海时）应急的 v. <美>鉴定，评审（艺术品、工艺品展览会或展品） 其他 【名】 （Jury）（英、法）朱里，（西）胡里，（德）尤里（人名）,grand jury: [法]大陪审团 | jury trial: 陪审团审案 | trial by jury: 陪审审判
cooperation,/ koʊˌɑːpəˈreɪʃ(ə)n /,a situation where everyone works together to get something done,n. 合作，协作；协助，配合,economic cooperation: 经济合作 | international cooperation: 国际合作 | in cooperation with: 与…合作
civilian,/ səˈvɪliən /,ordinary person who is not in the army,n. 平民，百姓（区别于军、警） adj. 平民的，民用的,civilian use: 民用 | civilian casualties: 平民伤亡；平民死伤；民众伤亡 | civilian population: 平民；平均人口
composition,/ ˌkɑːmpəˈzɪʃ(ə)n /,something that is created from different parts to make something new,n. 成分构成，成分；（音乐、艺术、诗歌的）作品,chemical composition: 化学成分；化学组成 | mineral composition: 矿物组成，矿物成分 | phase composition: 相组成；相成分；相位成分
coin,/ kɔɪn /,"a small, flat piece of metal used as money",n. 硬币，金属货币；塔罗牌中的一种花色（coins） v. 创造新词，首次使用；铸币，造币 其他 【名】 （Coin）（西、意）科因，（法）库安（人名）,gold coin: 金币；小钱 | false coin: n. 假币 | silver coin: 银币
regardless,/ rɪˈɡɑːrdləs /,without being affected or concerned by something difficult or troubling,adv. 不顾，不加理会；不管怎样，无论如何 adj. 不管的，不注意的,regardless of: 不顾，不管
scan,/ skæn /,to look within something for a particular person or thing,vt. 细看，审视；粗略看，浏览 n. 快速查阅，浏览；（医疗）扫描检查,ct scan: 电脑断层扫描 | line scan: [计]行扫描 | scan rate: 扫描速率；扫描率
bunch,/ bʌntʃ /,group of things of the same kind,n. 束，串，扎；一伙，一群 v. 捆，扎，使集中；收紧，起褶 其他 【名】 （Bunch）（英）邦奇（人名）,a bunch of: 一群；一束；一堆 | a bunch of flowers: 一束花 | a bunch of grapes: 一串葡萄
racial,/ ˈreɪʃ(ə)l /,relating to a person's group based on inherited physical appearance,adj. 种族关系的，种族之间的；人种的，种族的,racial discrimination: 种族歧视 | racial prejudice: 种族偏见 | racial segregation: 种族隔离
greet,/ ɡriːt /,to meet someone with friendly words and actions; to welcome,v. 欢迎，迎接；对……作出反应 其他 【名】 （Greet）（英）格里特（人名）,greet something with something: 对某事作出某种反应
hopefully,/ ˈhoʊpfəli /,in a manner wishing something to happen,adv. 有希望地，有前途地,
sanction,/ ˈsæŋkʃ(ə)n /,action taken to force a country to obey laws,n. 制裁；处罚，惩罚 v. 认可，准许；对……实施制裁，处罚,legal sanction: n. 法律制裁 | economic sanction: [经]经济制裁
trick,/ trɪk /,to make someone believe something that is not true,n. 花招，诡计，骗局；窍门，技巧 v. 欺骗，哄骗；（纹章）（用由字母、符号标明的颜色）给（盾形徽章）勾勒轮廓 adj. 骗人的，使人产生错觉的；<美>（身体部位）虚弱的，有毛病的 其他 【名】 （Trick）（英）特里克（人名）,do the trick: 获得成功 | trick or treat: 不招待就使坏（指万圣节孩子们挨家逐户要糖果等礼物，如不遂愿便恶作剧一番的风俗） | hat trick: 帽子戏法（指连入三球），[板球]连中三柱（使对方三击球手退场）
paragraph,/ ˈpærəɡræf /,section of writing that usually deals with one subject,n. （文章的）段，段落；段落符号 v. 把（文章）分段,new paragraph: 另起一行，新段落 | opening paragraph: 开始部分
maker,/ ˈmeɪkər /,"person, company, or object that creates things",n. 制造者；造物主 n. (Maker)人名；(英)马克尔,decision maker: 决策人 | coffee maker: n. 咖啡壶；咖啡机 | film maker: n. 电影导演；电影制作人
chocolate,/ ˈtʃɔːklət /,a sweet brown food made from cocoa beans,n. 巧克力，朱古力；巧克力糖，夹心巧克力糖 adj. 巧克力的，巧克力味的 其他 【名】 （Chocolate）（葡）绍科拉特（人名）,dark chocolate: 黑巧克力 | chocolate cake: 巧克力蛋糕 | hot chocolate: 热巧克力；巧克力热饮
stimulate,/ ˈstɪmjuleɪt /,excite to action,v. 促进，激发（某事物）；激发，鼓励,stimulate economic growth: 拉动经济增长 | stimulate domestic demand: 刺激国内需求
belt,/ belt /,band of material worn around a person's waist,n. 腰带，皮带；传送带 v. 用腰带系紧；狠打，猛击 其他 【名】 （Belt）（英、法、德、西）贝尔特（人名）,belt conveyor: 皮带运输机，带式运输机 | conveyor belt: 传送带 | orogenic belt: 造山带
potato,/ pəˈteɪtoʊ /,edible vegetable,n. 马铃薯，土豆，洋芋；马铃薯植株,sweet potato: 甘薯 | potato starch: 马铃薯淀粉；生粉；太白粉（台湾叫法） | sweet potato starch: 甘薯淀粉；蕃薯粉；地瓜粉
narrative,/ ˈnærətɪv /,the telling of a story,n. 记叙文，叙述；叙事技巧 adj. 叙述的；叙事体的,narrative poem: 叙事诗；叙述诗 | narrative therapy: 叙事疗法
tissue,/ ˈtɪʃuː /,"piece of thin, soft paper",n. 纸巾，面巾纸；（动物或植物的细胞）组织 v. 用化妆纸揩去；饰以薄纱,tissue engineering: 组织工程学 | soft tissue: 软组织 | tissue culture: 组织培养；体素培养
barely,/ ˈberli /,almost not possible or does not happen,adv. 勉强才能；几乎不，几乎没有,
invent,/ ɪnˈvent /,to create something useful for the first time,v. 发明，创造；编造，虚构,
tourism,/ ˈtʊrɪzəm /,"traveling to new places (e.g., abroad, for vacations)",n. 旅游业，观光业；旅游，观光,tourism industry: 旅游业 | tourism management: 旅游管理 | tourism resource: 旅游资源；观光资源
pro,/ proʊ /,someone who earns money doing something they are particularly good at,n. <非正式>专业人士，职业选手；<非正式>（网球或高尔夫球俱乐部的）专职教练 adj. <美，非正式>职业性的，专业的 prep. 支持，赞成 adv. 正面地，赞成地 其他 【名】 （Pro）（俄、美、意、印、西）普罗（人名）,pro and con: 正反双方；正面和反面 | pro forma: （拉）形式上的；估计的 | pro bono: 无偿的；为了公益；为慈善机构和穷人提供的免费专业服务
stair,/ ster /,steps that go from one level to another,n. 楼梯，阶梯（stairs）；梯级 其他 【名】 （Stair）（英、葡）斯泰尔（人名）,below stairs: 在地下室；在楼下 | stair railing: 楼梯栏杆 | winding stair: 盘旋柱，旋梯
hesitate,/ ˈhezɪteɪt /,to stop before doing something because you are unsure what to do,v. 犹豫，不愿意,don't hesitate: 别再犹豫了 | hesitate in: 吞吞吐吐
shine,/ ʃaɪn /,to make bright light,v. （太阳或其他光源）发光，照耀；（用电筒等）照射 n. 光亮，光泽；擦亮 其他 【名】 （Shine） （英）夏因，（日）新荣（人名）,shine on: 发光；闪耀；照在…上 | shine in: 照射进来 | shine through: 表现出来
motivation,/ ˌmoʊtɪˈveɪʃ(ə)n /,feeling in a person that makes him or her want to do something,n. 动力，诱因；积极性，干劲,learning motivation: n. 学习动机 | intrinsic motivation: 内在动机；内在激励 | achievement motivation: 成就动机
romantic,/ roʊˈmæntɪk /,related to strong feelings of love between two people,adj. （人）浪漫的，有情调的；（事物）富有浪漫色彩的，充满浪漫气息的 n. 浪漫的人；爱幻想的人，空想者,romantic love: 浪漫爱情 | romantic movement: 浪漫主义运动（十八世纪末及十九世纪初西欧掀起的文学艺术运动） | new romantic: 新浪漫；新浪漫主义
firmly,/ ˈfɜːrmli /,"in a hard, steady, unchanging way",adv. 坚固地，牢固地；强而有力地,
interior,/ ɪnˈtɪriər /,inside part of something,adj. 内部的，里面的；国内的，内政的 n. 内部，里面；内陆，腹地,interior design: 室内设计；室内装饰；内部装饰业 | interior decoration: 室内装饰；内部装饰 | interior wall: 内墙
stomach,/ ˈstʌmək /,place in the body where food is broken down so your body can use it,n. 胃；腹部 v. 忍受，承受；吃得下,empty stomach: 空腹 | stomach cancer: 胃癌 | stomach trouble: 胃病
nowhere,/ ˈnoʊwer /,not in or at any place; no place,adv. 无处，哪里都不；不可能看见（或找到）的 n. 不存在的地方，荒芜的地区 adj. <非正式>无望成功的；不知名的,out of nowhere: 不知打哪儿来；突然冒出来；莫名其妙的出现 | nowhere near: 远不及；离…很远 | get nowhere: 一事无成；无进展
pray,/ preɪ /,to wish or hope for something to happen or be true,v. 祈祷，祷告；渴望，祈望 adv. （用于询问或指示）请问，请 其他 【名】 （Pray）（匈） 普劳伊，（英）普雷（人名）,pray for: 恳求，请求
championship,/ ˈtʃæmpiənʃɪp /,sports competition to find the best player or team,n. 锦标赛；冠军称号，冠军地位,open championship: 公开锦标赛
servant,/ ˈsɜːrvənt /,a person who works in another person's house and takes care of them,n. 仆人，佣人；（公司或机构的）雇员，职员 其他 【名】 （Servant）（西）塞尔万特，（法）塞尔旺（人名）,civil servant: 公务员；文职人员 | public servant: 公务员；公仆；公用事业公司或其员工 | servant girl: n. 女仆
immigrant,/ ˈɪmɪɡrənt /,person moving to another country to live there,n. （外来）移民，侨民 adj. 移民的，迁入的,illegal immigrant: 非法移民；非法入境者 | immigrant visa: 移民签证
excess,/ ɪkˈses /,amount that is more than necessary,n. 超过，过量；越轨行为，暴行 adj. 过多的，超额的；额外的，附加的,in excess: 过度；过量地 | in excess of: 超过；较…为多 | excess capacity: 超额生产能力；过剩设备
complexity,/ kəmˈpleksəti /,state of having many parts and not being simple,n. 复杂性，错综复杂；复杂之处，费解之处,computational complexity: 计算复杂性 | time complexity: 时间复杂度 | complexity analysis: 复杂度分析；成分分析
liability,/ ˌlaɪəˈbɪləti /,"something that is owed to someone else (e.g., a debt)",n. （法律上应承担的）责任，义务；惹麻烦的人（或事）,liability company: 有限公司 | limited liability: 有限责任；有限债务责任 | limited liability company: 股份有限公司
surprisingly,/ sərˈpraɪzɪŋli /,in an unexpected way,adv. 惊人地，出人意料地,
extract,/ ˈekstrækt; ɪkˈstrækt /,to take something out of something else,n. 选段，引文；提取物，汁 v. 提取，提炼；取出，拔出,extract from: 从…提取，文件的摘录 | water extract: 水提取物 | plant extract: 植物提取物；植物浸出液
implementation,/ ˌɪmplɪmenˈteɪʃ(ə)n /,"making a law, system, or plan start to happen or be used",n. 实施，执行,project implementation: 项目执行；项目实现 | system implementation: 系统实现 | trial implementation: 试行
bias,/ ˈbaɪəs /,a strong feeling not based on facts to believe one thing over another,n. 偏见，成见；偏好，天赋 v. 使有偏见，使偏心；加偏压（或偏流）于 adj. 偏斜的 adv. 偏斜地 其他 【名】 （Bias）（英）拜厄斯，（法、德、葡、喀）比亚斯（人名）,bias voltage: [电]偏压 | bias current: 偏置电流；偏流 | on the bias: ◎偏斜地，倾斜地，歪斜地
differently,/ ˈdɪfrəntli /,in a way that is not the same,adv. 不同地,
catalog,/ ˈkætəlɔːɡ /,list of items that are available for purchase,n. [图情][计]目录；登记 vt. 登记；为……编目录 vi. 编目录；按确定价格收入目录（等于 catalogue）,product catalog: 产品目录 | card catalog: 图书馆里的卡片目录（等于card catalogue）
continuous,/ kənˈtɪnjuəs /,happening without stops,adj. 连续不断的，持续的；（语法）进行式的,continuous casting: 全连铸；连续浇铸 | continuous improvement: 持续改进；进取不懈 | continuous innovation: 连续创新
golden,/ ˈɡoʊldən /,"made of valuable, heavy, yellow metal",adj. 金制的；金色的 其他 【名】 （Golden）（英、法、罗、德、瑞典）戈尔登（人名）,golden age: 黄金时代；鼎盛时期 | golden yellow: 金黄；金黄色 | golden opportunity: 绝好的机会
stamp,/ stæmp /,small piece of paper you buy to put on a letter that you mail,n. 邮票；印记，戳记 vt. 跺（脚），重踩，重踏；迈着重步走，跺着脚走 其他 【名】 （Stamp）（德）施坦普，（英）斯坦普（人名）,stamp duty: 印花税 | stamp on: 阻拦；踩踏 | stamp out: 扑灭；踩灭
guideline,/ ˈɡaɪdlaɪn /,"rule, instruction, or principle",n. 指导方针，准则；参考,design guideline: 设计方针；设计准则
envelope,/ ˈenvəloʊp /,cover for a letter or card,n. 信封，封皮；气囊,flight envelope: 飞行包线 | nuclear envelope: 核膜；核被膜 | envelope curve: 包络曲线；包迹
knife,/ naɪf /,long piece of metal you use for cutting things,n. 餐刀；刀子，刀具，匕首 v. 用刀伤害（或杀害）；如刀般划过,knife and fork: 刀叉 | under the knife: 在外科手术中 | kitchen knife: 菜刀，厨刀；厨房刀
biological,/ ˌbaɪəˈlɑːdʒɪk(ə)l /,something related to life and living things,adj. 生物的，生物学的，生命的；亲生的,biological characteristics: 生物学特性 | biological treatment: 生物处理 | biological activity: 生物活性
consume,/ kənˈsuːm /,"to eat, drink, buy or use up something",v. 消耗，消费；吃，喝,propensity to consume: 消费倾向 | marginal propensity to consume: [经]边际消费倾向
luxury,/ ˈlʌkʃəri /,something expensive or costly that is not needed which is bought for pleasure,n. 奢华，华贵；奢侈品 adj. 奢侈的，豪华的,luxury hotel: 豪华饭店 | luxury goods: 奢侈品 | luxury car: 豪华车
weekly,/ ˈwiːkli /,happening once a week,adj. 每周的，一周一次的；持续一周的，按周计算的 n. 周报，周刊 adv. 每周，每星期,weekly magazine: 周刊 | weekly report: 周报，每周报告 | entertainment weekly: 娱乐周刊；娱乐周报；每周娱乐
wherever,/ werˈevər /,in any situation or at any time that,conj. 无论在哪里，在任何地方；在任何情况下 adv. 究竟在哪儿（用在疑问句句首，表示惊讶）；无论在哪里，无论去哪里,wherever you go: 无论你去哪里（歌词） | wherever you are: 无论你在哪儿；无论你身在何处
bite,/ baɪt /,to press down on or cut into something with the teeth,v. 咬，咬伤；叮，蜇 n. 咬；一口的量 其他 【名】 （Bite）（匈）比泰（人名）,bite and sup: 饮食 | bite the bullet: 忍痛，咬紧牙关；咬子弹（强忍痛苦） | bite on: 取得，尽力想
printer,/ ˈprɪntər /,machine that makes copies of papers and documents,n. 打印机；印刷商，印刷工人，印刷公司,laser printer: 激光印刷机 | inkjet printer: 喷墨式打印机；喷墨印表机 | default printer: n. 默认打印机
firstly,/ ˈfɜːrstli /,before anything else,adv. （用于引出一系列陈述）首先，第一,
anxious,/ ˈæŋkʃəs /,afraid of what may happen; worried and nervous,adj. 焦虑的，担心的；渴望的，急切的,anxious about: 为……担心；对……着急 | anxious for: 为…而焦虑 | feel anxious: 变得着急
adventure,/ ədˈventʃər /,an exciting and often dangerous experience,n. 冒险（经历），奇遇；冒险的刺激，冒险欲 v. 冒险；大胆说出,adventure film: 惊险片
fence,/ fens /,a wooden or metal structure that separates an area,n. 篱笆，栅栏，围栏；（赛马中的）障碍物 v. （用栅栏、篱笆或围栏）围住，隔开；击剑,over the fence: 越过场端；不讲道理的 ，不公正的 | on the fence: 保持中立；抱观望态度 | fence in: 用栅栅围起来
exhaust,/ ɪɡˈzɔːst /,"to use all of something such as energy, resources, or possibilities; to make someone very, very tired",v. 使精疲力尽；耗尽 n. 废气；排气管，排气装置,exhaust gas: 废气 | exhaust system: 排气系统 | exhaust emission: 废气排放
attraction,/ əˈtrækʃ(ə)n /,interesting place people want to visit,n. 有吸引力的事物；吸引力,tourist attraction: 观光胜地 | attraction for: 对…的吸引力 | sexual attraction: 性吸引力；性诱惑，性引诱
ocean,/ ˈoʊʃ(ə)n /,large body of salt water that covers most of the surface of the earth,n. <美>海洋，大海（the ocean）；（五大洋之一的）洋 其他 【名】 （Ocean）（罗）奥切安（人名）,pacific ocean: n. 太平洋 | atlantic ocean: 大西洋 | in the ocean: 在海洋中；在海洋里
quietly,/ ˈkwaɪətli /,making little sound,adv. 轻轻地，安静地；悄悄地，不张扬地,sit quietly: 静静地坐着
castle,/ ˈkæs(ə)l /,a strong building used in the past to protect people in times of war,n. 城堡，堡垒；（国际象棋中的）车 v. （国际象棋中）王车易位；置……于城堡中 其他 【名】 （Castle）（英）卡斯尔（人名）,windsor castle: 温莎城堡（英国著名城堡） | castle in the air: 空中楼阁；白日梦 | new castle: 纽卡斯尔（城市名，位于美国宾夕法尼亚州西部）
veteran,/ ˈvetərən /,experienced through long service or practice,n. 老兵，退伍军人；经验丰富的人，老手 adj. 经验丰富的，老练的；<英>古老的,
reflection,/ rɪˈflekʃ(ə)n /,"image that you see in a mirror, glass, or water",n. （光、热或声音的）反射；反射光，反射热，回声,seismic reflection: 地震波反射 | on reflection: 经再三考虑 | reflection coefficient: 反射系数
nerve,/ nɜːrv /,long thin cells in the body that makes feeling and movement possible,n. 神经；勇气，胆量 v. 使鼓起勇气，使振作精神,nerve oneself: 鼓起勇气；振作 | optic nerve: 视神经 | peripheral nerve: 末梢神经，外周神经
determination,/ dɪˌtɜːrmɪˈneɪʃ(ə)n /,will to achieve a goal despite difficulties,n. 决心，坚定；决定，裁定,quantitative determination: 定量测定 | orbit determination: 轨道计算，定轨 | sex determination: 性别决定；性决定
altogether,/ ˌɔːltəˈɡeðər /,completely and fully,adv. 完全地；总共,
fiction,/ ˈfɪkʃ(ə)n /,"book or story including ideas, people, and events that are not real",n. 小说；虚构的事，谎言,science fiction: 科幻小说 | stranger than fiction: 奇幻人生（电影名称） | horror fiction: 恐怖小说
carpet,/ ˈkɑːrpɪt /,colored floor covering made of wool or other material,n. 地毯；覆盖地面的一层厚东西 v. 给……铺地毯；厚厚地铺上 其他 【名】 （Carpet）（美、巴、印、法、比）卡尔佩特（人名）,on the carpet: 在考虑中；在审议中 | red carpet: （迎接贵宾用的）红地毯；隆重的接待 | magic carpet: n. （《一千零一夜》中载人飞行的）魔毯；幻想中的神奇无比的交通工具
cluster,/ ˈklʌstər /,"to come together to form a group of people, animals, or things",n. 组，簇；星团 v. 群聚，聚集；（数据点）具近似数值 其他 【名】 （Cluster）（英）克拉斯特（人名）,cluster analysis: 聚类分析；群集分析 | a cluster of: 一群；一组；一串 | cluster sampling: 分组取样；类集抽样；巢式抽样法
confusion,/ kənˈfjuːʒ(ə)n /,not knowing what to do,n. 困惑，不明确；混淆，混同,in confusion: 乱七八糟；处于混乱状态 | chaos and confusion: 混乱与浑沌 | throw into confusion: 打乱；使陷入混乱；使…惊慌失措
hurry,/ ˈhɜːri /,to move quickly,v. 匆忙，急忙；催促 n. 急忙；紧急，赶紧的理由 其他 【名】 （Hurry）（美、英、加、澳、法、丹）赫里（人名）,in a hurry: 立即，匆忙 | hurry up: （使）赶快 | in no hurry: 不着急；不匆忙
logic,/ ˈlɑːdʒɪk /,a way of thinking by using facts and reasoning,n. 逻辑，（做某事的）道理；推理方法，逻辑学,fuzzy logic: 模糊逻辑 | programmable logic: 可编程序逻辑 | logic control: 逻辑控制
controversial,/ ˌkɑːntrəˈvɜːrʃ(ə)l /,"causing a great deal of argument, discussion, or conflict",adj. 有争议的，引发争论的,
raw,/ rɔː /,uncooked,adj. 生的，未煮过的；天然的，未经加工的 n. 擦伤处 其他 【名】 （Raw）（英）罗（人名）,raw material: 原料 | in the raw: 处于自然状态；未开化的；裸体 | raw water: n. 未净化的水
grammar,/ ˈɡræmər /,rules that explain how words are used in a language,n. 语法，文法；（人的）语言知识及运用能力,english grammar: 英语语法；英文文法 | grammar and vocabulary: 语法与词汇 | generative grammar: 生成文法；衍生语法
revise,/ rɪˈvaɪz /,to make changes to improve something,v. 改变，修正；修改，修订（书刊、估算等） n. 修订，校订；（印刷）改样 其他 【名】 （Revise）（法）勒维斯（人名）,revise for: v. 复习功课（迎考）
hint,/ hɪnt /,information that helps you understand or do something more easily,n. 暗示，提示；征兆，迹象 v. 暗示，示意 其他 【名】 （Hint）（英）欣特，（法）安特（人名）,a hint of: 少许，一点点 | hint at: 暗示；对别人暗示… | take a hint: 领会别人的暗示；接受暗示
hook,/ hʊk /,curved or bent tool,n. 钩，挂钩；勾拳 v. 钩住，挂住；（用手臂等身体部位）箍住 其他 【名】 （Hook）（英）胡克，（德、荷）霍克（人名）,off the hook: [口]摆脱困境；脱身 | on the hook: 陷入圈套；拖延 | hook up: 以钩钩住
bell,/ bel /,a hollow metal object shaped like a cup that rings when it is hit,n. 钟，铃；钟声，铃声（the bell） v. 系铃，装；发出响铃（或敲钟）般的声音,ring the bell: 鸣钟；按门铃 | bell the cat: 为大家的利益承担危险 | alarm bell: 警钟；警铃
liquid,/ ˈlɪkwɪd /,basic state of things that is similar to water; not solid or gas,n. 液体，液态物；流音 adj. 液态的，液化的；（资金等）流动的，易变为现金的,liquid crystal: 液晶 | liquid chromatography: 液相色谱法 | liquid phase: 液相
panic,/ ˈpænɪk /,overwhelming feeling of fear and anxiety,n. 恐慌，惊慌；人心惶惶，惶恐不安 adj. 恐慌的 v. （使）恐慌，（使）惊慌失措 其他 【名】 （Panic）（罗）帕尼克（人名）,no panic: [美国俚语]不大高明；平凡 | panic disorder: 惊恐性障碍，恐慌症 | in panic: 惊慌的
uncle,/ ˈʌŋk(ə)l /,brother of your father or mother or the husband of your aunt,n. 叔叔；伯父,your uncle: 你的叔叔；你的舅舅 | uncle sam: [口]山姆大叔（美国政府的绰号） | uncle tom: 汤姆叔叔；逆来顺受的美国黑人
rice,/ raɪs /,white or brown grains from a plant used for food,n. 稻；米饭 vt. 把……捣成米糊状 n. （Rice）人名；（瑞典）里瑟,rice wine: 黄酒；米酒；料酒；加饭酒 | hybrid rice: 杂交稻；杂种稻 | glutinous rice: 糯米
slope,/ sloʊp /,an area of land that is higher on one side than the other,n. 斜坡，斜面；山坡 v. 倾斜，成斜坡；歪斜,slope stability: 坡面稳定性 | rock slope: 岩石边坡；石坡；岩石坡；石流坡 | slope protection: 边坡保护，护坡；护坡工程
happiness,/ ˈhæpinəs /,state of feeling pleased; feeling of satisfaction,n. 快乐，幸福,for your happiness: 祝你幸福；为你的幸福 | happiness consists in contentment: 知足常乐；幸福在于满足 | wealth brings happiness: 财富带来幸福
genuine,/ ˈdʒenjuɪn /,"being real, actual, and not false",adj. 真正的，非伪造的；真诚的，真心的,genuine leather: 真皮 | genuine gold: 纯金，赤金 | genuine diamond: 真钻石的
vessel,/ ˈves(ə)l /,"pot, container",n. 船，舰；（人或动物的）血管，（植物的）导管 其他 【名】 （Vessel）韦塞尔（人名）,pressure vessel: 压力容器 | blood vessel: 血管 | vessel wall: 血管壁；器壁
verb,/ vɜːrb /,word that expresses an action or state,n. 动词；动词词性 n. （Verb）（俄）韦尔布（人名）,verb phrase: 动词短语；动词词组 | transitive verb: 及物动词；单宾动词；外动词 | auxiliary verb: 助动词
reckon,/ ˈrekən /,to believe that something is true or possible; to calculate or guess,v. 估算，计算；<非正式>料想，认为,reckon with: 处理；对付；和…算帐；预料到 | reckon on: 指望；依赖 | reckon in: 把…计算在内
silly,/ ˈsɪli /,lacking seriousness or foolish,adj. 愚蠢的，傻的；嬉笑滑稽的 n. <非正式>傻瓜，笨蛋（尤指儿童） adv. 极度地 其他 【名】 （Silly）（匈、法）西利（人名）,silly season: 新闻缺乏时期 | silly billy: [口]傻瓜；笨蛋 | silly idea: 愚蠢的想法
transportation,/ ˌtrænspərˈteɪʃ(ə)n /,"act, system, or business of moving people or goods from one place to another",n. 运输，运送；交通运输系统,transportation system: 运输系统；交通物流系统 | public transportation: 公共交通，公共运输；公共交通工具 | urban transportation: 城市交通运输；市区运输
harbor,/ ˈhɑːrbər /,area of water protected by land and used by ships,n. 港，海港；避难所 v. 庇护；窝藏 n. （Harbor）（美）哈伯（人名）,pearl harbor: 珍珠港（美国夏威夷港口） | safe harbor: 安全港；避风港 | harbor basin: 港池；港域
comedy,/ ˈkɑːmədi /,"light or funny play or film, usually with a happy ending",n. 喜剧，喜剧片；滑稽的事物，搞笑的东西,divine comedy: n. 神曲（意大利诗人但丁作的叙事诗） | situation comedy: n. （广播、电视的）系列幽默剧 | comedy film: 喜剧片
chase,/ tʃeɪs /,to follow and try to catch someone or something,v. 追逐，追赶；匆忙赶往，急奔 n. 追赶，追逐；争取，努力获得 其他 【名】 （Chase）（英）蔡斯，（法）沙斯（人名）,chase after: 追逐；追赶 | cut to the chase: 开门见山；提到关键问题；转入（或切入）正题 | jpmorgan chase: 摩根大通公司
storage,/ ˈstɔːrɪdʒ /,a safe place to keep something until it is needed,n. 储存，贮藏；（信息的）存储，存储空间 adj. 储存的,data storage: 数据存储 | storage system: 存储系统；存储器存储系统 | energy storage: 蓄能；能量储存；储能器
universe,/ ˈjuːnɪvɜːrs /,all of space and everything in it,n. 宇宙，天地万物（the universe）；领域，体系,universe of discourse: n. 论域；讨论或辩论的范围 | island universe: 岛宇宙 | universe toy company: 宇宙玩具公司
horrible,/ ˈhɔːrəb(ə)l /,very unpleasant,adj. 可怕的，令人恐惧的；糟糕的，讨厌的,
sheep,/ ʃiːp /,farm animal kept for meat and wool,n. 羊，绵羊；胆小鬼,black sheep: 败家子；害群之马 | lost sheep: 迷途羔羊（误入歧途的人） | sheep and goats: 善人与恶人 （来自《圣经》）；好人与坏人
lover,/ ˈlʌvər /,a person who likes someone or something very strongly,n. （非婚的）情人；爱好者 其他 【名】 （Lover）（英）洛弗（人名）,dream lover: n. 梦中人
rat,/ ræt /,an animal that looks like a large mouse,n. 老鼠；<非正式>卑鄙小人（尤指欺诈或变节者） v. 捕（捉）老鼠，灭鼠；<非正式> 告发，告密 int. （rats） <非正式>胡说，去你的（用以表示轻度烦恼，恼怒） 其他 【名】 （Rat）（法、意、印、瑞典）拉特，（泰）叻（人名）,smell a rat: 感到不妙；感到有可疑之处 | rat race: n. [俚]激烈竞争（商业上）；无意义的竞争；[电]环形导波管 | like a drowned rat: 浑身湿透（象落汤鸡）
portrait,/ ˈpɔːrtrət /,"painting, drawing, or photograph of a person's head and shoulders",n. （尤指只刻画脸、头和肩部的）肖像，照片，雕像；描绘，描述 adj. （纸张、页面、照片等）竖式的，纵向的 其他 【名】  (Portrait）（法）波特雷（人名）,head portrait: 头像 | phase portrait: 相位图；相图 | family portrait: 全家福
innocent,/ ˈɪnəs(ə)nt /,not having done anything wrong or bad,adj. 天真的，幼稚的；清白的，无罪的 n. 天真无邪的人，幼稚的人；无辜的受害者（尤指犯罪或战争的受害者） 其他 【名】 （Innocent）（英、西）因诺森特，（法）伊诺桑（人名）,innocent of: 无罪的，清白的 | innocent blood: 无辜人的血；无辜之血；不死的传说（美国恐怖戏剧爱情片） | innocent party: 无过失之一方；无辜的一方
substitute,/ ˈsʌbstɪtuːt /,person or thing that takes the place of something,n. 替代品，代替物；（体育比赛中的）替补队员 v. 用……代替；（比赛中）替换（运动员） adj. 替代性的,substitute for: 代替，取代 | substitute fuel: 代用燃料 | substitute material: 代用材料，代用品
supplement,/ ˈsʌplɪmənt /,something added to another thing to make it better,n. 补充物，增补物；营养片剂，补品 v. 增加，增补,dietary supplement: 食品强化剂；食物的补充 | nutritional supplement: 营养补充品；营养增补剂 | food supplement: 食品补充剂；保健品；营养品
adjustment,/ əˈdʒʌstmənt /,a small change to make something function better,n. 调整，校正；（行为、思想的）调节，适应,structural adjustment: 结构调整，薪级结构调整 | price adjustment: 价格调整；调价 | speed adjustment: 速度调节，速度调整
reasonably,/ ˈriːz(ə)nəbli /,in a fair and just manner,adv. 尚可，过得去；理性地，通情达理地,
filter,/ ˈfɪltər /,device to remove unwanted substances from a liquid or gas,n. 过滤器；滤光器，滤声器，滤波器 v. 过滤；渗入，透过 其他 【名】 （Filter）（德）菲尔特（人名）,kalman filter: 卡尔曼滤波器 | air filter: 空气过滤器 | digital filter: 数字滤波器
flexible,/ ˈfleksəb(ə)l /,capable of being easily bent or changed without breaking,adj. 灵活的；柔韧的，易弯曲的,flexible packaging: 软包装；软质包装 | flexible manufacturing: 柔性制造；柔性生产 | flexible graphite: 柔性石墨
abstract,/ ˈæbstrækt /,concerning something that doesn't exist physically,adj. 抽象的，纯概念的；（艺术）抽象派的 n. 摘要，梗概；抽象画，抽象派艺术作品 v. 抽象化，从理论上（或孤立地）考虑；提取，使分离,in the abstract: 抽象地；理论上；概括地 | abstract art: n. 抽象派；抽象主义 | abstract class: [计]抽象类（不允许实例化的类）
tent,/ tent /,portable cloth shelter used outdoors,n. 帐篷；西班牙红葡萄酒 v. 由帐篷组成，用帐篷（或帐篷状物）遮盖；使成帐篷状,big tent: 大帐篷政策（包容各种不同的政治和社会观点） | tent city: 帐篷城（搭有很多帐篷的社群的别称） | oxygen tent: [医]氧幕
precise,/ prɪˈsaɪs /,very accurate and exact expression or detail,adj. 精确的，准确的；恰好的，确切的,to be precise: 确切地讲 | to be more precise: 更确切地说 | precise information: 精确资料
distant,/ ˈdɪstənt /,existing or happening far away in space,adj. 遥远的，久远的；冷淡的,distant view: 远景 | distant place: 远方 | in the distant past: 远古
stranger,/ ˈstreɪndʒər /,someone you do not know,n. 陌生人；新来者，异乡人 其他 【名】 （Stranger）（瑞典）斯特朗格，（英）斯特兰杰（人名）,stranger than fiction: 奇幻人生（电影名称） | perfect stranger: 完全不认识的人
shade,/ ʃeɪd /,area of darkness where something stops the light,n. 背阴处，阴凉处；（图画中的）暗处 v. 为……遮阳（挡光），遮蔽（光线）；（用铅笔或加色）描黑，描影 其他 【名】 （Shade）（英、德）谢德（人名）,shades of: [口语]令人想起…的 | in the shade: 在荫凉处 | shade in: 逐渐变成
grain,/ ɡreɪn /,seeds of plants used for food,n. 谷物，谷粒；颗粒，细粒 v. 使表面（或纹理）粗糙；成粒状 其他 【名】 （Grain）（法）格兰（人名）,grain size: 晶粒大小，晶粒尺寸 | in grain: 彻底 | grain production: 粮谷生产，谷物生产
situate,/ ˈsɪtʃueɪt /,to place someone or something in a particular place or position,v. 使位于，使坐落于；把.......放在（特殊的环境中），把......跟（具体情境）联系 adj. <古>位于……的，坐落在……的,
summarize,/ ˈsʌməraɪz /,to state the main or most important ideas of something,v. 总结，概述,
leap,/ liːp /,to move forwards often in big steps,v. 猛冲，突然而迅速地移动；剧增，猛涨 n. 跳跃，跳高；骤变，激增 其他 【名】 （Leap）（美、法、英）莱亚（人名）,by leaps and bounds: adv. 飞跃地，突飞猛进地 | leap forward: 跃进；向前跳；快速发展 | great leap: 大跃进，大步前进
snap,/ snæp /,to break something long and thin,v. （使咔嚓）断裂，绷断；（使啪地）打开，关上，移动 n. 喀嚓声，啪嗒声；快照，照片 adj. 突然的，仓促的 int. <英>真巧啊，一模一样；（呼“同”牌游戏中的）“同！”,in a snap: 马上，立刻 | snap up: 抢购，匆匆吃下，抢先弄到手；锁键调节式 | cold snap: 寒流，寒潮
probability,/ ˌprɑːbəˈbɪləti /,what the chances are that something will happen,n. 可能性，或然性；可能发生的事，可能真实的事,probability distribution: 概率分布 | probability theory: 概率论 | probability density: 概率密度；几率密度
leather,/ ˈleðər /,a material made from the skin of an animal,n. 皮，皮革；（骑摩托车穿的）皮衣，皮夹克 v. <英，非正式>抽打 其他 【名】 （Leather）（英）莱瑟（人名）,leather goods: 皮革制品；皮件 | synthetic leather: 合成革 | leather belt: 皮带
uncertainty,/ ʌnˈsɜːrt(ə)nti /,feeling that you don't really know what will happen,n. 犹豫，无把握；拿不定的事，令人无把握的局面,uncertainty of measurement: 测量不确定度 | uncertainty analysis: 定性分析；不确定性分析 | uncertainty principle: 测不准（不定性）原理
swear,/ swer /,to make a serious promise to do something,v. 咒骂，诅咒；郑重承诺，发誓 n. 宣誓；诅咒,swear by: 对…发誓；[口]极其信赖 | swear an oath: 宣誓 | swear on: v. 凭…发誓
refugee,/ ˌrefjuˈdʒiː /,a person who ran away from his or her country because of war,n. 难民，避难者,refugee camp: 难民营；难民收容所
shore,/ ʃɔːr /,land along the edge of an area of water,n. （海、湖或大河的）滨，岸；沿海国家（或地区）（shores） v. 用支撑物（或梁）支撑；支持，帮助（shore up） 其他 【名】 （Shore）（美、英、加）肖尔 （人名）,shore up: 支持，支撑；加固 | off shore: 离开岸边；在近海处 | on shore: 在岸上；（海员）离船
monthly,/ ˈmʌnθli /,occurring twelve times a year,adj. 每月的，每月一次的；按月支付的，按月计算的 n. 月刊 adv. 每个月，每月一次,
comprise,/ kəmˈpraɪz /,to make up or form something,v. 包括，包含；构成，组成,be comprised of: 由…组成
stir,/ stɜːr /,to mix something by making circular movements in it with a tool,v. 搅拌，搅和（液体等物质）；激发，打动 n. 搅动，搅拌；激动（情绪），愤怒（情绪）,stir oneself: 振作 | stir up: 激起；煽动；搅拌；唤起 | stir in: 一边加原料一边调和
excitement,/ ɪkˈsaɪtmənt /,when people feel very happy and enthusiastic,n. 令人激动（或兴奋）的事，刺激因素；激动，兴奋,
sigh,/ saɪ /,to breathe out in a way to show boredom or disappointment,v. 叹气，叹息；（风）呼啸，呜咽 n. 叹气，叹息（声）；（尤指风发出的）叹息般的声音,with a sigh: 长叹一声 | deep sigh: 深深的叹息 | sigh for: 渴望；为……叹息
pregnancy,/ ˈpreɡnənsi /,time when a female is going to have a baby,n. 怀孕（期），妊娠（期）,ectopic pregnancy: [医]子宫外孕 | tubal pregnancy: 输卵管妊娠 | pregnancy test: 妊娠试验，验孕
experimental,/ ɪkˌsperɪˈment(ə)l /,using techniques that are different or untried before,adj. 实验性的，试验性的；<古>根据经验的，经验上的,experimental result: 实验结果 | experimental data: 实验数据；试验数据 | experimental study: 试验研究；实验性研究
institutional,/ ˌɪnstɪˈtuːʃənl /,concerning a large organization such as a hospital or university,adj. 机构的，慈善机构的；制度的，惯例的,institutional economics: 制度经济学 | institutional innovation: 制度创新，体制创新 | institutional arrangement: 制度安排；制序安排；机构安排
slice,/ slaɪs /,a flat piece of food that has been cut from a bigger piece,n. （切下的食物）薄片，片；（蛋糕等的）小块  v. 把……切成薄片；切，割，划,a slice of: 一片，一份 | thin slice: 薄片 | slice of bread: 面包片
wander,/ ˈwɑːndər /,to move around without purpose,v. 漫游，游荡，漫步，流浪；走神，开小差 n. 游荡，漫步 其他 【名】 （Wander）万德（人名）,wander off: 漫步；漫游；离群走散 | wander about: 徘徊；流浪；漫步 | wander from: 离题
empire,/ ˈempaɪər /,group of countries controlled by one government,n. 帝国；大企业，大集团 其他 【名】 （Empire）（法）昂皮尔（人名）,roman empire: 罗马帝国（指公元前27年到公元476年的罗马奴隶制国家） | british empire: 大英帝国 | empire state: n. 帝国州（美国纽约州的别称）
subsequently,/ ˈsʌbsɪkwəntli /,after something else has happened,adv. 后来，随后,
gentle,/ ˈdʒent(ə)l /,kind and quiet in nature; not harsh or violent,adj. 文静的，温柔的；（动作）轻柔的，徐缓的 v. 使（或变）温柔，（使）平静；使驯服 n. 蛆，饵 其他 【名】 （Gentle）（英）金特尔（人名）,gentle breeze: 微风；[气象]蒲福三级风 | gentle slope: 缓坡；平缓坡度；平缓倾斜 | gentle and soft: 温柔
attendance,/ əˈtendəns /,state of being present at a place or event,n. 出席人数；出席，出勤,attendance at: 出席 | in attendance: 出席；值班；负责 | attendance record: 考勤记录
ownership,/ ˈoʊnərʃɪp /,legal right to have something belong to you,n. 所有权，物主身份,state ownership: 公有制；国家所有制 | private ownership: 私人所有制 | land ownership: 土地拥有权；土地业权
qualification,/ ˌkwɑːlɪfɪˈkeɪʃ(ə)n /,official record proving a certain standard or level,n. （通过考试或学习课程取得的）资格，学历；（胜任某一工作或职位所需的）资历，技能条件,qualification certificate: 资格证书 | professional qualification: 专业资格；职称等级 | qualification test: 资格考试；合格试验；质量鉴定试验
suspend,/ səˈspend /,to stop something for a period of time; to interrupt,v. 暂停，中止；使暂停使用（或生效）,suspend production: 停产 | suspend payment: v. 宣告破产
functional,/ ˈfʌŋkʃən(ə)l /,useful; not just for decoration,adj. 实用的；功能的，机能的,functional food: 功能保健食品 | functional properties: 功能性质 | functional analysis: 功能分析；泛函分析
voluntary,/ ˈvɑːlənteri /,done or given by their own will and not forced to do,adj. 自愿的，自发的，主动的；（机构或组织）志愿的，义务性的 n. （教堂里管风琴演奏的）仪式终始曲；<史>（尤指作为其他作品的序曲，或自由创作的）即兴曲，自由调,voluntary contributions: 自愿捐款 | voluntary agreement: 自愿协议 | voluntary withdrawal: 自动撤销；自动退学
pale,/ peɪl /,light in color,adj. （脸色）苍白的；（颜色）浅的，淡的 v. （脸色）变苍白；（颜色）变淡，变浅 n. （做桩篱用的）板条，尖桩；（喻）界限，范围 其他 【名】 （Pale）（塞）帕莱（人名）,pale yellow: adj. 淡黄色，浅黄色 | turn pale: 变得苍白（脸色） | pale green: 淡绿，浅绿
stain,/ steɪn /,to mark or change the color of something so it looks dirty,v. （被）玷污，留下污渍；给……染色（或着色） n. 污点，污渍；染色剂，着色剂,stain resistance: 抗着色污染；防玷污性 | oil stain: 油渍；油斑；油性着色剂 | gram stain: 革兰氏染色剂
athlete,/ ˈæθliːt /,person trained to compete in sports,n. 运动员，体育健将；擅长运动的人,
organic,/ ɔːrˈɡænɪk /,concerning food made with few or no chemicals,adj. 有机的，绿色的；有机物的，生物的 n. 有机物质；有机食品,organic matter: 有机质；有机物；有机物质 | organic synthesis: [化]有机合成 | organic chemistry: 有机化学
tongue,/ tʌŋ /,part of the mouth that tastes food and is used for speaking,n. 舌，舌头；（供食用的动物的）舌头，口条 v. 用运舌法吹奏（管乐器）；用舌头触碰，舔 其他 【名】 （Tongue）（英）唐（人名）,mother tongue: 母语；本国语言 | tongue in cheek: 挖苦地；不是认真的 | native tongue: 母语
server,/ ˈsɜːrvər /,a person or thing that brings things to you when asked to,n. 服务器；<美>服务生，服务员 其他 【名】 （Server）（美、俄、西、法）塞尔韦尔（人名）,web server: [计]网络服务器 | application server: 应用服务器；数据库服务器 | proxy server: 代理服务系统
structural,/ ˈstrʌktʃərəl /,related to the way something is built or organized,adj. 建筑结构的；建筑用的,structural adjustment: 结构调整，薪级结构调整 | structural design: 结构设计 | structural analysis: 结构分析
website,/ ˈwebsaɪt /,a set of internet pages that give information about a particular person or organization,n. 网站（全球资讯网的主机站）,website design: 网站设计 | website promotion: 网站推广 | website development: 网站开发；网页设计
fool,/ fuːl /,a stupid or silly person,n. 傻瓜，笨蛋；<美，非正式>（对某物）有癖好的人，……迷 v. 开玩笑，戏谑；愚弄，欺骗 adj. <美，非正式>愚蠢的，傻的；愚蠢的，傻的,april fool: 愚人节；愚人节中受愚弄者 | fool around: 闲荡；游手好闲；干无用的事 | make a fool of: 愚弄；欺骗
alongside,/ əˌlɔːŋˈsaɪd /,side by side with something,prep. 在……旁边；沿着……的边 adv. 在旁边,alongside of: 与…并肩；在旁边
unite,/ juˈnaɪt /,to join or come together as one,v. （使）联合，（使）团结；统一，使统一,unite with: 联合；混合
gently,/ ˈdʒentli /,"in a mild, careful, and soft manner",adv. 文静地，温柔地；轻柔地,
compute,/ kəmˈpjuːt /,to find out by calculating or estimating,v. 估算，计算；<美，非正式>不合情理，讲不通 n. 计算，估计,beyond compute: 不可计量，无法计算；难以估计
wipe,/ waɪp /,to clean or dry something with a cloth,v. （用布、手等）擦干净，抹掉；擦掉（液体、污垢、印迹） n. （湿）抹布，纸巾；擦，拭，擦净,wipe out: 消灭，彻底摧毁；垮台；（滑雪等时的）翻倒；[电信]封闭 | be wiped out: [美国俚语] | wipe off: 除去；还清；洗刷
weird,/ wɪrd /,odd or unusual,adj. 奇怪的，不寻常的；怪异的，超自然的 n. 命运；预言者 v. <美，非正式>使心生疑惑，使感到疏远,
gaze,/ ɡeɪz /,a long continuous look at someone or something,v. 凝视，注视 n. 凝视，注视；特定视角，特定角度 其他 【名】 （Gaze）（俄、意）加泽，（德）加策（人名）,gaze at: 盯住；凝视 | at gaze: ◎【纹章学】(鹿或类似鹿的动物)从旁看去似在盯着人看的，侧身正视的 | gaze out: 向外注视
fade,/ feɪd /,to lose strength or freshness,v. 逐渐消失；（使）褪色，（使）变暗 n. 淡入，淡出；褪色，变暗 adj. 平淡的，乏味的 其他 【名】 （Fade）（法）法德（人名）,fade away: 逐渐消失 | fade out: v. 淡出；渐弱 | fade in: 淡入；渐显
cough,/ kɔːf /,"to force air through your throat with a short, loud noise",v. 咳嗽；发出咳嗽般的声音 n. 咳嗽（病）；咳，咳嗽声 其他 【名】 （Cough）（英、美）考夫（人名）,chronic cough: 慢性咳嗽，久咳（嗽） | cough up: 咳出；勉强说出；[俚]被迫付出 | cough syrup: 止咳糖浆；咳嗽糖浆
hypothesis,/ haɪˈpɑːθəsɪs /,idea that leads to further study or discussion,n. 假说，假设；（凭空的）猜想，猜测,hypothesis testing: 假设检验；假设测算 | hypothesis test: 假设检验 | efficient market hypothesis: 有效市场假说；有效率市场假说
royal,/ ˈrɔɪəl /,concerning a king or queen,adj. 国王的，女王的，王室的；（用于机构或组织名称）皇家的  n. <非正式>王室成员；（鸣钟术）敲奉十口钟的变换响,royal family: 王室；皇族 | royal jelly: 蜂王浆，王浆 | royal society: （英）皇家学会
theoretical,/ ˌθiːəˈretɪk(ə)l /,involving the uncertain or yet to be proved parts of a particular subject,adj. 理论的；理论上存在的，假设的,theoretical basis: 理论基础 | theoretical foundation: 理论基础 | theoretical model: 理论模型
curtain,/ ˈkɜːrt(ə)n /,piece of cloth used to cover a window,n. 窗帘，门帘；帘状物，幕状物（如浓烟或大雨等） v. 给（窗户或房间）装上帘子；（用帘子）隔开，覆盖,curtain wall: 幕墙；护墙 | glass curtain wall: 玻璃幕墙 | behind the curtain: adv. 幕后；秘密
mayor,/ ˈmeɪər /,head of a city's government,n. （英格兰、威尔士和北爱尔兰由议员选举产生的）镇长，市长；（美国、加拿大等国家公众选举的）市长 其他 【名】 （Mayor）（英）梅厄，（法、西、俄）马约尔（人名）,deputy mayor: 副市长 | lord mayor: n. （英国的）市长大人
darkness,/ ˈdɑːrknəs /,quality of no or little light,n. 黑暗；深色，暗色,heart of darkness: 黑暗之心
aunt,/ ænt /,sister of your father or mother or the wife of your uncle,n. 姑妈，伯母，舅妈，阿姨，婶婶,paternal aunt: 姑母 | agony aunt: （英）问答专栏阿姨；心理咨询阿姨 | great aunt: 叔祖母
tournament,/ ˈtʊrnəmənt /,a competition made up of a series of games between many competitors,n. 锦标赛，联赛；（中世纪的）骑士比武大会,invitational tournament: 邀请赛 | tournament committee: 竞赛委员会 | open tournament: 公开赛
registration,/ ˌredʒɪˈstreɪʃ(ə)n /,act of recording information on an official list,n. 登记，注册，挂号；登记证，注册证,registration form: 登记表，注册表 | image registration: [计]图象配准；光栅重合 | household registration: 户口登记
fragment,/ ˈfræɡmənt /,part that is broken off of something,n. 碎片；片段 v. （使）破碎，分裂,fragment length polymorphism: 片段长度多态性 | restriction fragment: 限制酶断片 | rock fragment: 岩屑，岩石碎块
listener,/ ˈlɪsənər /,someone who pays attention to what is said,n. 听者，认真倾听的人；收听广播节目的人,good listener: 好的倾听者
immigration,/ ˌɪmɪˈɡreɪʃn /,the act of moving from one country to another for good,n. 移民（入境）；移民人数,illegal immigration: 非法移民；非法入境 | immigration office: 移民局 | immigration policy: 移民政策
tender,/ ˈtendər /,loving and gentle,adj. 温柔的，亲切的；（食物）嫩的，软的 v. <正式>提出，提供；投标 n. 投标，投标书；<英>（期货交易中的）交割意向通知书,tender for: 投标 | open tender: 公开招标 | tender offer: 投标报价；招标
density,/ ˈdensəti /,number of people or things in a particular area,n. 稠密，密集；密度,high density: 高密度，密度高 | current density: 电流密度；扩散（弥漫）流密度 | low density: 低密度
ugly,/ ˈʌɡli /,unpleasant to look at; not attractive,adj. 丑陋的，难看的；（通常因涉及暴力、挑衅行为而）令人厌恶的，邪恶的，恶性的,ugly duckling: 丑小鸭；小时难看长大后变得才貌出众的人
module,/ ˈmɑːdʒuːl /,part or unit with a specific job,n. （机器、建筑物等的）组件，模件；（课程的）单元，模块,control module: 控制模块；控制部件 | communication module: [计]通信模块 | display module: 显示组件，显示模组
faithfully,/ ˈfeɪθfəli /,in a trustworthy manner,adv. 忠实地，忠诚地；准确地，如实地,
autumn,/ ˈɔːtəm /,"season when the weather is getting colder, between summer and winter",n. 秋天，秋季；晚年，渐衰期 adj. 秋天的，秋季的 其他 【名】 （Autumn）奥特姆（人名）,in autumn: 在秋天 | spring and autumn: 春秋 | spring and autumn period: 春秋时代
cheek,/ tʃiːk /,"soft skin on each side of the face, below the eyes",n. 脸颊，面颊；厚颜无耻，放肆 v. 对……无礼，对……不懂规矩 其他 【名】 （Cheek）（英）奇克（人名）,cheek by jowl: adv. 紧密地 | turn the other cheek: 容忍；不愿反抗 | cheek bone: 颧骨
attachment,/ əˈtætʃmənt /,strong affection for someone,n. 附加设备，附属物；（邮件）附件,emotional attachment: 情绪依恋；情感依附 | attachment point: 阀值；附着点；附保点；接合点
holder,/ ˈhoʊldər /,person who owns or has received something,n. 持有者，占有者；支托物 其他 【名】 （Holder）（英、罗、瑞典、德）霍尔德（人名）,blank holder: 压边圈；防皱压板 | card holder: 持卡人；卡片夹；名片盒 | account holder: 开户人；顾客帐户
solar,/ ˈsoʊlər /,"to do with the sun, like sunlight or the heat from the sun",adj. 太阳的，和太阳有关的；（与）太阳能（有关）的 n. <英>（中世纪房屋的）屋顶室，顶层房间 其他 【名】 （Solar）（法、英、意、西、塞、捷）索拉尔（人名）,solar energy: 太阳能 | solar system: 太阳系 | solar power: 太阳能；太阳能动力
grin,/ ɡrɪn /,to smile a big smile,v. 露齿而笑，咧着嘴笑 n. 露齿的笑，咧着嘴笑 其他 【名】 （Grin）（美、俄）格林（人名）,grin and bear it: 逆来顺受
rose,/ roʊz /,a red flower used to show love,n. 玫瑰，蔷薇；玫瑰形物，玫瑰花饰，玫瑰花形纹章（尤指英国国徽） v. <文>使成玫瑰色，使变红 v. （数字、数量、价值）增加，（质量）提高；升起，达到较高水平（或位置）,red rose: n. 红玫瑰；[史]英国兰开斯特家族族徽 | rose garden: 玫瑰园；蔷薇园 | white rose: 白玫瑰
noun,/ naʊn /,"a word that refers to a person, place, thing, quality, idea, or action",n. 名词 n. （Noun）人名；（以）努恩,noun phrase: 名词短语 | abstract noun: 抽象名词 | proper noun: [语]专有名词
fortunate,/ ˈfɔːrtʃənət /,having good luck,adj. 幸运的；带来幸运的，吉利的,fortunate in: 有好运气；于…很幸运
alright,/ ɔːlˈraɪt /,good; acceptable,adj. 没问题的 adv. 好吧（等于 all right）,
lazy,/ ˈleɪzi /,not liking to work or make an effort,adj. 懒惰的，不愿工作的；悠闲的，懒洋洋的 vi. 懒散地移动或躺下 其他 【名】  （Lazy）（德）拉齐（人名）,lazy dog: 懒汉，懒家伙 | lazy boy: n. 懒惰的男孩 | lazy afternoon: 闲散午后
hello,/ həˈloʊ /,what you say when you meet someone,int. 喂，你好（用于问候或打招呼）；喂，你好（打电话时的招呼语） n. 招呼，问候；（Hello）（法、印、美、俄）埃洛（人名） v. 说（或大声说）“喂”；打招呼,say hello: 打招呼；问好 | hello everyone: 大家好 | hello and welcome: 欢迎莅临
hunger,/ ˈhʌŋɡər /,feeling of needing to eat food,n. 饥饿感；饥饿，饥荒 v. 渴求，渴望；挨饿 其他 【名】 （Hunger）（英）亨格，（德、波）洪格尔（人名）,from hunger: 极差的，蹩脚的，低劣的 | hunger for: v. 渴望 | hunger strike: n. 绝食抗议
insure,/ ɪnˈʃʊr /,to buy protection against possible loss or injury,v. 为……投保；为……提供保险,insure against: v. 给……保险以防
ashamed,/ əˈʃeɪmd /,feeling shame or guilt because you did something wrong,adj. 感到羞愧，感到羞耻；羞于（做某事）,ashamed of: 难为情，害臊；对…感到羞耻；对…感到惭愧 | feel ashamed: 感到羞愧
found,/ faʊnd /,to start something such as a company or organization,v. 创办，成立；建造，兴建 adj. 偶然（或意外）发现的；（艺术）原汁原味的 v. 找到，找回；发现，发觉,found out: 找出 | found on: 基于 | lost and found: 失物招领
blog,/ blɑːɡ /,a website with regularly updated short articles and opinions about a particular topic ,n. 网络日志，博客 v. 写博客,new blog: 新日志 | blog search: n. 博客搜索
thirst,/ θɜːrst /,need for something to drink,n. 渴，口渴；干渴，缺水 v. <文>渴望，渴求；<旧>渴，口渴,thirst for: v. 渴望；热望 | thirst for knowledge: 渴望求知，求知欲 | have a thirst: [口语]想喝杯酒
